Prueba,Nadadora,Año,Club,Tiempo,Fecha,Competicion,Sexo,Parciales,Estado,Motivo
200 Libre,"CORRALEJO FRIAS, Alex",2013,CN Judizmendi,2:46.04,2025-10-25,1ª Jornada Escolar,M,37.30;41.57;43.89;43.28,,
200 Libre,"CASADO BAZAN, Alain",2013,CN Menditxo,2:51.96,2025-10-25,1ª Jornada Escolar,M,40.41;44.00;44.28;43.27,,
200 Libre,"MARTINEZ ROJO, Diego",2013,CN Judizmendi,2:55.40,2025-10-25,1ª Jornada Escolar,M,39.77;45.42;46.60;43.61,,
200 Libre,"RIOS ANSOTEGUI, Iker",2014,CN Judizmendi,2:55.62,2025-10-25,1ª Jornada Escolar,M,38.59;44.71;46.32;46.00,,
200 Libre,"SALOMAO ANTEPARA, Gabriel",2014,CN Menditxo,3:01.30,2025-10-25,1ª Jornada Escolar,M,39.51;46.54;48.80;46.45,,
200 Libre,"SORIGUREN FERNANDEZ, Markel",2013,CN Judizmendi,3:02.56,2025-10-25,1ª Jornada Escolar,M,41.62;48.01;47.75;45.18,,
200 Libre,"GARCIA MENDIA, Miguel",2013,CN Judizmendi,3:03.25,2025-10-25,1ª Jornada Escolar,M,40.27;47.51;49.06;46.41,,
200 Libre,"MARTINEZ DE AGIRRE MARTINEZ, Oihu",2014,CN Menditxo,3:03.43,2025-10-25,1ª Jornada Escolar,M,41.56;47.29;48.51;46.07,,
200 Libre,"GABILONDO IBÁÑEZ DE GAUNA, Ekai",2014,CN Judizmendi,3:06.65,2025-10-25,1ª Jornada Escolar,M,42.75;47.88;49.30;46.72,,
200 Libre,"IBARRARAN RAMIREZ DE OCARIZ, Xabier",2014,CN Judizmendi,3:08.76,2025-10-25,1ª Jornada Escolar,M,40.22;48.35;51.69;48.50,,
200 Libre,"ALAVA DIAZ DE OTAZU, Oier",2014,CN Judizmendi,3:09.34,2025-10-25,1ª Jornada Escolar,M,41.48;48.79;50.24;48.83,,
200 Libre,"DIAZ DE CERIO ABASOLO, Eneko",2013,CN Judizmendi,3:13.07,2025-10-25,1ª Jornada Escolar,M,41.59;51.33;51.69;48.46,,
200 Libre,"ZERUKO CANTERA VAZQUEZ, Adrian",2014,CN Menditxo,3:21.01,2025-10-25,1ª Jornada Escolar,M,45.40;52.88;53.85;48.88,,
200 Libre,"GALARRETA SERRANO, Ibai",2013,CN Zadorra,3:25.00,2025-10-25,1ª Jornada Escolar,M,42.79;52.01;56.86;53.34,,
200 Libre,"GIL LOPEZ, Erik",2014,CN Menditxo,3:35.59,2025-10-25,1ª Jornada Escolar,M,46.24;54.90;58.47;55.98,,
200 Libre,"PLAGARO ROJO, Markel",2014,CN Judizmendi,3:39.82,2025-10-25,1ª Jornada Escolar,M,48.72;57.06;57.93;56.11,,
200 Libre,"ARENAS LOPEZ, Ander",2014,CN Menditxo,3:44.98,2025-10-25,1ª Jornada Escolar,M,49.77;58.49;1:00.48;56.24,,
200 Libre,"EGUIDON VARGAS, Maren",2013,CN Menditxo,2:36.51,2025-10-25,1ª Jornada Escolar,F,36.13;40.26;41.49;38.63,,
200 Libre,"ARAICO QUINTANA, Sara",2013,CN Judizmendi,2:38.18,2025-10-25,1ª Jornada Escolar,F,36.33;40.69;41.27;39.89,,
200 Libre,"GONZALEZ SAENZ DE OLAZAGOITIA, Candela",2013,CN Judizmendi,2:40.10,2025-10-25,1ª Jornada Escolar,F,37.49;41.16;41.98;39.47,,
200 Libre,"FREIRE MARTIN, Haizea",2013,CN Menditxo,2:44.28,2025-10-25,1ª Jornada Escolar,F,37.92;42.71;43.53;40.12,,
200 Libre,"ALVAREZ SERRANO, Iraia",2014,CN Judizmendi,2:45.66,2025-10-25,1ª Jornada Escolar,F,38.64;42.65;42.94;41.43,,
200 Libre,"DAQUANNO, Gaia",2014,CN Menditxo,2:47.98,2025-10-25,1ª Jornada Escolar,F,38.10;42.58;43.67;43.63,,
200 Libre,"CASTRESANA LIÑÁN, Martina",2013,CN Judizmendi,2:48.15,2025-10-25,1ª Jornada Escolar,F,38.64;43.11;43.30;43.10,,
200 Libre,"ARETXEDERRETA PALACIOS, Eider",2014,CN Menditxo,2:58.50,2025-10-25,1ª Jornada Escolar,F,39.85;47.26;48.63;42.76,,
200 Libre,"SANTOS GARCIA, Uxue",2014,CN Menditxo,2:59.46,2025-10-25,1ª Jornada Escolar,F,41.35;46.42;48.61;43.08,,
200 Libre,"HERRERO ALONSO, Miren",2013,CN Judizmendi,2:59.82,2025-10-25,1ª Jornada Escolar,F,39.70;46.42;49.15;44.55,,
200 Libre,"EGUILUZ MANERO, Malen",2014,CN Judizmendi,3:02.67,2025-10-25,1ª Jornada Escolar,F,39.46;47.40;49.09;46.72,,
200 Libre,"PRIETO BOTO, Olatz",2014,CN Menditxo,3:03.72,2025-10-25,1ª Jornada Escolar,F,41.13;46.15;49.31;47.13,,
200 Libre,"HIJONA SANCHEZ, June",2014,CN Judizmendi,3:06.07,2025-10-25,1ª Jornada Escolar,F,41.89;46.61;49.59;47.98,,
200 Libre,"PADILLA MOLDON, Maialen",2013,CN Judizmendi,3:06.64,2025-10-25,1ª Jornada Escolar,F,41.47;47.25;50.34;47.58,,
200 Libre,"MARCO GARCIA, June",2014,CN Menditxo,3:13.34,2025-10-25,1ª Jornada Escolar,F,42.97;50.72;50.90;48.75,,
200 Libre,"CARPIO RODRIGUEZ, Ane",2014,CN Judizmendi,3:19.18,2025-10-25,1ª Jornada Escolar,F,44.28;51.59;53.08;50.23,,
200 Libre,"BALSATEGUI SANCHEZ, Maialen",2013,CN Menditxo,3:19.22,2025-10-25,1ª Jornada Escolar,F,42.76;52.25;54.12;50.09,,
200 Libre,"MENDIBE SAN JUAN, Maider",2014,CN Menditxo,3:19.88,2025-10-25,1ª Jornada Escolar,F,48.22;52.24;51.93;47.49,,
200 Libre,"EGUIGUREN SANCHEZ, Carla",2014,CN Menditxo,3:21.16,2025-10-25,1ª Jornada Escolar,F,42.15;51.64;53.89;53.48,,
200 Libre,"GARCIA BARCINA, Iraia",2014,CI Laudio,3:23.39,2025-10-25,1ª Jornada Escolar,F,46.04;52.20;54.79;50.36,,
200 Libre,"BASTON VARELA, Carla",2014,CN Menditxo,3:23.84,2025-10-25,1ª Jornada Escolar,F,43.96;51.21;55.36;53.31,,
200 Libre,"RODRIGUEZ ZUBIAURRE, Ayla",2014,CN Judizmendi,3:24.83,2025-10-25,1ª Jornada Escolar,F,44.38;52.63;55.72;52.10,,
200 Libre,"IBARRONDO ARRONIZ, Jone",2013,CN Judizmendi,3:25.70,2025-10-25,1ª Jornada Escolar,F,47.15;51.89;54.68;51.98,,
200 Libre,"MARTÍNEZ DE ANTOÑANA VILLASANTE, Iraia",2014,CN Judizmendi,3:27.22,2025-10-25,1ª Jornada Escolar,F,46.05;53.57;56.05;51.55,,
200 Libre,"EL KAISSOUMI JAIFAR, A.",2013,CN Menditxo,3:33.76,2025-10-25,1ª Jornada Escolar,F,44.78;54.39;59.12;55.47,,
200 Libre,"MUGICA DOLK, Greta",2014,CN Judizmendi,3:34.02,2025-10-25,1ª Jornada Escolar,F,47.39;54.36;56.78;55.49,,
200 Libre,"ALONSO VAZ, Himilce",2013,CI Laudio,3:52.14,2025-10-25,1ª Jornada Escolar,F,48.22;59.00;1:03.92;1:01.00,,
200 Libre,"GASTON SOUTO, Nekane",2014,CI Laudio,3:53.94,2025-10-25,1ª Jornada Escolar,F,45.29;58.07;1:06.23;1:04.35,,
200 Libre,"IBISATE GONZALEZ, Udane",2014,CN Judizmendi,3:57.24,2025-10-25,1ª Jornada Escolar,F,52.71;1:01.71;1:02.53;1:00.29,,
200 Libre,"FERNANDEZ MOREIRA, Haizea",2014,CN Menditxo,4:39.25,2025-10-25,1ª Jornada Escolar,F,58.04;1:15.27;1:13.82;1:12.12,,
100 Estilos,"GONZALEZ SAENZ DE OLAZAGOITIA, Candela",2013,CN Judizmendi,1:22.48,2025-10-25,1ª Jornada Escolar,F,37.40;45.08,,
100 Estilos,"EGUIDON VARGAS, Maren",2013,CN Menditxo,1:22.80,2025-10-25,1ª Jornada Escolar,F,37.92;44.88,,
100 Estilos,"FREIRE MARTIN, Haizea",2013,CN Menditxo,1:34.18,2025-10-25,1ª Jornada Escolar,F,45.77;48.41,,
100 Estilos,"HERRERO ALONSO, Miren",2013,CN Judizmendi,1:36.76,2025-10-25,1ª Jornada Escolar,F,47.01;49.75,,
100 Estilos,"VICENTE ESPINOSA, Noa",2013,CN Urgain,1:44.70,2025-10-25,1ª Jornada Escolar,F,51.32;53.38,,
100 Estilos,"GARCIA BARCINA, Iraia",2014,CI Laudio,1:46.51,2025-10-25,1ª Jornada Escolar,F,50.36;56.15,,
100 Estilos,"MONTES LOPEZ, Ane",2013,CN Urgain,1:55.62,2025-10-25,1ª Jornada Escolar,F,52.67;1:02.95,,
100 Estilos,"GASTON SOUTO, Nekane",2014,CI Laudio,1:59.46,2025-10-25,1ª Jornada Escolar,F,57.77;1:01.69,,
100 Estilos,"ALONSO VAZ, Himilce",2013,CI Laudio,2:12.00,2025-10-25,1ª Jornada Escolar,F,59.78;1:12.22,,
100 Braza,"GARCIA MENDIA, Miguel",2013,CN Judizmendi,1:41.76,2025-10-25,1ª Jornada Escolar,M,49.02;52.74,,
100 Braza,"MARTINEZ ROJO, Diego",2013,CN Judizmendi,1:41.81,2025-10-25,1ª Jornada Escolar,M,49.32;52.49,,
100 Braza,"GABILONDO IBÁÑEZ DE GAUNA, Ekai",2014,CN Judizmendi,1:45.04,2025-10-25,1ª Jornada Escolar,M,51.03;54.01,,
100 Braza,"IBARRARAN RAMIREZ DE OCARIZ, Xabier",2014,CN Judizmendi,1:45.15,2025-10-25,1ª Jornada Escolar,M,50.20;54.95,,
100 Braza,"DEL CANTO APELLANIZ, Martin",2013,CN Judizmendi,1:45.94,2025-10-25,1ª Jornada Escolar,M,49.88;56.06,,
100 Braza,"ALAVA DIAZ DE OTAZU, Oier",2014,CN Judizmendi,1:46.21,2025-10-25,1ª Jornada Escolar,M,50.64;55.57,,
100 Braza,"CORRALEJO FRIAS, Alex",2013,CN Judizmendi,1:46.28,2025-10-25,1ª Jornada Escolar,M,50.90;55.38,,
100 Braza,"DIAZ DE CERIO ABASOLO, Eneko",2013,CN Judizmendi,1:46.73,2025-10-25,1ª Jornada Escolar,M,50.34;56.39,,
100 Braza,"SORIGUREN FERNANDEZ, Markel",2013,CN Judizmendi,1:46.80,2025-10-25,1ª Jornada Escolar,M,50.86;55.94,,
100 Braza,"DEL VALLE GARCIA, Hugo",2013,CN Zadorra,1:47.84,2025-10-25,1ª Jornada Escolar,M,52.41;55.43,,
100 Braza,"RIOS ANSOTEGUI, Iker",2014,CN Judizmendi,1:48.43,2025-10-25,1ª Jornada Escolar,M,51.61;56.82,,
100 Braza,"FERNANDEZ DE ROMARATEGUI RUIZ DE EGUINO, A.",2013,CN Urgain,1:57.13,2025-10-25,1ª Jornada Escolar,M,56.81;1:00.32,,
100 Braza,"PLAGARO ROJO, Markel",2014,CN Judizmendi,2:04.31,2025-10-25,1ª Jornada Escolar,M,59.07;1:05.24,,
100 Braza,"ARAICO QUINTANA, Sara",2013,CN Judizmendi,1:26.42,2025-10-25,1ª Jornada Escolar,F,40.68;45.74,,
100 Braza,"CASTRESANA LIÑÁN, Martina",2013,CN Judizmendi,1:35.57,2025-10-25,1ª Jornada Escolar,F,45.14;50.43,,
100 Braza,"HIJONA SANCHEZ, June",2014,CN Judizmendi,1:42.45,2025-10-25,1ª Jornada Escolar,F,48.74;53.71,,
100 Braza,"PADILLA MOLDON, Maialen",2013,CN Judizmendi,1:43.82,2025-10-25,1ª Jornada Escolar,F,49.44;54.38,,
100 Braza,"RODRIGUEZ ZUBIAURRE, Ayla",2014,CN Judizmendi,1:45.44,2025-10-25,1ª Jornada Escolar,F,50.01;55.43,,
100 Braza,"DIAZ CEBALLOS, Laida",2013,CN Urgain,1:49.91,2025-10-25,1ª Jornada Escolar,F,49.85;1:00.06,,
100 Braza,"MUGICA DOLK, Greta",2014,CN Judizmendi,1:51.42,2025-10-25,1ª Jornada Escolar,F,52.28;59.14,,
100 Braza,"EGUILUZ MANERO, Malen",2014,CN Judizmendi,1:52.84,2025-10-25,1ª Jornada Escolar,F,54.63;58.21,,
100 Braza,"IBARRONDO ARRONIZ, Jone",2013,CN Judizmendi,1:52.95,2025-10-25,1ª Jornada Escolar,F,53.52;59.43,,
100 Braza,"BALSATEGUI SANCHEZ, Maialen",2013,CN Menditxo,2:00.27,2025-10-25,1ª Jornada Escolar,F,56.37;1:03.90,,
100 Braza,"MARTÍNEZ DE ANTOÑANA VILLASANTE, Iraia",2014,CN Judizmendi,2:00.53,2025-10-25,1ª Jornada Escolar,F,55.97;1:04.56,,
100 Braza,"GARCIA BARCINA, Iraia",2014,CI Laudio,2:00.54,2025-10-25,1ª Jornada Escolar,F,56.90;1:03.64,,
100 Braza,"IBISATE GONZALEZ, Udane",2014,CN Judizmendi,2:05.41,2025-10-25,1ª Jornada Escolar,F,1:00.66;1:04.75,,
100 Braza,"CARPIO RODRIGUEZ, Ane",2014,CN Judizmendi,2:08.87,2025-10-25,1ª Jornada Escolar,F,1:01.41;1:07.46,,
100 Braza,"GASTON SOUTO, Nekane",2014,CI Laudio,2:11.81,2025-10-25,1ª Jornada Escolar,F,1:00.47;1:11.34,,
100 Braza,"SANZ BASAGUREN, June",2014,CN Judizmendi,2:15.11,2025-10-25,1ª Jornada Escolar,F,1:04.61;1:10.50,,
400 Libre,"GONZALEZ SAENZ DE OLAZAGOITIA, Candela",2013,CN Judizmendi,5:31.11,2025-11-15,2ª Jornada Escolar DFA,F,38.49;41.88;43.03;42.58;42.46;42.16;42.24;38.27,,
400 Libre,"EGUIDON VARGAS, Maren",2013,CN Menditxo,5:31.79,2025-11-15,2ª Jornada Escolar DFA,F,37.34;41.63;42.40;42.70;43.28;42.19;42.43;39.82,,
400 Libre,"ARAICO QUINTANA, Sara",2013,CN Judizmendi,5:45.29,2025-11-15,2ª Jornada Escolar DFA,F,39.00;42.25;43.60;43.89;44.06;44.21;44.98;43.30,,
400 Libre,"ALVAREZ SERRANO, Iraia",2014,CN Judizmendi,5:51.35,2025-11-15,2ª Jornada Escolar DFA,F,39.95;44.81;44.42;44.85;45.05;45.26;45.38;41.63,,
400 Libre,"FREIRE MARTIN, Haizea",2013,CN Menditxo,5:52.17,2025-11-15,2ª Jornada Escolar DFA,F,40.12;44.65;45.03;45.24;45.83;45.31;44.91;41.08,,
400 Libre,"DAQUANNO, Gaia",2014,CN Menditxo,5:54.17,2025-11-15,2ª Jornada Escolar DFA,F,39.57;43.77;45.15;44.87;45.45;46.04;45.89;43.43,,
400 Libre,"CASTRESANA LIÑÁN, Martina",2013,CN Judizmendi,6:01.55,2025-11-15,2ª Jornada Escolar DFA,F,39.88;44.77;45.01;45.39;46.21;46.57;45.99;47.73,,
400 Libre,"HERRERO ALONSO, Miren",2013,CN Judizmendi,6:09.56,2025-11-15,2ª Jornada Escolar DFA,F,39.60;46.16;47.81;47.96;48.12;47.80;46.52;45.59,,
400 Libre,"SANTOS GARCIA, Uxue",2014,CN Menditxo,6:11.28,2025-11-15,2ª Jornada Escolar DFA,F,43.15;47.78;48.26;48.09;47.37;48.09;46.44;42.10,,
400 Libre,"ARETXEDERRETA PALACIOS, Eider",2014,CN Menditxo,6:14.09,2025-11-15,2ª Jornada Escolar DFA,F,41.78;45.90;48.14;49.41;47.93;49.33;48.92;42.68,,
400 Libre,"EGUILUZ MANERO, Malen",2014,CN Judizmendi,6:21.89,2025-11-15,2ª Jornada Escolar DFA,F,43.60;48.25;48.80;49.61;49.59;48.51;48.58;44.95,,
400 Libre,"FERNANDEZ PEREZ DE NANCLARES, N.",2013,CN Menditxo,6:25.62,2025-11-15,2ª Jornada Escolar DFA,F,42.77;49.30;49.20;49.83;49.32;50.24;49.71;45.25,,
400 Libre,"GRISALEÑA SAN JOSE, Olaia",2013,CN Menditxo,6:31.62,2025-11-15,2ª Jornada Escolar DFA,F,41.82;48.78;50.98;51.35;51.60;50.57;50.38;46.14,,
400 Libre,"HIJONA SANCHEZ, June",2014,CN Judizmendi,6:32.95,2025-11-15,2ª Jornada Escolar DFA,F,43.61;47.87;49.52;49.59;49.70;50.01;50.87;51.78,,
400 Libre,"PRIETO BOTO, Olatz",2014,CN Menditxo,6:35.32,2025-11-15,2ª Jornada Escolar DFA,F,43.19;48.78;51.14;52.00;50.51;51.44;50.58;47.68,,
400 Libre,"MARCO GARCIA, June",2014,CN Menditxo,6:41.72,2025-11-15,2ª Jornada Escolar DFA,F,42.06;51.09;51.33;49.98;51.97;53.12;52.48;49.69,,
400 Libre,"EGUIGUREN SANCHEZ, Carla",2014,CN Menditxo,6:58.18,2025-11-15,2ª Jornada Escolar DFA,F,44.72;51.69;52.79;53.96;56.05;54.99;54.18;49.80,,
400 Libre,"BALSATEGUI SANCHEZ, Maialen",2013,CN Menditxo,6:58.30,2025-11-15,2ª Jornada Escolar DFA,F,44.60;51.47;54.32;54.76;53.96;54.91;53.88;50.40,,
400 Libre,"BASTON VARELA, Carla",2014,CN Menditxo,7:03.18,2025-11-15,2ª Jornada Escolar DFA,F,43.86;53.16;55.00;56.28;55.24;54.64;54.85;50.15,,
400 Libre,"MENDIBE SAN JUAN, Maider",2014,CN Menditxo,7:20.03,2025-11-15,2ª Jornada Escolar DFA,F,52.75;55.82;56.92;56.99;56.42;54.39;49.93;56.81,,
400 Libre,"VICENTE ESPINOSA, Noa",2013,CN Urgain,7:20.81,2025-11-15,2ª Jornada Escolar DFA,F,48.58;55.63;57.01;57.57;58.14;57.24;57.25;49.39,,
400 Libre,"ARAUJO CAMPO, Iraide",2014,CI Laudio,7:22.33,2025-11-15,2ª Jornada Escolar DFA,F,49.28;57.58;57.74;57.72;56.11;56.23;56.34;51.33,,
400 Libre,"MONTES LOPEZ, Ane",2013,CN Urgain,7:24.27,2025-11-15,2ª Jornada Escolar DFA,F,46.73;54.44;57.26;58.22;59.83;57.79;58.11;51.89,,
400 Libre,"GARCIA BARCINA, Iraia",2014,CI Laudio,7:27.15,2025-11-15,2ª Jornada Escolar DFA,F,48.36;56.09;58.54;58.96;58.05;57.52;59.39;50.24,,
400 Libre,"ALONSO VAZ, Himilce",2013,CI Laudio,8:14.78,2025-11-15,2ª Jornada Escolar DFA,F,54.35;1:02.75;1:04.49;1:05.81;1:01.24;1:02.97;1:04.85;58.32,,
50 Espalda,"HERRERO ALONSO, Miren",2013,CN Judizmendi,43.82,2025-11-15,2ª Jornada Escolar DFA,F,,,
50 Espalda,"DIAZ CEBALLOS, Laida",2013,CN Urgain,45.46,2025-11-15,2ª Jornada Escolar DFA,F,,,
50 Espalda,"HIJONA SANCHEZ, June",2014,CN Judizmendi,45.63,2025-11-15,2ª Jornada Escolar DFA,F,,,
50 Espalda,"PADILLA MOLDON, Maialen",2013,CN Judizmendi,46.19,2025-11-15,2ª Jornada Escolar DFA,F,,,
50 Espalda,"MUGICA DOLK, Greta",2014,CN Judizmendi,47.19,2025-11-15,2ª Jornada Escolar DFA,F,,,
50 Espalda,"GOMEZ ARTOLA, Ilargi",2013,CN Urgain,47.54,2025-11-15,2ª Jornada Escolar DFA,F,,,
50 Espalda,"RODRIGUEZ ZUBIAURRE, Ayla",2014,CN Judizmendi,47.82,2025-11-15,2ª Jornada Escolar DFA,F,,,
50 Espalda,"IBARRONDO ARRONIZ, Jone",2013,CN Judizmendi,48.13,2025-11-15,2ª Jornada Escolar DFA,F,,,
50 Espalda,"CARPIO RODRIGUEZ, Ane",2014,CN Judizmendi,48.78,2025-11-15,2ª Jornada Escolar DFA,F,,,
50 Espalda,"MARTÍNEZ DE ANTOÑANA VILLASANTE, Iraia",2014,CN Judizmendi,48.96,2025-11-15,2ª Jornada Escolar DFA,F,,,
50 Espalda,"GARCIA BARCINA, Iraia",2014,CI Laudio,49.46,2025-11-15,2ª Jornada Escolar DFA,F,,,
50 Espalda,"IBISATE GONZALEZ, Udane",2014,CN Judizmendi,52.80,2025-11-15,2ª Jornada Escolar DFA,F,,,
50 Espalda,"ALONSO VAZ, Himilce",2013,CI Laudio,53.53,2025-11-15,2ª Jornada Escolar DFA,F,,,
50 Espalda,"SANZ BASAGUREN, June",2014,CN Judizmendi,56.88,2025-11-15,2ª Jornada Escolar DFA,F,,,
100 Mariposa,"EGUIDON VARGAS, Maren",2013,CN Menditxo,1:25.80,2025-11-15,2ª Jornada Escolar DFA,F,39.18;46.62,,
100 Mariposa,"GONZALEZ SAENZ DE OLAZAGOITIA, Candela",2013,CN Judizmendi,1:26.93,2025-11-15,2ª Jornada Escolar DFA,F,39.16;47.77,,
100 Mariposa,"ARAICO QUINTANA, Sara",2013,CN Judizmendi,1:29.25,2025-11-15,2ª Jornada Escolar DFA,F,40.77;48.48,,
100 Mariposa,"CASTRESANA LIÑÁN, Martina",2013,CN Judizmendi,1:34.37,2025-11-15,2ª Jornada Escolar DFA,F,42.39;51.98,,
100 Mariposa,"ALVAREZ SERRANO, Iraia",2014,CN Judizmendi,1:39.47,2025-11-15,2ª Jornada Escolar DFA,F,45.15;54.32,,
100 Mariposa,"EGUILUZ MANERO, Malen",2014,CN Judizmendi,1:43.09,2025-11-15,2ª Jornada Escolar DFA,F,47.66;55.43,,
100 Mariposa,"MUGICA DOLK, Greta",2014,CN Judizmendi,1:50.02,2025-11-15,2ª Jornada Escolar DFA,F,52.94;57.08,,
100 Mariposa,"RODRIGUEZ ZUBIAURRE, Ayla",2014,CN Judizmendi,1:54.69,2025-11-15,2ª Jornada Escolar DFA,F,53.35;1:01.34,,
100 Mariposa,"IBARRONDO ARRONIZ, Jone",2013,CN Judizmendi,1:55.55,2025-11-15,2ª Jornada Escolar DFA,F,54.61;1:00.94,,
100 Mariposa,"PRIETO BOTO, Olatz",2014,CN Menditxo,1:55.58,2025-11-15,2ª Jornada Escolar DFA,F,53.02;1:02.56,,
100 Mariposa,"CARPIO RODRIGUEZ, Ane",2014,CN Judizmendi,1:56.35,2025-11-15,2ª Jornada Escolar DFA,F,53.91;1:02.44,,
100 Mariposa,"GRISALEÑA SAN JOSE, Olaia",2013,CN Menditxo,1:58.89,2025-11-15,2ª Jornada Escolar DFA,F,55.20;1:03.69,,
100 Mariposa,"BALSATEGUI SANCHEZ, Maialen",2013,CN Menditxo,2:07.69,2025-11-15,2ª Jornada Escolar DFA,F,1:01.19;1:06.50,,
100 Mariposa,"SANZ BASAGUREN, June",2014,CN Judizmendi,2:09.53,2025-11-15,2ª Jornada Escolar DFA,F,1:00.68;1:08.85,,
100 Mariposa,"FERNANDEZ MOREIRA, Haizea",2014,CN Menditxo,2:22.24,2025-11-15,2ª Jornada Escolar DFA,F,1:00.35;1:21.89,,
400 Libre,"CORRALEJO FRIAS, Alex",2013,CN Judizmendi,5:56.10,2025-11-15,2ª Jornada Escolar DFA,M,38.60;43.83;45.62;45.18;45.10;45.41;46.43;45.93,,
400 Libre,"CASADO BAZAN, Alain",2013,CN Menditxo,6:04.36,2025-11-15,2ª Jornada Escolar DFA,M,41.10;44.15;44.67;45.08;46.68;47.10;47.81;47.77,,
400 Libre,"RIOS ANSOTEGUI, Iker",2014,CN Judizmendi,6:08.48,2025-11-15,2ª Jornada Escolar DFA,M,42.88;47.21;48.59;48.50;48.39;47.37;43.70;41.84,,
400 Libre,"MARTINEZ ROJO, Diego",2013,CN Judizmendi,6:09.03,2025-11-15,2ª Jornada Escolar DFA,M,39.72;45.52;45.95;47.81;47.77;46.80;47.75;47.71,,
400 Libre,"ANTOLIN CARDENAS, Asier",2014,CN Menditxo,6:21.95,2025-11-15,2ª Jornada Escolar DFA,M,,,
400 Libre,"GARCIA MENDIA, Miguel",2013,CN Judizmendi,6:22.50,2025-11-15,2ª Jornada Escolar DFA,M,41.29;47.84;49.07;49.06;49.00;49.56;49.97;46.71,,
400 Libre,"SALOMAO ANTEPARA, Gabriel",2014,CN Menditxo,6:24.74,2025-11-15,2ª Jornada Escolar DFA,M,39.42;46.78;48.41;51.32;50.00;50.54;50.96;47.31,,
400 Libre,"GABILONDO IBÁÑEZ DE GAUNA, Ekai",2014,CN Judizmendi,6:25.87,2025-11-15,2ª Jornada Escolar DFA,M,43.81;48.67;49.80;49.44;49.55;49.53;49.11;45.96,,
400 Libre,"ALAVA DIAZ DE OTAZU, Oier",2014,CN Judizmendi,6:30.05,2025-11-15,2ª Jornada Escolar DFA,M,44.09;49.19;49.16;50.75;50.02;51.04;49.28;46.52,,
400 Libre,"IBARRARAN RAMIREZ DE OCARIZ, Xabier",2014,CN Judizmendi,6:37.00,2025-11-15,2ª Jornada Escolar DFA,M,43.66;49.30;51.19;51.08;51.90;51.89;51.86;46.12,,
400 Libre,"ZERUKO CANTERA VAZQUEZ, Adrian",2014,CN Menditxo,6:51.09,2025-11-15,2ª Jornada Escolar DFA,M,45.90;53.17;52.95;52.86;54.08;52.47;52.57;47.09,,
400 Libre,"GALARRETA SERRANO, Ibai",2013,CN Zadorra,6:59.12,2025-11-15,2ª Jornada Escolar DFA,M,42.81;49.15;52.14;54.12;56.40;55.43;56.16;52.91,,
400 Libre,"GUTIERREZ ARTOLA, Hegoi",2013,CN Zadorra,7:03.74,2025-11-15,2ª Jornada Escolar DFA,M,43.84;52.72;54.50;55.36;54.03;54.96;54.70;53.63,,
400 Libre,"FERNANDEZ DE ROMARATEGUI RUIZ DE EGUINO, A.",2013,CN Urgain,7:23.57,2025-11-15,2ª Jornada Escolar DFA,M,49.13;56.30;57.03;59.26;56.97;58.23;57.19;49.46,,
400 Libre,"GIL LOPEZ, Erik",2014,CN Menditxo,7:24.48,2025-11-15,2ª Jornada Escolar DFA,M,47.45;55.50;58.42;57.62;56.99;57.72;56.48;54.30,,
400 Libre,"MURGUIA GAINZARAIN, Unax",2014,CN Zadorra,7:27.70,2025-11-15,2ª Jornada Escolar DFA,M,46.56;53.52;58.73;58.13;59.49;58.71;58.55;54.01,,
400 Libre,"ARENAS LOPEZ, Ander",2014,CN Menditxo,7:40.27,2025-11-15,2ª Jornada Escolar DFA,M,51.06;57.44;59.00;1:00.57;1:00.79;1:00.29;58.09;53.03,,
50 Espalda,"GARCIA MENDIA, Miguel",2013,CN Judizmendi,40.91,2025-11-15,2ª Jornada Escolar DFA,M,,,
50 Espalda,"DEL CANTO APELLANIZ, Martin",2013,CN Judizmendi,44.06,2025-11-15,2ª Jornada Escolar DFA,M,,,
50 Espalda,"GUTIERREZ ARTOLA, Hegoi",2013,CN Zadorra,44.37,2025-11-15,2ª Jornada Escolar DFA,M,,,
50 Espalda,"DIAZ DE CERIO ABASOLO, Eneko",2013,CN Judizmendi,47.62,2025-11-15,2ª Jornada Escolar DFA,M,,,
50 Espalda,"FERNANDEZ DE ROMARATEGUI RUIZ DE EGUINO, A.",2013,CN Urgain,48.61,2025-11-15,2ª Jornada Escolar DFA,M,,,
50 Espalda,"GALARRETA SERRANO, Ibai",2013,CN Zadorra,49.49,2025-11-15,2ª Jornada Escolar DFA,M,,,
50 Espalda,"PLAGARO ROJO, Markel",2014,CN Judizmendi,50.97,2025-11-15,2ª Jornada Escolar DFA,M,,,
100 Mariposa,"CORRALEJO FRIAS, Alex",2013,CN Judizmendi,1:29.98,2025-11-15,2ª Jornada Escolar DFA,M,40.96;49.02,,
100 Mariposa,"RIOS ANSOTEGUI, Iker",2014,CN Judizmendi,1:32.43,2025-11-15,2ª Jornada Escolar DFA,M,41.80;50.63,,
100 Mariposa,"MARTINEZ ROJO, Diego",2013,CN Judizmendi,1:34.27,2025-11-15,2ª Jornada Escolar DFA,M,42.75;51.52,,
100 Mariposa,"ALAVA DIAZ DE OTAZU, Oier",2014,CN Judizmendi,1:41.43,2025-11-15,2ª Jornada Escolar DFA,M,46.91;54.52,,
100 Mariposa,"PUENTE GOMEZ, Jon",2013,CN Judizmendi,1:44.93,2025-11-15,2ª Jornada Escolar DFA,M,47.71;57.22,,
100 Mariposa,"DEL CANTO APELLANIZ, Martin",2013,CN Judizmendi,1:46.29,2025-11-15,2ª Jornada Escolar DFA,M,48.82;57.47,,
100 Mariposa,"CASADO BAZAN, Alain",2013,CN Menditxo,1:48.83,2025-11-15,2ª Jornada Escolar DFA,M,50.60;58.23,,
100 Mariposa,"GABILONDO IBÁÑEZ DE GAUNA, Ekai",2014,CN Judizmendi,1:59.46,2025-11-15,2ª Jornada Escolar DFA,M,55.03;1:04.43,,
100 Mariposa,"MONTOYA ESCUDERO, Unax",2014,CN Menditxo,2:13.96,2025-11-15,2ª Jornada Escolar DFA,M,1:01.16;1:12.80,,
100 Mariposa,"PLAGARO ROJO, Markel",2014,CN Judizmendi,2:17.54,2025-11-15,2ª Jornada Escolar DFA,M,1:03.49;1:14.05,,
50 Libre,"GONZALEZ SAENZ DE OLAZAGOITIA, Candela",2013,CN Judizmendi,32.68,2025-12-13,3ª Jornada Escolar DFA,F,,,
50 Libre,"ARAICO QUINTANA, Sara",2013,CN Judizmendi,33.29,2025-12-13,3ª Jornada Escolar DFA,F,,,
50 Libre,"HIJONA SANCHEZ, June",2014,CN Judizmendi,35.32,2025-12-13,3ª Jornada Escolar DFA,F,,,
50 Libre,"CASTRESANA LIÑÁN, Martina",2013,CN Judizmendi,35.34,2025-12-13,3ª Jornada Escolar DFA,F,,,
50 Libre,"ALVAREZ SERRANO, Iraia",2014,CN Judizmendi,35.79,2025-12-13,3ª Jornada Escolar DFA,F,,,
50 Libre,"DIAZ CEBALLOS, Laida",2013,CN Urgain,36.17,2025-12-13,3ª Jornada Escolar DFA,F,,,
50 Libre,"PADILLA MOLDON, Maialen",2013,CN Judizmendi,36.31,2025-12-13,3ª Jornada Escolar DFA,F,,,
50 Libre,"VICENTE ESPINOSA, Noa",2013,CN Urgain,38.38,2025-12-13,3ª Jornada Escolar DFA,F,,,
50 Libre,"RODRIGUEZ ZUBIAURRE, Ayla",2014,CN Judizmendi,38.69,2025-12-13,3ª Jornada Escolar DFA,F,,,
50 Libre,"ARAUJO CAMPO, Iraide",2014,CI Laudio,40.41,2025-12-13,3ª Jornada Escolar DFA,F,,,
50 Libre,"CARPIO RODRIGUEZ, Ane",2014,CN Judizmendi,40.41,2025-12-13,3ª Jornada Escolar DFA,F,,,
50 Libre,"MARTÍNEZ DE ANTOÑANA VILLASANTE, Iraia",2014,CN Judizmendi,41.16,2025-12-13,3ª Jornada Escolar DFA,F,,,
50 Libre,"IBARRONDO ARRONIZ, Jone",2013,CN Judizmendi,41.17,2025-12-13,3ª Jornada Escolar DFA,F,,,
50 Libre,"GARCIA BARCINA, Iraia",2014,CI Laudio,41.35,2025-12-13,3ª Jornada Escolar DFA,F,,,
50 Libre,"GASTON SOUTO, Nekane",2014,CI Laudio,43.12,2025-12-13,3ª Jornada Escolar DFA,F,,,
200 Espalda,"DAQUANNO, Gaia",2014,CN Menditxo,2:58.14,2025-12-13,3ª Jornada Escolar DFA,F,43.20;45.52;45.37;44.05,,
200 Espalda,"EGUIDON VARGAS, Maren",2013,CN Menditxo,3:00.37,2025-12-13,3ª Jornada Escolar DFA,F,41.72;46.16;46.86;45.63,,
200 Espalda,"CASTRESANA LIÑÁN, Martina",2013,CN Judizmendi,3:08.51,2025-12-13,3ª Jornada Escolar DFA,F,45.60;48.04;48.52;46.35,,
200 Espalda,"GONZALEZ SAENZ DE OLAZAGOITIA, Candela",2013,CN Judizmendi,3:09.18,2025-12-13,3ª Jornada Escolar DFA,F,44.85;48.22;49.07;47.04,,
200 Espalda,"ARETXEDERRETA PALACIOS, Eider",2014,CN Menditxo,3:10.38,2025-12-13,3ª Jornada Escolar DFA,F,44.34;49.05;50.39;46.60,,
200 Espalda,"PRIETO BOTO, Olatz",2014,CN Menditxo,3:10.70,2025-12-13,3ª Jornada Escolar DFA,F,45.68;49.42;48.06;47.54,,
200 Espalda,"GRISALEÑA SAN JOSE, Olaia",2013,CN Menditxo,3:10.93,2025-12-13,3ª Jornada Escolar DFA,F,44.10;49.30;50.91;46.62,,
200 Espalda,"ARAICO QUINTANA, Sara",2013,CN Judizmendi,3:16.06,2025-12-13,3ª Jornada Escolar DFA,F,46.41;51.54;51.43;46.68,,
200 Espalda,"MARCO GARCIA, June",2014,CN Menditxo,3:20.96,2025-12-13,3ª Jornada Escolar DFA,F,47.99;52.29;51.87;48.81,,
200 Espalda,"ALVAREZ SERRANO, Iraia",2014,CN Judizmendi,3:23.72,2025-12-13,3ª Jornada Escolar DFA,F,47.74;52.54;52.68;50.76,,
200 Espalda,"HIJONA SANCHEZ, June",2014,CN Judizmendi,3:28.72,2025-12-13,3ª Jornada Escolar DFA,F,47.70;53.60;53.74;53.68,,
200 Espalda,"MARTÍNEZ DE ANTOÑANA VILLASANTE, Iraia",2014,CN Judizmendi,3:32.93,2025-12-13,3ª Jornada Escolar DFA,F,51.65;55.73;54.01;51.54,,
200 Espalda,"PADILLA MOLDON, Maialen",2013,CN Judizmendi,3:34.58,2025-12-13,3ª Jornada Escolar DFA,F,50.39;55.71;56.27;52.21,,
200 Espalda,"CARPIO RODRIGUEZ, Ane",2014,CN Judizmendi,3:37.89,2025-12-13,3ª Jornada Escolar DFA,F,51.03;57.02;56.29;53.55,,
200 Espalda,"RODRIGUEZ ZUBIAURRE, Ayla",2014,CN Judizmendi,3:38.05,2025-12-13,3ª Jornada Escolar DFA,F,50.64;55.53;56.63;55.25,,
200 Espalda,"IBARRONDO ARRONIZ, Jone",2013,CN Judizmendi,3:41.69,2025-12-13,3ª Jornada Escolar DFA,F,54.53;57.25;56.45;53.46,,
200 Espalda,"BASTON VARELA, Carla",2014,CN Menditxo,3:48.69,2025-12-13,3ª Jornada Escolar DFA,F,52.64;57.47;1:00.85;57.73,,
200 Espalda,"BALSATEGUI SANCHEZ, Maialen",2013,CN Menditxo,3:49.08,2025-12-13,3ª Jornada Escolar DFA,F,55.46;58.54;58.94;56.14,,
200 Espalda,"EGUIGUREN SANCHEZ, Carla",2014,CN Menditxo,3:49.68,2025-12-13,3ª Jornada Escolar DFA,F,54.65;1:00.24;59.71;55.08,,
200 Espalda,"MENDIBE SAN JUAN, Maider",2014,CN Menditxo,3:50.38,2025-12-13,3ª Jornada Escolar DFA,F,56.90;1:00.13;58.96;54.39,,
200 Espalda,"EL KAISSOUMI JAIFAR, A.",2013,CN Menditxo,4:10.60,2025-12-13,3ª Jornada Escolar DFA,F,52.89;1:03.27;1:06.02;1:08.42,,
200 Estilos,"EGUIDON VARGAS, Maren",2013,CN Menditxo,3:00.32,2025-12-13,3ª Jornada Escolar DFA,F,37.83;47.41;53.86;41.22,,
200 Estilos,"GARCIA BARCINA, Iraia",2014,CI Laudio,3:47.49,2025-12-13,3ª Jornada Escolar DFA,F,54.76;57.79;1:03.25;51.69,,
200 Estilos,"ARAUJO CAMPO, Iraide",2014,CI Laudio,4:01.45,2025-12-13,3ª Jornada Escolar DFA,F,1:00.59;57.30;1:12.72;50.84,,
50 Libre,"RIOS ANSOTEGUI, Iker",2014,CN Judizmendi,34.20,2025-12-13,3ª Jornada Escolar DFA,M,,,
50 Libre,"CORRALEJO FRIAS, Alex",2013,CN Judizmendi,34.29,2025-12-13,3ª Jornada Escolar DFA,M,,,
50 Libre,"GARCIA MENDIA, Miguel",2013,CN Judizmendi,34.50,2025-12-13,3ª Jornada Escolar DFA,M,,,
50 Libre,"DEL CANTO APELLANIZ, Martin",2013,CN Judizmendi,34.88,2025-12-13,3ª Jornada Escolar DFA,M,,,
50 Libre,"IBARRARAN RAMIREZ DE OCARIZ, Xabier",2014,CN Judizmendi,36.37,2025-12-13,3ª Jornada Escolar DFA,M,,,
50 Libre,"MARTINEZ ROJO, Diego",2013,CN Judizmendi,36.50,2025-12-13,3ª Jornada Escolar DFA,M,,,
50 Libre,"GABILONDO IBÁÑEZ DE GAUNA, Ekai",2014,CN Judizmendi,36.76,2025-12-13,3ª Jornada Escolar DFA,M,,,
50 Libre,"SORIGUREN FERNANDEZ, Markel",2013,CN Judizmendi,37.82,2025-12-13,3ª Jornada Escolar DFA,M,,,
50 Libre,"DIAZ DE CERIO ABASOLO, Eneko",2013,CN Judizmendi,37.97,2025-12-13,3ª Jornada Escolar DFA,M,,,
50 Libre,"MURGUIA GAINZARAIN, Unax",2014,CN Zadorra,42.60,2025-12-13,3ª Jornada Escolar DFA,M,,,
50 Libre,"PLAGARO ROJO, Markel",2014,CN Judizmendi,45.95,2025-12-13,3ª Jornada Escolar DFA,M,,,
200 Espalda,"SALOMAO ANTEPARA, Gabriel",2014,CN Menditxo,3:04.94,2025-12-13,3ª Jornada Escolar DFA,M,44.34;48.13;48.58;43.89,,
200 Espalda,"ANTOLIN CARDENAS, Asier",2014,CN Menditxo,3:06.42,2025-12-13,3ª Jornada Escolar DFA,M,46.17;48.08;48.58;43.59,,
200 Espalda,"MARTINEZ DE AGIRRE MARTINEZ, Oihu",2014,CN Menditxo,3:07.08,2025-12-13,3ª Jornada Escolar DFA,M,44.96;47.84;48.12;46.16,,
200 Espalda,"CORRALEJO FRIAS, Alex",2013,CN Judizmendi,3:08.57,2025-12-13,3ª Jornada Escolar DFA,M,45.21;48.65;49.35;45.36,,
200 Espalda,"RIOS ANSOTEGUI, Iker",2014,CN Judizmendi,3:12.41,2025-12-13,3ª Jornada Escolar DFA,M,46.46;50.93;49.86;45.16,,
200 Espalda,"CASADO BAZAN, Alain",2013,CN Menditxo,3:13.17,2025-12-13,3ª Jornada Escolar DFA,M,46.72;49.58;49.45;47.42,,
200 Espalda,"GARCIA MENDIA, Miguel",2013,CN Judizmendi,3:16.76,2025-12-13,3ª Jornada Escolar DFA,M,46.87;50.59;51.56;47.74,,
200 Espalda,"IBARRARAN RAMIREZ DE OCARIZ, Xabier",2014,CN Judizmendi,3:17.32,2025-12-13,3ª Jornada Escolar DFA,M,46.16;52.37;51.26;47.53,,
200 Espalda,"DEL CANTO APELLANIZ, Martin",2013,CN Judizmendi,3:21.91,2025-12-13,3ª Jornada Escolar DFA,M,48.50;50.78;52.03;50.60,,
200 Espalda,"MARTINEZ ROJO, Diego",2013,CN Judizmendi,3:21.93,2025-12-13,3ª Jornada Escolar DFA,M,48.46;52.24;52.51;48.72,,
200 Espalda,"GABILONDO IBÁÑEZ DE GAUNA, Ekai",2014,CN Judizmendi,3:22.87,2025-12-13,3ª Jornada Escolar DFA,M,48.72;51.96;52.00;50.19,,
200 Espalda,"PUENTE GOMEZ, Jon",2013,CN Judizmendi,3:27.34,2025-12-13,3ª Jornada Escolar DFA,M,51.23;53.60;52.57;49.94,,
200 Espalda,"DIAZ DE CERIO ABASOLO, Eneko",2013,CN Judizmendi,3:29.98,2025-12-13,3ª Jornada Escolar DFA,M,49.24;53.36;54.87;52.51,,
200 Espalda,"SORIGUREN FERNANDEZ, Markel",2013,CN Judizmendi,3:30.22,2025-12-13,3ª Jornada Escolar DFA,M,49.82;53.78;53.97;52.65,,
200 Espalda,"GIL LOPEZ, Erik",2014,CN Menditxo,3:34.03,2025-12-13,3ª Jornada Escolar DFA,M,50.90;54.77;54.70;53.66,,
200 Espalda,"ZERUKO CANTERA VAZQUEZ, Adrian",2014,CN Menditxo,3:35.02,2025-12-13,3ª Jornada Escolar DFA,M,51.72;56.38;55.24;51.68,,
200 Espalda,"GUTIERREZ ARTOLA, Hegoi",2013,CN Zadorra,3:36.56,2025-12-13,3ª Jornada Escolar DFA,M,50.76;57.04;56.29;52.47,,
200 Espalda,"ARENAS LOPEZ, Ander",2014,CN Menditxo,3:53.41,2025-12-13,3ª Jornada Escolar DFA,M,56.42;1:00.92;58.80;57.27,,
200 Espalda,"PLAGARO ROJO, Markel",2014,CN Judizmendi,3:58.70,2025-12-13,3ª Jornada Escolar DFA,M,57.24;1:02.57;1:02.72;56.17,,
50 Libre,"EGUIDON VARGAS, Maren",2013,CN Menditxo,32.30,2025-12-21,Trofeo Olentzero Menditxo,F,,,
50 Libre,"FREIRE MARTIN, Haizea",2013,CN Menditxo,34.06,2025-12-21,Trofeo Olentzero Menditxo,F,,,
50 Libre,"DAQUANNO, Gaia",2014,CN Menditxo,34.87,2025-12-21,Trofeo Olentzero Menditxo,F,,,
50 Libre,"ARETXEDERRETA PALACIOS, Eider",2014,CN Menditxo,35.69,2025-12-21,Trofeo Olentzero Menditxo,F,,,
50 Libre,"PRIETO BOTO, Olatz",2014,CN Menditxo,37.18,2025-12-21,Trofeo Olentzero Menditxo,F,,,
50 Libre,"SANTOS GARCIA, Uxue",2014,CN Menditxo,37.19,2025-12-21,Trofeo Olentzero Menditxo,F,,,
50 Libre,"FERNANDEZ PEREZ DE NANCLARES, N.",2013,CN Menditxo,37.85,2025-12-21,Trofeo Olentzero Menditxo,F,,,
50 Libre,"GRISALEÑA SAN JOSE, Olaia",2013,CN Menditxo,37.88,2025-12-21,Trofeo Olentzero Menditxo,F,,,
50 Libre,"EGUIGUREN SANCHEZ, Carla",2014,CN Menditxo,39.00,2025-12-21,Trofeo Olentzero Menditxo,F,,,
50 Libre,"MARCO GARCIA, June",2014,CN Menditxo,39.14,2025-12-21,Trofeo Olentzero Menditxo,F,,,
50 Libre,"BALSATEGUI SANCHEZ, Maialen",2013,CN Menditxo,42.83,2025-12-21,Trofeo Olentzero Menditxo,F,,,
50 Libre,"BASTON VARELA, Carla",2014,CN Menditxo,43.21,2025-12-21,Trofeo Olentzero Menditxo,F,,,
50 Libre,"MENDIBE SAN JUAN, Maider",2014,CN Menditxo,43.55,2025-12-21,Trofeo Olentzero Menditxo,F,,,
50 Libre,"FERNANDEZ MOREIRA, Haizea",2014,CN Menditxo,53.97,2025-12-21,Trofeo Olentzero Menditxo,F,,,
50 Espalda,"EGUIDON VARGAS, Maren",2013,CN Menditxo,39.81,2025-12-21,Trofeo Olentzero Menditxo,F,,,
50 Espalda,"DAQUANNO, Gaia",2014,CN Menditxo,40.31,2025-12-21,Trofeo Olentzero Menditxo,F,,,
50 Espalda,"GRISALEÑA SAN JOSE, Olaia",2013,CN Menditxo,41.60,2025-12-21,Trofeo Olentzero Menditxo,F,,,
50 Espalda,"ARETXEDERRETA PALACIOS, Eider",2014,CN Menditxo,42.27,2025-12-21,Trofeo Olentzero Menditxo,F,,,
50 Espalda,"FREIRE MARTIN, Haizea",2013,CN Menditxo,42.87,2025-12-21,Trofeo Olentzero Menditxo,F,,,
50 Espalda,"PRIETO BOTO, Olatz",2014,CN Menditxo,43.33,2025-12-21,Trofeo Olentzero Menditxo,F,,,
50 Espalda,"SANTOS GARCIA, Uxue",2014,CN Menditxo,43.45,2025-12-21,Trofeo Olentzero Menditxo,F,,,
50 Espalda,"MARCO GARCIA, June",2014,CN Menditxo,45.91,2025-12-21,Trofeo Olentzero Menditxo,F,,,
50 Espalda,"BASTON VARELA, Carla",2014,CN Menditxo,51.33,2025-12-21,Trofeo Olentzero Menditxo,F,,,
50 Espalda,"BALSATEGUI SANCHEZ, Maialen",2013,CN Menditxo,51.90,2025-12-21,Trofeo Olentzero Menditxo,F,,,
50 Espalda,"FERNANDEZ MOREIRA, Haizea",2014,CN Menditxo,1:03.59,2025-12-21,Trofeo Olentzero Menditxo,F,,,
50 Braza,"EGUIDON VARGAS, Maren",2013,CN Menditxo,44.80,2025-12-21,Trofeo Olentzero Menditxo,F,,,
50 Braza,"ARETXEDERRETA PALACIOS, Eider",2014,CN Menditxo,46.12,2025-12-21,Trofeo Olentzero Menditxo,F,,,
50 Braza,"DAQUANNO, Gaia",2014,CN Menditxo,46.79,2025-12-21,Trofeo Olentzero Menditxo,F,,,
50 Braza,"PRIETO BOTO, Olatz",2014,CN Menditxo,48.06,2025-12-21,Trofeo Olentzero Menditxo,F,,,
50 Braza,"FERNANDEZ PEREZ DE NANCLARES, N.",2013,CN Menditxo,48.43,2025-12-21,Trofeo Olentzero Menditxo,F,,,
50 Braza,"GRISALEÑA SAN JOSE, Olaia",2013,CN Menditxo,48.82,2025-12-21,Trofeo Olentzero Menditxo,F,,,
50 Braza,"FREIRE MARTIN, Haizea",2013,CN Menditxo,50.00,2025-12-21,Trofeo Olentzero Menditxo,F,,,
50 Braza,"EGUIGUREN SANCHEZ, Carla",2014,CN Menditxo,51.78,2025-12-21,Trofeo Olentzero Menditxo,F,,,
50 Braza,"SANTOS GARCIA, Uxue",2014,CN Menditxo,52.33,2025-12-21,Trofeo Olentzero Menditxo,F,,,
50 Braza,"BASTON VARELA, Carla",2014,CN Menditxo,52.40,2025-12-21,Trofeo Olentzero Menditxo,F,,,
50 Braza,"MARCO GARCIA, June",2014,CN Menditxo,52.54,2025-12-21,Trofeo Olentzero Menditxo,F,,,
50 Braza,"MENDIBE SAN JUAN, Maider",2014,CN Menditxo,52.68,2025-12-21,Trofeo Olentzero Menditxo,F,,,
50 Braza,"BALSATEGUI SANCHEZ, Maialen",2013,CN Menditxo,56.24,2025-12-21,Trofeo Olentzero Menditxo,F,,,
50 Mariposa,"EGUIDON VARGAS, Maren",2013,CN Menditxo,35.31,2025-12-21,Trofeo Olentzero Menditxo,F,,,
50 Mariposa,"SANTOS GARCIA, Uxue",2014,CN Menditxo,39.95,2025-12-21,Trofeo Olentzero Menditxo,F,,,
50 Mariposa,"ARETXEDERRETA PALACIOS, Eider",2014,CN Menditxo,40.21,2025-12-21,Trofeo Olentzero Menditxo,F,,,
50 Mariposa,"FREIRE MARTIN, Haizea",2013,CN Menditxo,42.91,2025-12-21,Trofeo Olentzero Menditxo,F,,,
50 Mariposa,"DAQUANNO, Gaia",2014,CN Menditxo,44.43,2025-12-21,Trofeo Olentzero Menditxo,F,,,
50 Mariposa,"FERNANDEZ PEREZ DE NANCLARES, N.",2013,CN Menditxo,45.78,2025-12-21,Trofeo Olentzero Menditxo,F,,,
50 Mariposa,"GRISALEÑA SAN JOSE, Olaia",2013,CN Menditxo,46.38,2025-12-21,Trofeo Olentzero Menditxo,F,,,
50 Mariposa,"MARCO GARCIA, June",2014,CN Menditxo,46.82,2025-12-21,Trofeo Olentzero Menditxo,F,,,
50 Mariposa,"BASTON VARELA, Carla",2014,CN Menditxo,47.13,2025-12-21,Trofeo Olentzero Menditxo,F,,,
50 Mariposa,"PRIETO BOTO, Olatz",2014,CN Menditxo,47.61,2025-12-21,Trofeo Olentzero Menditxo,F,,,
50 Mariposa,"EGUIGUREN SANCHEZ, Carla",2014,CN Menditxo,51.62,2025-12-21,Trofeo Olentzero Menditxo,F,,,
50 Mariposa,"MENDIBE SAN JUAN, Maider",2014,CN Menditxo,52.77,2025-12-21,Trofeo Olentzero Menditxo,F,,,
50 Mariposa,"BALSATEGUI SANCHEZ, Maialen",2013,CN Menditxo,55.95,2025-12-21,Trofeo Olentzero Menditxo,F,,,
50 Mariposa,"FERNANDEZ MOREIRA, Haizea",2014,CN Menditxo,56.61,2025-12-21,Trofeo Olentzero Menditxo,F,,,
50 Libre,"ANTOLIN CARDENAS, Asier",2014,CN Menditxo,32.42,2025-12-21,Trofeo Olentzero Menditxo,M,,,
50 Libre,"MARTINEZ DE AGIRRE MARTINEZ, Oihu",2014,CN Menditxo,35.11,2025-12-21,Trofeo Olentzero Menditxo,M,,,
50 Libre,"SALOMAO ANTEPARA, Gabriel",2014,CN Menditxo,35.13,2025-12-21,Trofeo Olentzero Menditxo,M,,,
50 Libre,"CASADO BAZAN, Alain",2013,CN Menditxo,36.06,2025-12-21,Trofeo Olentzero Menditxo,M,,,
50 Libre,"GIL LOPEZ, Erik",2014,CN Menditxo,40.65,2025-12-21,Trofeo Olentzero Menditxo,M,,,
50 Libre,"MONTOYA ESCUDERO, Unax",2014,CN Menditxo,40.71,2025-12-21,Trofeo Olentzero Menditxo,M,,,
50 Libre,"SEDO MARTIN, Ibai",2014,CN Menditxo,41.25,2025-12-21,Trofeo Olentzero Menditxo,M,,,
50 Libre,"ARENAS LOPEZ, Ander",2014,CN Menditxo,46.74,2025-12-21,Trofeo Olentzero Menditxo,M,,,
50 Espalda,"ANTOLIN CARDENAS, Asier",2014,CN Menditxo,39.63,2025-12-21,Trofeo Olentzero Menditxo,M,,,
50 Espalda,"SALOMAO ANTEPARA, Gabriel",2014,CN Menditxo,40.21,2025-12-21,Trofeo Olentzero Menditxo,M,,,
50 Espalda,"CASADO BAZAN, Alain",2013,CN Menditxo,42.68,2025-12-21,Trofeo Olentzero Menditxo,M,,,
50 Espalda,"GIL LOPEZ, Erik",2014,CN Menditxo,47.91,2025-12-21,Trofeo Olentzero Menditxo,M,,,
50 Espalda,"MONTOYA ESCUDERO, Unax",2014,CN Menditxo,49.62,2025-12-21,Trofeo Olentzero Menditxo,M,,,
50 Espalda,"ARENAS LOPEZ, Ander",2014,CN Menditxo,52.32,2025-12-21,Trofeo Olentzero Menditxo,M,,,
50 Braza,"ANTOLIN CARDENAS, Asier",2014,CN Menditxo,43.25,2025-12-21,Trofeo Olentzero Menditxo,M,,,
50 Braza,"MARTINEZ DE AGIRRE MARTINEZ, Oihu",2014,CN Menditxo,43.79,2025-12-21,Trofeo Olentzero Menditxo,M,,,
50 Braza,"SALOMAO ANTEPARA, Gabriel",2014,CN Menditxo,46.34,2025-12-21,Trofeo Olentzero Menditxo,M,,,
50 Braza,"ARENAS LOPEZ, Ander",2014,CN Menditxo,51.59,2025-12-21,Trofeo Olentzero Menditxo,M,,,
50 Braza,"GIL LOPEZ, Erik",2014,CN Menditxo,51.84,2025-12-21,Trofeo Olentzero Menditxo,M,,,
50 Braza,"CASADO BAZAN, Alain",2013,CN Menditxo,55.49,2025-12-21,Trofeo Olentzero Menditxo,M,,,
50 Braza,"MONTOYA ESCUDERO, Unax",2014,CN Menditxo,1:05.95,2025-12-21,Trofeo Olentzero Menditxo,M,,,
50 Mariposa,"ANTOLIN CARDENAS, Asier",2014,CN Menditxo,37.38,2025-12-21,Trofeo Olentzero Menditxo,M,,,
50 Mariposa,"SALOMAO ANTEPARA, Gabriel",2014,CN Menditxo,39.21,2025-12-21,Trofeo Olentzero Menditxo,M,,,
50 Mariposa,"CASADO BAZAN, Alain",2013,CN Menditxo,44.81,2025-12-21,Trofeo Olentzero Menditxo,M,,,
50 Mariposa,"MARTINEZ DE AGIRRE MARTINEZ, Oihu",2014,CN Menditxo,46.08,2025-12-21,Trofeo Olentzero Menditxo,M,,,
50 Mariposa,"GIL LOPEZ, Erik",2014,CN Menditxo,46.42,2025-12-21,Trofeo Olentzero Menditxo,M,,,
50 Mariposa,"MONTOYA ESCUDERO, Unax",2014,CN Menditxo,53.09,2025-12-21,Trofeo Olentzero Menditxo,M,,,
50 Mariposa,"ARENAS LOPEZ, Ander",2014,CN Menditxo,53.18,2025-12-21,Trofeo Olentzero Menditxo,M,,,
50 Mariposa,"SEDO MARTIN, Ibai",2014,CN Menditxo,56.07,2025-12-21,Trofeo Olentzero Menditxo,M,,,
50 Libre,"IBISATE GONZALEZ, Udane",2014,CN Judizmendi,46.09,2026-01-03,Trofeo Reyes Judizmendi,F,,,
100 Estilos,"MUGICA DOLK, Greta",2014,CN Judizmendi,1:36.61,2026-01-03,Trofeo Reyes Judizmendi,F,,,
100 Estilos,"SANZ BASAGUREN, June",2014,CN Judizmendi,1:48.49,2026-01-03,Trofeo Reyes Judizmendi,F,,,
100 Estilos,"BUSTINZA ABAD, Lur",2014,CN Judizmendi,1:48.70,2026-01-03,Trofeo Reyes Judizmendi,F,,,
200 Estilos,"GONZALEZ SAENZ DE OLAZAGOITIA, Candela",2013,CN Judizmendi,2:59.34,2026-01-03,Trofeo Reyes Judizmendi,F,,,
200 Estilos,"CASTRESANA LIÑÁN, Martina",2013,CN Judizmendi,3:03.44,2026-01-03,Trofeo Reyes Judizmendi,F,,,
200 Estilos,"ALVAREZ SERRANO, Iraia",2014,CN Judizmendi,3:12.33,2026-01-03,Trofeo Reyes Judizmendi,F,,,
200 Estilos,"HERRERO ALONSO, Miren",2013,CN Judizmendi,3:19.53,2026-01-03,Trofeo Reyes Judizmendi,F,,,
200 Estilos,"EGUILUZ MANERO, Malen",2014,CN Judizmendi,3:21.00,2026-01-03,Trofeo Reyes Judizmendi,F,,,
200 Estilos,"PADILLA MOLDON, Maialen",2013,CN Judizmendi,3:21.65,2026-01-03,Trofeo Reyes Judizmendi,F,,,
200 Estilos,"HIJONA SANCHEZ, June",2014,CN Judizmendi,3:26.70,2026-01-03,Trofeo Reyes Judizmendi,F,,,
200 Estilos,"RODRIGUEZ ZUBIAURRE, Ayla",2014,CN Judizmendi,3:30.26,2026-01-03,Trofeo Reyes Judizmendi,F,,,
200 Estilos,"IBARRONDO ARRONIZ, Jone",2013,CN Judizmendi,3:31.44,2026-01-03,Trofeo Reyes Judizmendi,F,,,
200 Estilos,"MARTÍNEZ DE ANTOÑANA VILLASANTE, Iraia",2014,CN Judizmendi,3:37.56,2026-01-03,Trofeo Reyes Judizmendi,F,,,
200 Estilos,"CARPIO RODRIGUEZ, Ane",2014,CN Judizmendi,3:38.03,2026-01-03,Trofeo Reyes Judizmendi,F,,,
100 Estilos,"PLAGARO ROJO, Markel",2014,CN Judizmendi,1:50.86,2026-01-03,Trofeo Reyes Judizmendi,M,,,
200 Estilos,"CORRALEJO FRIAS, Alex",2013,CN Judizmendi,3:03.06,2026-01-03,Trofeo Reyes Judizmendi,M,,,
200 Estilos,"RIOS ANSOTEGUI, Iker",2014,CN Judizmendi,3:04.82,2026-01-03,Trofeo Reyes Judizmendi,M,,,
200 Estilos,"MARTINEZ ROJO, Diego",2013,CN Judizmendi,3:13.58,2026-01-03,Trofeo Reyes Judizmendi,M,,,
200 Estilos,"PUENTE GOMEZ, Jon",2013,CN Judizmendi,3:15.07,2026-01-03,Trofeo Reyes Judizmendi,M,,,
200 Estilos,"ALAVA DIAZ DE OTAZU, Oier",2014,CN Judizmendi,3:17.68,2026-01-03,Trofeo Reyes Judizmendi,M,,,
200 Estilos,"SORIGUREN FERNANDEZ, Markel",2013,CN Judizmendi,3:19.41,2026-01-03,Trofeo Reyes Judizmendi,M,,,
200 Estilos,"GARCIA MENDIA, Miguel",2013,CN Judizmendi,3:22.54,2026-01-03,Trofeo Reyes Judizmendi,M,,,
200 Estilos,"DIAZ DE CERIO ABASOLO, Eneko",2013,CN Judizmendi,3:23.43,2026-01-03,Trofeo Reyes Judizmendi,M,,,
50 Libre,"EGUIDON VARGAS, Maren",2013,CN Menditxo,33.31,2026-01-24,Cto Álava Invierno,F,,,
50 Libre,"FREIRE MARTIN, Haizea",2013,CN Menditxo,33.70,2026-01-24,Cto Álava Invierno,F,,,
50 Libre,"ALVAREZ SERRANO, Iraia",2014,CN Judizmendi,36.04,2026-01-24,Cto Álava Invierno,F,,,
50 Libre,"HIJONA SANCHEZ, June",2014,CN Judizmendi,36.31,2026-01-24,Cto Álava Invierno,F,,,
50 Libre,"RODRIGUEZ ZUBIAURRE, Ayla",2014,CN Judizmendi,36.95,2026-01-24,Cto Álava Invierno,F,,,
50 Libre,"DIAZ CEBALLOS, Laida",2013,CN Urgain,37.42,2026-01-24,Cto Álava Invierno,F,,,
50 Libre,"MARCO GARCIA, June",2014,CN Menditxo,37.53,2026-01-24,Cto Álava Invierno,F,,,
50 Libre,"VICENTE ESPINOSA, Noa",2013,CN Urgain,38.11,2026-01-24,Cto Álava Invierno,F,,,
50 Libre,"MUGICA DOLK, Greta",2014,CN Judizmendi,39.72,2026-01-24,Cto Álava Invierno,F,,,
50 Libre,"ARAUJO CAMPO, Iraide",2014,CI Laudio,41.15,2026-01-24,Cto Álava Invierno,F,,,
50 Libre,"BUSTINZA ABAD, Lur",2014,CN Judizmendi,42.03,2026-01-24,Cto Álava Invierno,F,,,
50 Libre,"SANZ BASAGUREN, June",2014,CN Judizmendi,42.27,2026-01-24,Cto Álava Invierno,F,,,
50 Libre,"GASTON SOUTO, Nekane",2014,CI Laudio,42.81,2026-01-24,Cto Álava Invierno,F,,,
50 Libre,"ALONSO VAZ, Himilce",2013,CI Laudio,46.87,2026-01-24,Cto Álava Invierno,F,,,
50 Libre,"FERNANDEZ MOREIRA, Haizea",2014,CN Menditxo,49.04,2026-01-24,Cto Álava Invierno,F,,,
100 Libre,"ARAICO QUINTANA, Sara",2013,CN Judizmendi,1:11.02,2026-01-24,Cto Álava Invierno,F,34.43;36.59,,
100 Libre,"EGUIDON VARGAS, Maren",2013,CN Menditxo,1:12.11,2026-01-24,Cto Álava Invierno,F,34.72;37.39,,
100 Libre,"GONZALEZ SAENZ DE OLAZAGOITIA, Candela",2013,CN Judizmendi,1:14.04,2026-01-24,Cto Álava Invierno,F,34.92;39.12,,
100 Libre,"FREIRE MARTIN, Haizea",2013,CN Menditxo,1:15.00,2026-01-24,Cto Álava Invierno,F,37.04;37.96,,
100 Libre,"ALVAREZ SERRANO, Iraia",2014,CN Judizmendi,1:16.60,2026-01-24,Cto Álava Invierno,F,37.86;38.74,,
100 Libre,"CASTRESANA LIÑÁN, Martina",2013,CN Judizmendi,1:16.95,2026-01-24,Cto Álava Invierno,F,37.06;39.89,,
100 Libre,"DAQUANNO, Gaia",2014,CN Menditxo,1:18.20,2026-01-24,Cto Álava Invierno,F,37.87;40.33,,
100 Libre,"HERRERO ALONSO, Miren",2013,CN Judizmendi,1:18.36,2026-01-24,Cto Álava Invierno,F,37.57;40.79,,
100 Libre,"PADILLA MOLDON, Maialen",2013,CN Judizmendi,1:20.87,2026-01-24,Cto Álava Invierno,F,38.69;42.18,,
100 Libre,"GRISALEÑA SAN JOSE, Olaia",2013,CN Menditxo,1:22.30,2026-01-24,Cto Álava Invierno,F,40.60;41.70,,
100 Libre,"MARCO GARCIA, June",2014,CN Menditxo,1:25.21,2026-01-24,Cto Álava Invierno,F,40.48;44.73,,
100 Libre,"RODRIGUEZ ZUBIAURRE, Ayla",2014,CN Judizmendi,1:25.68,2026-01-24,Cto Álava Invierno,F,41.62;44.06,,
100 Libre,"CARPIO RODRIGUEZ, Ane",2014,CN Judizmendi,1:25.80,2026-01-24,Cto Álava Invierno,F,41.67;44.13,,
100 Libre,"EGUIGUREN SANCHEZ, Carla",2014,CN Menditxo,1:25.88,2026-01-24,Cto Álava Invierno,F,40.71;45.17,,
100 Libre,"HIJONA SANCHEZ, June",2014,CN Judizmendi,1:26.32,2026-01-24,Cto Álava Invierno,F,41.12;45.20,,
100 Libre,"DIAZ CEBALLOS, Laida",2013,CN Urgain,1:27.17,2026-01-24,Cto Álava Invierno,F,41.27;45.90,,
100 Libre,"DIEZ ORTIZ DE ORRUÑO, Olaia",2014,CN Urgain,1:27.93,2026-01-24,Cto Álava Invierno,F,40.87;47.06,,
100 Libre,"IBARRONDO ARRONIZ, Jone",2013,CN Judizmendi,1:29.01,2026-01-24,Cto Álava Invierno,F,43.48;45.53,,
100 Libre,"VICENTE ESPINOSA, Noa",2013,CN Urgain,1:29.22,2026-01-24,Cto Álava Invierno,F,42.62;46.60,,
100 Libre,"GARCIA BARCINA, Iraia",2014,CI Laudio,1:30.03,2026-01-24,Cto Álava Invierno,F,43.80;46.23,,
100 Libre,"MUGICA DOLK, Greta",2014,CN Judizmendi,1:30.55,2026-01-24,Cto Álava Invierno,F,44.88;45.67,,
100 Libre,"MENDIBE SAN JUAN, Maider",2014,CN Menditxo,1:32.63,2026-01-24,Cto Álava Invierno,F,44.77;47.86,,
100 Libre,"BASTON VARELA, Carla",2014,CN Menditxo,1:33.64,2026-01-24,Cto Álava Invierno,F,43.05;50.59,,
100 Libre,"ARAUJO CAMPO, Iraide",2014,CI Laudio,1:34.36,2026-01-24,Cto Álava Invierno,F,44.33;50.03,,
100 Libre,"BUSTINZA ABAD, Lur",2014,CN Judizmendi,1:37.60,2026-01-24,Cto Álava Invierno,F,45.41;52.19,,
100 Libre,"SANZ BASAGUREN, June",2014,CN Judizmendi,1:40.15,2026-01-24,Cto Álava Invierno,F,47.57;52.58,,
100 Libre,"IBISATE GONZALEZ, Udane",2014,CN Judizmendi,1:41.67,2026-01-24,Cto Álava Invierno,F,49.10;52.57,,
100 Libre,"ALONSO VAZ, Himilce",2013,CI Laudio,1:49.71,2026-01-24,Cto Álava Invierno,F,50.70;59.01,,
200 Libre,"EGUIDON VARGAS, Maren",2013,CN Menditxo,2:38.02,2026-01-24,Cto Álava Invierno,F,36.15;40.57;41.68;39.62,,
200 Libre,"FREIRE MARTIN, Haizea",2013,CN Menditxo,2:43.21,2026-01-24,Cto Álava Invierno,F,38.64;41.21;43.57;39.79,,
200 Libre,"ALVAREZ SERRANO, Iraia",2014,CN Judizmendi,2:45.09,2026-01-24,Cto Álava Invierno,F,38.97;42.77;43.02;40.33,,
200 Libre,"HERRERO ALONSO, Miren",2013,CN Judizmendi,2:50.98,2026-01-24,Cto Álava Invierno,F,38.87;44.04;44.13;43.94,,
200 Libre,"SANTOS GARCIA, Uxue",2014,CN Menditxo,2:51.89,2026-01-24,Cto Álava Invierno,F,39.68;43.53;45.65;43.03,,
200 Libre,"PADILLA MOLDON, Maialen",2013,CN Judizmendi,2:55.72,2026-01-24,Cto Álava Invierno,F,39.53;44.35;46.30;45.54,,
200 Libre,"HIJONA SANCHEZ, June",2014,CN Judizmendi,2:59.80,2026-01-24,Cto Álava Invierno,F,39.59;44.64;48.40;47.17,,
200 Libre,"CARPIO RODRIGUEZ, Ane",2014,CN Judizmendi,3:08.50,2026-01-24,Cto Álava Invierno,F,42.83;47.75;50.78;47.14,,
200 Libre,"BALSATEGUI SANCHEZ, Maialen",2013,CN Menditxo,3:14.90,2026-01-24,Cto Álava Invierno,F,44.70;49.47;50.72;50.01,,
200 Libre,"GARCIA BARCINA, Iraia",2014,CI Laudio,3:15.72,2026-01-24,Cto Álava Invierno,F,44.37;50.74;51.95;48.66,,
200 Libre,"EGUIGUREN SANCHEZ, Carla",2014,CN Menditxo,3:18.03,2026-01-24,Cto Álava Invierno,F,43.51;50.81;51.48;52.23,,
200 Libre,"ALONSO VAZ, Himilce",2013,CI Laudio,3:47.53,2026-01-24,Cto Álava Invierno,F,51.51;57.56;1:01.15;57.31,,
200 Libre,"GASTON SOUTO, Nekane",2014,CI Laudio,3:50.38,2026-01-24,Cto Álava Invierno,F,46.62;58.43;1:03.79;1:01.54,,
400 Libre,"CASTRESANA LIÑÁN, Martina",2013,CN Judizmendi,5:38.02,2026-01-24,Cto Álava Invierno,F,37.91;42.25;42.84;43.63;43.81;43.23;43.64;40.71,,
400 Libre,"ARAUJO CAMPO, Iraide",2014,CI Laudio,7:30.59,2026-01-24,Cto Álava Invierno,F,48.29;56.86;58.70;58.34;59.45;58.48;58.12;52.35,,
400 Libre,"ALONSO VAZ, Himilce",2013,CI Laudio,8:36.15,2026-01-24,Cto Álava Invierno,F,,,
800 Libre,"CASTRESANA LIÑÁN, Martina",2013,CN Judizmendi,11:45.50,2026-01-24,Cto Álava Invierno,F,39.36;44.08;43.89;44.28;43.01;43.85;44.31;44.81;44.19;44.74;44.37;45.28;45.64;44.74;45.30;43.65,,
800 Libre,"GOMEZ ARTOLA, Ilargi",2013,CN Urgain,15:14.10,2026-01-24,Cto Álava Invierno,F,50.73;55.43;57.67;57.86;58.34;59.12;58.60;59.01;1:00.23;58.28;59.02;57.95;58.61;55.95;56.22;51.08,,
800 Libre,"MONTES LOPEZ, Ane",2013,CN Urgain,16:09.89,2026-01-24,Cto Álava Invierno,F,49.51;56.90;58.63;58.05;1:00.58;1:00.96;59.83;1:03.31;1:02.31;1:03.01;1:02.77;1:04.00;1:03.73;1:05.36;1:02.49;58.45,,
50 Espalda,"HERRERO ALONSO, Miren",2013,CN Judizmendi,41.95,2026-01-24,Cto Álava Invierno,F,,,
50 Espalda,"EGUIGUREN SANCHEZ, Carla",2014,CN Menditxo,46.93,2026-01-24,Cto Álava Invierno,F,,,
50 Espalda,"MARTÍNEZ DE ANTOÑANA VILLASANTE, Iraia",2014,CN Judizmendi,49.06,2026-01-24,Cto Álava Invierno,F,,,
50 Espalda,"MENDIBE SAN JUAN, Maider",2014,CN Menditxo,49.32,2026-01-24,Cto Álava Invierno,F,,,
50 Espalda,"GOMEZ ARTOLA, Ilargi",2013,CN Urgain,49.54,2026-01-24,Cto Álava Invierno,F,,,
50 Espalda,"BALSATEGUI SANCHEZ, Maialen",2013,CN Menditxo,50.68,2026-01-24,Cto Álava Invierno,F,,,
50 Espalda,"IBISATE GONZALEZ, Udane",2014,CN Judizmendi,53.56,2026-01-24,Cto Álava Invierno,F,,,
50 Espalda,"FERNANDEZ MOREIRA, Haizea",2014,CN Menditxo,1:05.50,2026-01-24,Cto Álava Invierno,F,,,
100 Espalda,"DAQUANNO, Gaia",2014,CN Menditxo,1:23.27,2026-01-24,Cto Álava Invierno,F,41.07;42.20,,
100 Espalda,"ARETXEDERRETA PALACIOS, Eider",2014,CN Menditxo,1:27.92,2026-01-24,Cto Álava Invierno,F,43.17;44.75,,
100 Espalda,"PRIETO BOTO, Olatz",2014,CN Menditxo,1:32.47,2026-01-24,Cto Álava Invierno,F,44.73;47.74,,
100 Espalda,"MARCO GARCIA, June",2014,CN Menditxo,1:37.32,2026-01-24,Cto Álava Invierno,F,47.00;50.32,,
100 Espalda,"MARTÍNEZ DE ANTOÑANA VILLASANTE, Iraia",2014,CN Judizmendi,1:38.85,2026-01-24,Cto Álava Invierno,F,47.93;50.92,,
100 Espalda,"IBISATE GONZALEZ, Udane",2014,CN Judizmendi,1:51.63,2026-01-24,Cto Álava Invierno,F,54.32;57.31,,
100 Espalda,"BALSATEGUI SANCHEZ, Maialen",2013,CN Menditxo,1:51.71,2026-01-24,Cto Álava Invierno,F,55.79;55.92,,
200 Espalda,"MARTÍNEZ DE ANTOÑANA VILLASANTE, Iraia",2014,CN Judizmendi,3:25.08,2026-01-24,Cto Álava Invierno,F,48.51;51.90;52.90;51.77,,
50 Braza,"ARAICO QUINTANA, Sara",2013,CN Judizmendi,39.46,2026-01-24,Cto Álava Invierno,F,,,
50 Braza,"GONZALEZ SAENZ DE OLAZAGOITIA, Candela",2013,CN Judizmendi,41.41,2026-01-24,Cto Álava Invierno,F,,,
50 Braza,"DAQUANNO, Gaia",2014,CN Menditxo,44.02,2026-01-24,Cto Álava Invierno,F,,,
50 Braza,"PADILLA MOLDON, Maialen",2013,CN Judizmendi,45.38,2026-01-24,Cto Álava Invierno,F,,,
50 Braza,"GRISALEÑA SAN JOSE, Olaia",2013,CN Menditxo,47.60,2026-01-24,Cto Álava Invierno,F,,,
50 Braza,"RODRIGUEZ ZUBIAURRE, Ayla",2014,CN Judizmendi,48.51,2026-01-24,Cto Álava Invierno,F,,,
50 Braza,"EGUIGUREN SANCHEZ, Carla",2014,CN Menditxo,48.52,2026-01-24,Cto Álava Invierno,F,,,
50 Braza,"IBARRONDO ARRONIZ, Jone",2013,CN Judizmendi,48.67,2026-01-24,Cto Álava Invierno,F,,,
50 Braza,"MUGICA DOLK, Greta",2014,CN Judizmendi,49.91,2026-01-24,Cto Álava Invierno,F,,,
50 Braza,"DIAZ CEBALLOS, Laida",2013,CN Urgain,49.99,2026-01-24,Cto Álava Invierno,F,,,
50 Braza,"GARCIA BARCINA, Iraia",2014,CI Laudio,50.11,2026-01-24,Cto Álava Invierno,F,,,
50 Braza,"BUSTINZA ABAD, Lur",2014,CN Judizmendi,50.29,2026-01-24,Cto Álava Invierno,F,,,
50 Braza,"VICENTE ESPINOSA, Noa",2013,CN Urgain,51.14,2026-01-24,Cto Álava Invierno,F,,,
50 Braza,"MARTÍNEZ DE ANTOÑANA VILLASANTE, Iraia",2014,CN Judizmendi,51.53,2026-01-24,Cto Álava Invierno,F,,,
50 Braza,"GOMEZ ARTOLA, Ilargi",2013,CN Urgain,51.88,2026-01-24,Cto Álava Invierno,F,,,
50 Braza,"SANZ BASAGUREN, June",2014,CN Judizmendi,56.00,2026-01-24,Cto Álava Invierno,F,,,
100 Braza,"ARAICO QUINTANA, Sara",2013,CN Judizmendi,1:24.10,2026-01-24,Cto Álava Invierno,F,39.35;44.75,,
100 Braza,"PADILLA MOLDON, Maialen",2013,CN Judizmendi,1:39.71,2026-01-24,Cto Álava Invierno,F,46.75;52.96,,
100 Braza,"HIJONA SANCHEZ, June",2014,CN Judizmendi,1:40.96,2026-01-24,Cto Álava Invierno,F,47.05;53.91,,
100 Braza,"RODRIGUEZ ZUBIAURRE, Ayla",2014,CN Judizmendi,1:42.32,2026-01-24,Cto Álava Invierno,F,49.81;52.51,,
100 Braza,"GRISALEÑA SAN JOSE, Olaia",2013,CN Menditxo,1:43.35,2026-01-24,Cto Álava Invierno,F,48.49;54.86,,
100 Braza,"IBARRONDO ARRONIZ, Jone",2013,CN Judizmendi,1:44.63,2026-01-24,Cto Álava Invierno,F,50.01;54.62,,
100 Braza,"APIÑANIZ ARRIZABALAGA, Jimena",2013,CN Urgain,1:44.76,2026-01-24,Cto Álava Invierno,F,48.03;56.73,,
100 Braza,"PRIETO BOTO, Olatz",2014,CN Menditxo,1:46.28,2026-01-24,Cto Álava Invierno,F,50.35;55.93,,
100 Braza,"MUGICA DOLK, Greta",2014,CN Judizmendi,1:46.49,2026-01-24,Cto Álava Invierno,F,51.82;54.67,,
100 Braza,"GOMEZ ARTOLA, Ilargi",2013,CN Urgain,1:46.84,2026-01-24,Cto Álava Invierno,F,50.36;56.48,,
100 Braza,"BUSTINZA ABAD, Lur",2014,CN Judizmendi,1:51.71,2026-01-24,Cto Álava Invierno,F,51.63;1:00.08,,
100 Braza,"GARCIA BARCINA, Iraia",2014,CI Laudio,1:52.38,2026-01-24,Cto Álava Invierno,F,53.80;58.58,,
100 Braza,"GASTON SOUTO, Nekane",2014,CI Laudio,1:58.55,2026-01-24,Cto Álava Invierno,F,55.45;1:03.10,,
100 Braza,"BALSATEGUI SANCHEZ, Maialen",2013,CN Menditxo,1:59.32,2026-01-24,Cto Álava Invierno,F,57.95;1:01.37,,
200 Braza,"ARAICO QUINTANA, Sara",2013,CN Judizmendi,3:01.44,2026-01-24,Cto Álava Invierno,F,40.58;45.80;47.57;47.49,,
200 Braza,"PRIETO BOTO, Olatz",2014,CN Menditxo,3:42.54,2026-01-24,Cto Álava Invierno,F,50.23;57.91;58.11;56.29,,
200 Braza,"GRISALEÑA SAN JOSE, Olaia",2013,CN Menditxo,3:47.43,2026-01-24,Cto Álava Invierno,F,49.07;58.51;1:01.40;58.45,,
50 Mariposa,"EGUIDON VARGAS, Maren",2013,CN Menditxo,35.63,2026-01-24,Cto Álava Invierno,F,,,
50 Mariposa,"GONZALEZ SAENZ DE OLAZAGOITIA, Candela",2013,CN Judizmendi,36.90,2026-01-24,Cto Álava Invierno,F,,,
50 Mariposa,"SANTOS GARCIA, Uxue",2014,CN Menditxo,37.92,2026-01-24,Cto Álava Invierno,F,,,
50 Mariposa,"ALVAREZ SERRANO, Iraia",2014,CN Judizmendi,39.20,2026-01-24,Cto Álava Invierno,F,,,
50 Mariposa,"ARETXEDERRETA PALACIOS, Eider",2014,CN Menditxo,40.69,2026-01-24,Cto Álava Invierno,F,,,
50 Mariposa,"EGUILUZ MANERO, Malen",2014,CN Judizmendi,42.00,2026-01-24,Cto Álava Invierno,F,,,
50 Mariposa,"FREIRE MARTIN, Haizea",2013,CN Menditxo,44.27,2026-01-24,Cto Álava Invierno,F,,,
50 Mariposa,"APIÑANIZ ARRIZABALAGA, Jimena",2013,CN Urgain,44.29,2026-01-24,Cto Álava Invierno,F,,,
50 Mariposa,"DIEZ ORTIZ DE ORRUÑO, Olaia",2014,CN Urgain,45.57,2026-01-24,Cto Álava Invierno,F,,,
50 Mariposa,"BASTON VARELA, Carla",2014,CN Menditxo,46.49,2026-01-24,Cto Álava Invierno,F,,,
50 Mariposa,"CARPIO RODRIGUEZ, Ane",2014,CN Judizmendi,48.37,2026-01-24,Cto Álava Invierno,F,,,
50 Mariposa,"FERNANDEZ MOREIRA, Haizea",2014,CN Menditxo,54.42,2026-01-24,Cto Álava Invierno,F,,,
50 Mariposa,"SANZ BASAGUREN, June",2014,CN Judizmendi,54.93,2026-01-24,Cto Álava Invierno,F,,,
100 Mariposa,"SANTOS GARCIA, Uxue",2014,CN Menditxo,1:30.16,2026-01-24,Cto Álava Invierno,F,42.41;47.75,,
100 Mariposa,"EGUILUZ MANERO, Malen",2014,CN Judizmendi,1:37.85,2026-01-24,Cto Álava Invierno,F,44.22;53.63,,
100 Estilos,"ARETXEDERRETA PALACIOS, Eider",2014,CN Menditxo,1:27.46,2026-01-24,Cto Álava Invierno,F,42.18;45.28,,
100 Estilos,"MENDIBE SAN JUAN, Maider",2014,CN Menditxo,1:44.38,2026-01-24,Cto Álava Invierno,F,52.97;51.41,,
100 Estilos,"ARAUJO CAMPO, Iraide",2014,CI Laudio,1:49.26,2026-01-24,Cto Álava Invierno,F,53.49;55.77,,
200 Estilos,"DAQUANNO, Gaia",2014,CN Menditxo,3:06.96,2026-01-24,Cto Álava Invierno,F,43.47;46.43;55.62;41.44,,
200 Estilos,"ARETXEDERRETA PALACIOS, Eider",2014,CN Menditxo,3:08.64,2026-01-24,Cto Álava Invierno,F,43.66;47.52;54.96;42.50,,
200 Estilos,"SANTOS GARCIA, Uxue",2014,CN Menditxo,3:12.51,2026-01-24,Cto Álava Invierno,F,42.67;48.88;58.12;42.84,,
200 Estilos,"EGUILUZ MANERO, Malen",2014,CN Judizmendi,3:18.03,2026-01-24,Cto Álava Invierno,F,44.13;52.83;57.81;43.26,,
200 Estilos,"MARCO GARCIA, June",2014,CN Menditxo,3:19.18,2026-01-24,Cto Álava Invierno,F,45.91;51.73;57.57;43.97,,
200 Estilos,"PRIETO BOTO, Olatz",2014,CN Menditxo,3:26.72,2026-01-24,Cto Álava Invierno,F,51.70;50.65;59.89;44.48,,
200 Estilos,"GASTON SOUTO, Nekane",2014,CI Laudio,4:20.93,2026-01-24,Cto Álava Invierno,F,1:06.23;1:06.52;1:06.87;1:01.31,,
400 Estilos,"GONZALEZ SAENZ DE OLAZAGOITIA, Candela",2013,CN Judizmendi,6:28.01,2026-01-24,Cto Álava Invierno,F,42.11;50.40;50.11;48.61;55.74;54.65;44.89;41.50,,
50 Libre,"RIOS ANSOTEGUI, Iker",2014,CN Judizmendi,31.66,2026-01-24,Cto Álava Invierno,M,,,
50 Libre,"ANTOLIN CARDENAS, Asier",2014,CN Menditxo,32.01,2026-01-24,Cto Álava Invierno,M,,,
50 Libre,"CASADO BAZAN, Alain",2013,CN Menditxo,35.61,2026-01-24,Cto Álava Invierno,M,,,
50 Libre,"PUENTE GOMEZ, Jon",2013,CN Judizmendi,37.35,2026-01-24,Cto Álava Invierno,M,,,
50 Libre,"GIL LOPEZ, Erik",2014,CN Menditxo,38.71,2026-01-24,Cto Álava Invierno,M,,,
50 Libre,"FERNANDEZ DE ROMARATEGUI RUIZ DE EGUINO, A.",2013,CN Urgain,39.24,2026-01-24,Cto Álava Invierno,M,,,
50 Libre,"GUTIERREZ ARTOLA, Hegoi",2013,CN Zadorra,39.45,2026-01-24,Cto Álava Invierno,M,,,
50 Libre,"MONTOYA ESCUDERO, Unax",2014,CN Menditxo,39.57,2026-01-24,Cto Álava Invierno,M,,,
50 Libre,"MURGUIA GAINZARAIN, Unax",2014,CN Zadorra,40.35,2026-01-24,Cto Álava Invierno,M,,,
50 Libre,"DEL VALLE GARCIA, Hugo",2013,CN Zadorra,40.65,2026-01-24,Cto Álava Invierno,M,,,
50 Libre,"SEDO MARTIN, Ibai",2014,CN Menditxo,41.27,2026-01-24,Cto Álava Invierno,M,,,
50 Libre,"PAIVA ALFONZO, Santiago Rafael",2014,CN Zadorra,59.83,2026-01-24,Cto Álava Invierno,M,,,
100 Libre,"RIOS ANSOTEGUI, Iker",2014,CN Judizmendi,1:12.81,2026-01-24,Cto Álava Invierno,M,35.68;37.13,,
100 Libre,"CORRALEJO FRIAS, Alex",2013,CN Judizmendi,1:12.89,2026-01-24,Cto Álava Invierno,M,35.51;37.38,,
100 Libre,"MORAL MIELGO, Nikko",2013,CN Judizmendi,1:15.92,2026-01-24,Cto Álava Invierno,M,35.48;40.44,,
100 Libre,"CASADO BAZAN, Alain",2013,CN Menditxo,1:19.12,2026-01-24,Cto Álava Invierno,M,37.82;41.30,,
100 Libre,"IBARRARAN RAMIREZ DE OCARIZ, Xabier",2014,CN Judizmendi,1:19.22,2026-01-24,Cto Álava Invierno,M,38.49;40.73,,
100 Libre,"GONZALEZ BERNARDO, Aritz",2013,CN Menditxo,1:19.90,2026-01-24,Cto Álava Invierno,M,39.13;40.77,,
100 Libre,"MARTINEZ ROJO, Diego",2013,CN Judizmendi,1:20.06,2026-01-24,Cto Álava Invierno,M,38.80;41.26,,
100 Libre,"ALAVA DIAZ DE OTAZU, Oier",2014,CN Judizmendi,1:21.27,2026-01-24,Cto Álava Invierno,M,39.60;41.67,,
100 Libre,"GABILONDO IBÁÑEZ DE GAUNA, Ekai",2014,CN Judizmendi,1:23.08,2026-01-24,Cto Álava Invierno,M,40.64;42.44,,
100 Libre,"PUENTE GOMEZ, Jon",2013,CN Judizmendi,1:26.66,2026-01-24,Cto Álava Invierno,M,41.85;44.81,,
100 Libre,"DIAZ DE CERIO ABASOLO, Eneko",2013,CN Judizmendi,1:29.39,2026-01-24,Cto Álava Invierno,M,42.88;46.51,,
100 Libre,"GUTIERREZ ARTOLA, Hegoi",2013,CN Zadorra,1:29.96,2026-01-24,Cto Álava Invierno,M,42.44;47.52,,
100 Libre,"MURGUIA GAINZARAIN, Unax",2014,CN Zadorra,1:32.05,2026-01-24,Cto Álava Invierno,M,42.46;49.59,,
100 Libre,"MONTOYA ESCUDERO, Unax",2014,CN Menditxo,1:32.46,2026-01-24,Cto Álava Invierno,M,45.87;46.59,,
100 Libre,"LORENZO BUSTAMANTE, Martin",2014,CN Zadorra,1:33.15,2026-01-24,Cto Álava Invierno,M,45.27;47.88,,
100 Libre,"PLAGARO ROJO, Markel",2014,CN Judizmendi,1:34.83,2026-01-24,Cto Álava Invierno,M,45.73;49.10,,
100 Libre,"SEDO MARTIN, Ibai",2014,CN Menditxo,1:35.60,2026-01-24,Cto Álava Invierno,M,44.81;50.79,,
100 Libre,"DEL VALLE GARCIA, Hugo",2013,CN Zadorra,1:42.00,2026-01-24,Cto Álava Invierno,M,46.28;55.72,,
100 Libre,"ARENAS LOPEZ, Ander",2014,CN Menditxo,1:43.26,2026-01-24,Cto Álava Invierno,M,48.28;54.98,,
100 Libre,"PAIVA ALFONZO, Santiago Rafael",2014,CN Zadorra,2:14.66,2026-01-24,Cto Álava Invierno,M,58.45;1:16.21,,
200 Libre,"CASADO BAZAN, Alain",2013,CN Menditxo,2:47.75,2026-01-24,Cto Álava Invierno,M,37.65;42.29;43.71;44.10,,
200 Libre,"GONZALEZ BERNARDO, Aritz",2013,CN Menditxo,2:55.76,2026-01-24,Cto Álava Invierno,M,40.11;43.68;45.79;46.18,,
200 Libre,"ZERUKO CANTERA VAZQUEZ, Adrian",2014,CN Menditxo,3:20.32,2026-01-24,Cto Álava Invierno,M,45.38;51.89;53.13;49.92,,
200 Libre,"SEDO MARTIN, Ibai",2014,CN Menditxo,3:31.27,2026-01-24,Cto Álava Invierno,M,46.70;53.57;55.91;55.09,,
200 Libre,"MURGUIA GAINZARAIN, Unax",2014,CN Zadorra,3:31.84,2026-01-24,Cto Álava Invierno,M,42.85;56.07;57.76;55.16,,
400 Libre,"FERNANDEZ DE ROMARATEGUI RUIZ DE EGUINO, A.",2013,CN Urgain,7:14.66,2026-01-24,Cto Álava Invierno,M,49.41;54.90;56.86;55.84;57.67;57.22;53.61;49.15,,
50 Espalda,"GARCIA MENDIA, Miguel",2013,CN Judizmendi,39.41,2026-01-24,Cto Álava Invierno,M,,,
50 Espalda,"IBARRARAN RAMIREZ DE OCARIZ, Xabier",2014,CN Judizmendi,39.84,2026-01-24,Cto Álava Invierno,M,,,
50 Espalda,"CASADO BAZAN, Alain",2013,CN Menditxo,41.23,2026-01-24,Cto Álava Invierno,M,,,
50 Espalda,"GUTIERREZ ARTOLA, Hegoi",2013,CN Zadorra,43.88,2026-01-24,Cto Álava Invierno,M,,,
50 Espalda,"SEDO MARTIN, Ibai",2014,CN Menditxo,44.74,2026-01-24,Cto Álava Invierno,M,,,
50 Espalda,"LORENZO BUSTAMANTE, Martin",2014,CN Zadorra,48.17,2026-01-24,Cto Álava Invierno,M,,,
50 Espalda,"ARENAS LOPEZ, Ander",2014,CN Menditxo,53.61,2026-01-24,Cto Álava Invierno,M,,,
100 Espalda,"SALOMAO ANTEPARA, Gabriel",2014,CN Menditxo,1:24.55,2026-01-24,Cto Álava Invierno,M,41.42;43.13,,
100 Espalda,"CORRALEJO FRIAS, Alex",2013,CN Judizmendi,1:24.82,2026-01-24,Cto Álava Invierno,M,40.58;44.24,,
100 Espalda,"GARCIA MENDIA, Miguel",2013,CN Judizmendi,1:28.30,2026-01-24,Cto Álava Invierno,M,41.81;46.49,,
100 Espalda,"IBARRARAN RAMIREZ DE OCARIZ, Xabier",2014,CN Judizmendi,1:29.15,2026-01-24,Cto Álava Invierno,M,41.85;47.30,,
100 Espalda,"ALAVA DIAZ DE OTAZU, Oier",2014,CN Judizmendi,1:31.25,2026-01-24,Cto Álava Invierno,M,43.90;47.35,,
100 Espalda,"GUTIERREZ ARTOLA, Hegoi",2013,CN Zadorra,1:40.40,2026-01-24,Cto Álava Invierno,M,48.52;51.88,,
100 Espalda,"MONTOYA ESCUDERO, Unax",2014,CN Menditxo,1:45.07,2026-01-24,Cto Álava Invierno,M,51.02;54.05,,
100 Espalda,"PLAGARO ROJO, Markel",2014,CN Judizmendi,1:53.10,2026-01-24,Cto Álava Invierno,M,55.55;57.55,,
200 Espalda,"CORRALEJO FRIAS, Alex",2013,CN Judizmendi,2:58.77,2026-01-24,Cto Álava Invierno,M,42.96;46.06;46.66;43.09,,
200 Espalda,"SALOMAO ANTEPARA, Gabriel",2014,CN Menditxo,2:59.82,2026-01-24,Cto Álava Invierno,M,43.66;45.90;46.51;43.75,,
200 Espalda,"GARCIA MENDIA, Miguel",2013,CN Judizmendi,3:12.15,2026-01-24,Cto Álava Invierno,M,,,
200 Espalda,"ALAVA DIAZ DE OTAZU, Oier",2014,CN Judizmendi,3:12.99,2026-01-24,Cto Álava Invierno,M,45.96;49.43;50.44;47.16,,
50 Braza,"ANTOLIN CARDENAS, Asier",2014,CN Menditxo,41.63,2026-01-24,Cto Álava Invierno,M,,,
50 Braza,"MARTINEZ DE AGIRRE MARTINEZ, Oihu",2014,CN Menditxo,43.09,2026-01-24,Cto Álava Invierno,M,,,
50 Braza,"GARCIA MENDIA, Miguel",2013,CN Judizmendi,47.32,2026-01-24,Cto Álava Invierno,M,,,
50 Braza,"GONZALEZ BERNARDO, Aritz",2013,CN Menditxo,47.81,2026-01-24,Cto Álava Invierno,M,,,
50 Braza,"DIAZ DE CERIO ABASOLO, Eneko",2013,CN Judizmendi,50.02,2026-01-24,Cto Álava Invierno,M,,,
50 Braza,"DEL VALLE GARCIA, Hugo",2013,CN Zadorra,51.31,2026-01-24,Cto Álava Invierno,M,,,
50 Braza,"PLAGARO ROJO, Markel",2014,CN Judizmendi,59.08,2026-01-24,Cto Álava Invierno,M,,,
100 Braza,"MARTINEZ DE AGIRRE MARTINEZ, Oihu",2014,CN Menditxo,1:30.43,2026-01-24,Cto Álava Invierno,M,44.39;46.04,,
100 Braza,"GABILONDO IBÁÑEZ DE GAUNA, Ekai",2014,CN Judizmendi,1:41.82,2026-01-24,Cto Álava Invierno,M,48.65;53.17,,
100 Braza,"GONZALEZ BERNARDO, Aritz",2013,CN Menditxo,1:42.73,2026-01-24,Cto Álava Invierno,M,48.53;54.20,,
100 Braza,"GALARRETA SERRANO, Ibai",2013,CN Zadorra,1:43.76,2026-01-24,Cto Álava Invierno,M,49.19;54.57,,
100 Braza,"MARTINEZ ROJO, Diego",2013,CN Judizmendi,1:43.84,2026-01-24,Cto Álava Invierno,M,50.82;53.02,,
100 Braza,"DIAZ DE CERIO ABASOLO, Eneko",2013,CN Judizmendi,1:47.71,2026-01-24,Cto Álava Invierno,M,50.37;57.34,,
100 Braza,"DEL VALLE GARCIA, Hugo",2013,CN Zadorra,1:53.81,2026-01-24,Cto Álava Invierno,M,53.87;59.94,,
100 Braza,"PLAGARO ROJO, Markel",2014,CN Judizmendi,2:00.54,2026-01-24,Cto Álava Invierno,M,57.61;1:02.93,,
200 Braza,"MARTINEZ DE AGIRRE MARTINEZ, Oihu",2014,CN Menditxo,3:11.64,2026-01-24,Cto Álava Invierno,M,45.42;49.71;48.11;48.40,,
200 Braza,"MARTINEZ ROJO, Diego",2013,CN Judizmendi,3:36.79,2026-01-24,Cto Álava Invierno,M,51.71;56.09;56.85;52.14,,
200 Braza,"IBARRARAN RAMIREZ DE OCARIZ, Xabier",2014,CN Judizmendi,3:38.10,2026-01-24,Cto Álava Invierno,M,49.31;54.98;57.58;56.23,,
200 Braza,"DIAZ DE CERIO ABASOLO, Eneko",2013,CN Judizmendi,3:40.88,2026-01-24,Cto Álava Invierno,M,49.55;57.96;58.37;55.00,,
200 Braza,"ARENAS LOPEZ, Ander",2014,CN Menditxo,4:07.13,2026-01-24,Cto Álava Invierno,M,56.12;1:03.09;1:04.04;1:03.88,,
50 Mariposa,"RIOS ANSOTEGUI, Iker",2014,CN Judizmendi,37.04,2026-01-24,Cto Álava Invierno,M,,,
50 Mariposa,"PUENTE GOMEZ, Jon",2013,CN Judizmendi,42.34,2026-01-24,Cto Álava Invierno,M,,,
50 Mariposa,"ZERUKO CANTERA VAZQUEZ, Adrian",2014,CN Menditxo,44.63,2026-01-24,Cto Álava Invierno,M,,,
50 Mariposa,"MONTOYA ESCUDERO, Unax",2014,CN Menditxo,49.73,2026-01-24,Cto Álava Invierno,M,,,
100 Mariposa,"RIOS ANSOTEGUI, Iker",2014,CN Judizmendi,1:25.43,2026-01-24,Cto Álava Invierno,M,40.52;44.91,,
100 Mariposa,"CORRALEJO FRIAS, Alex",2013,CN Judizmendi,1:27.64,2026-01-24,Cto Álava Invierno,M,40.72;46.92,,
100 Mariposa,"ALAVA DIAZ DE OTAZU, Oier",2014,CN Judizmendi,1:34.48,2026-01-24,Cto Álava Invierno,M,43.91;50.57,,
100 Mariposa,"MARTINEZ ROJO, Diego",2013,CN Judizmendi,1:41.40,2026-01-24,Cto Álava Invierno,M,46.63;54.77,,
100 Mariposa,"PUENTE GOMEZ, Jon",2013,CN Judizmendi,1:44.06,2026-01-24,Cto Álava Invierno,M,46.72;57.34,,
100 Estilos,"SALOMAO ANTEPARA, Gabriel",2014,CN Menditxo,1:28.43,2026-01-24,Cto Álava Invierno,M,42.40;46.03,,
100 Estilos,"GIL LOPEZ, Erik",2014,CN Menditxo,1:38.36,2026-01-24,Cto Álava Invierno,M,44.55;53.81,,
100 Estilos,"ZERUKO CANTERA VAZQUEZ, Adrian",2014,CN Menditxo,1:44.62,2026-01-24,Cto Álava Invierno,M,50.01;54.61,,
100 Estilos,"FERNANDEZ DE ROMARATEGUI RUIZ DE EGUINO, A.",2013,CN Urgain,1:44.68,2026-01-24,Cto Álava Invierno,M,52.66;52.02,,
100 Estilos,"ARENAS LOPEZ, Ander",2014,CN Menditxo,1:51.58,2026-01-24,Cto Álava Invierno,M,55.25;56.33,,
200 Estilos,"ANTOLIN CARDENAS, Asier",2014,CN Menditxo,3:03.00,2026-01-24,Cto Álava Invierno,M,38.94;47.89;51.81;44.36,,
200 Estilos,"SALOMAO ANTEPARA, Gabriel",2014,CN Menditxo,3:09.99,2026-01-24,Cto Álava Invierno,M,45.89;48.50;52.36;43.24,,
200 Estilos,"MARTINEZ DE AGIRRE MARTINEZ, Oihu",2014,CN Menditxo,3:12.58,2026-01-24,Cto Álava Invierno,M,48.89;49.08;51.12;43.49,,
200 Estilos,"ZERUKO CANTERA VAZQUEZ, Adrian",2014,CN Menditxo,3:38.11,2026-01-24,Cto Álava Invierno,M,50.14;55.80;1:02.27;49.90,,
100 Libre,"PRIETO BOTO, Olatz",2014,CN Menditxo,1:19.55,2026-02-21,4ª Jornada Escolar DFA,F,38.62;40.93,,
100 Libre,"HIJONA SANCHEZ, June",2014,CN Judizmendi,1:19.98,2026-02-21,4ª Jornada Escolar DFA,F,37.29;42.69,,
100 Libre,"CARPIO RODRIGUEZ, Ane",2014,CN Judizmendi,1:21.75,2026-02-21,4ª Jornada Escolar DFA,F,40.37;41.38,,
100 Libre,"EGUIGUREN SANCHEZ, Carla",2014,CN Menditxo,1:22.06,2026-02-21,4ª Jornada Escolar DFA,F,38.12;43.94,,
100 Libre,"RODRIGUEZ ZUBIAURRE, Ayla",2014,CN Judizmendi,1:22.97,2026-02-21,4ª Jornada Escolar DFA,F,40.84;42.13,,
100 Libre,"MARCO GARCIA, June",2014,CN Menditxo,1:23.38,2026-02-21,4ª Jornada Escolar DFA,F,39.41;43.97,,
100 Libre,"BALSATEGUI SANCHEZ, Maialen",2013,CN Menditxo,1:26.46,2026-02-21,4ª Jornada Escolar DFA,F,42.04;44.42,,
100 Libre,"GARCIA BARCINA, Iraia",2014,CI Laudio,1:26.48,2026-02-21,4ª Jornada Escolar DFA,F,42.70;43.78,,
100 Libre,"IBARRONDO ARRONIZ, Jone",2013,CN Judizmendi,1:27.91,2026-02-21,4ª Jornada Escolar DFA,F,43.12;44.79,,
100 Libre,"MUGICA DOLK, Greta",2014,CN Judizmendi,1:28.50,2026-02-21,4ª Jornada Escolar DFA,F,43.19;45.31,,
100 Libre,"MENDIBE SAN JUAN, Maider",2014,CN Menditxo,1:29.05,2026-02-21,4ª Jornada Escolar DFA,F,43.96;45.09,,
100 Libre,"BASTON VARELA, Carla",2014,CN Menditxo,1:29.16,2026-02-21,4ª Jornada Escolar DFA,F,41.49;47.67,,
100 Libre,"ARAUJO CAMPO, Iraide",2014,CI Laudio,1:31.46,2026-02-21,4ª Jornada Escolar DFA,F,42.48;48.98,,
100 Libre,"GASTON SOUTO, Nekane",2014,CI Laudio,1:34.35,2026-02-21,4ª Jornada Escolar DFA,F,42.13;52.22,,
100 Libre,"SANZ BASAGUREN, June",2014,CN Judizmendi,1:37.13,2026-02-21,4ª Jornada Escolar DFA,F,46.09;51.04,,
100 Libre,"BUSTINZA ABAD, Lur",2014,CN Judizmendi,1:37.80,2026-02-21,4ª Jornada Escolar DFA,F,,,
100 Libre,"IBISATE GONZALEZ, Udane",2014,CN Judizmendi,1:37.80,2026-02-21,4ª Jornada Escolar DFA,F,47.45;50.35,,
100 Libre,"FUENTE COLINO, Jone",2014,CN Zadorra,1:47.33,2026-02-21,4ª Jornada Escolar DFA,F,49.91;57.42,,
800 Libre,"GONZALEZ SAENZ DE OLAZAGOITIA, Candela",2013,CN Judizmendi,11:22.09,2026-02-21,4ª Jornada Escolar DFA,F,;1:18.72;;1:25.59;;1:26.51;;1:26.96;;1:27.32;;1:26.54;;1:27.57;;1:22.88,,
800 Libre,"EGUIDON VARGAS, Maren",2013,CN Menditxo,11:33.30,2026-02-21,4ª Jornada Escolar DFA,F,;1:19.12;;1:25.83;;1:27.37;;1:28.26;;1:29.70;;1:29.12;;1:29.38;;1:24.52,,
800 Libre,"FREIRE MARTIN, Haizea",2013,CN Menditxo,11:53.04,2026-02-21,4ª Jornada Escolar DFA,F,;1:21.30;;1:30.00;;1:31.90;;1:32.24;;1:32.54;;1:32.44;;1:30.77;;1:21.85,,
800 Libre,"ALVAREZ SERRANO, Iraia",2014,CN Judizmendi,11:57.83,2026-02-21,4ª Jornada Escolar DFA,F,;1:28.19;;1:30.26;;1:32.28;;1:31.18;;1:28.53;;1:29.07;;1:29.44;;1:28.88,,
800 Libre,"DAQUANNO, Gaia",2014,CN Menditxo,12:08.15,2026-02-21,4ª Jornada Escolar DFA,F,;1:26.91;;1:33.88;;1:36.52;;1:33.92;;1:32.60;;1:30.97;;1:29.28;;1:24.07,,
800 Libre,"SANTOS GARCIA, Uxue",2014,CN Menditxo,12:15.35,2026-02-21,4ª Jornada Escolar DFA,F,;1:28.00;;1:34.90;;1:35.07;;1:33.48;;1:32.22;;1:32.21;;1:32.79;;1:26.68,,
800 Libre,"ARETXEDERRETA PALACIOS, Eider",2014,CN Menditxo,12:23.74,2026-02-21,4ª Jornada Escolar DFA,F,;1:29.64;;1:33.84;;1:35.36;;1:34.79;;1:33.72;;1:32.71;;1:35.30;;1:28.38,,
800 Libre,"HERRERO ALONSO, Miren",2013,CN Judizmendi,12:24.50,2026-02-21,4ª Jornada Escolar DFA,F,;1:28.08;;1:33.54;;1:35.68;;1:33.98;;1:34.14;;1:36.49;;1:34.38;;1:28.21,,
800 Libre,"EGUILUZ MANERO, Malen",2014,CN Judizmendi,12:26.45,2026-02-21,4ª Jornada Escolar DFA,F,;1:28.99;;1:34.40;;1:35.49;;1:34.76;;1:35.08;;1:34.31;;1:34.47;;1:28.95,,
800 Libre,"GRISALEÑA SAN JOSE, Olaia",2013,CN Menditxo,13:07.64,2026-02-21,4ª Jornada Escolar DFA,F,;1:28.17;;1:37.98;;1:39.99;;1:40.81;;1:42.46;;1:41.69;;1:42.15;;1:34.39,,
800 Libre,"DIAZ CEBALLOS, Laida",2013,CN Urgain,13:54.78,2026-02-21,4ª Jornada Escolar DFA,F,;1:30.44;;1:41.59;;1:45.80;;1:46.71;;1:50.58;;1:50.64;;1:48.89;;1:40.13,,
800 Libre,"GOMEZ ARTOLA, Ilargi",2013,CN Urgain,14:05.05,2026-02-21,4ª Jornada Escolar DFA,F,;1:35.93;;1:45.62;;1:48.74;;1:47.61;;1:48.43;;1:49.13;;1:45.92;;1:43.67,,
800 Libre,"VICENTE ESPINOSA, Noa",2013,CN Urgain,14:39.20,2026-02-21,4ª Jornada Escolar DFA,F,;1:43.25;;1:50.85;;1:52.21;;1:53.86;;1:54.65;;1:54.92;;1:51.55;;1:37.91,,
800 Libre,"MONTES LOPEZ, Ane",2013,CN Urgain,14:43.36,2026-02-21,4ª Jornada Escolar DFA,F,;1:39.45;;1:51.30;;1:52.00;;1:53.46;;1:51.81;;1:56.86;;1:56.27;;1:42.21,,
100 Espalda,"GONZALEZ SAENZ DE OLAZAGOITIA, Candela",2013,CN Judizmendi,1:24.88,2026-02-21,4ª Jornada Escolar DFA,F,41.01;43.87,,
100 Espalda,"PRIETO BOTO, Olatz",2014,CN Menditxo,1:27.55,2026-02-21,4ª Jornada Escolar DFA,F,43.64;43.91,,
100 Espalda,"ALVAREZ SERRANO, Iraia",2014,CN Judizmendi,1:31.20,2026-02-21,4ª Jornada Escolar DFA,F,44.68;46.52,,
100 Espalda,"HIJONA SANCHEZ, June",2014,CN Judizmendi,1:34.13,2026-02-21,4ª Jornada Escolar DFA,F,46.14;47.99,,
100 Espalda,"HERRERO ALONSO, Miren",2013,CN Judizmendi,1:34.22,2026-02-21,4ª Jornada Escolar DFA,F,44.87;49.35,,
100 Espalda,"MARCO GARCIA, June",2014,CN Menditxo,1:36.52,2026-02-21,4ª Jornada Escolar DFA,F,47.25;49.27,,
100 Espalda,"CARPIO RODRIGUEZ, Ane",2014,CN Judizmendi,1:38.75,2026-02-21,4ª Jornada Escolar DFA,F,47.96;50.79,,
100 Espalda,"GARCIA BARCINA, Iraia",2014,CI Laudio,1:41.12,2026-02-21,4ª Jornada Escolar DFA,F,49.30;51.82,,
100 Espalda,"ARAUJO CAMPO, Iraide",2014,CI Laudio,1:42.91,2026-02-21,4ª Jornada Escolar DFA,F,50.93;51.98,,
100 Espalda,"BALSATEGUI SANCHEZ, Maialen",2013,CN Menditxo,1:44.02,2026-02-21,4ª Jornada Escolar DFA,F,52.25;51.77,,
100 Espalda,"IBISATE GONZALEZ, Udane",2014,CN Judizmendi,1:48.71,2026-02-21,4ª Jornada Escolar DFA,F,52.11;56.60,,
100 Espalda,"GASTON SOUTO, Nekane",2014,CI Laudio,1:53.09,2026-02-21,4ª Jornada Escolar DFA,F,54.18;58.91,,
50 Braza,"ARAICO QUINTANA, Sara",2013,CN Judizmendi,38.55,2026-02-21,4ª Jornada Escolar DFA,F,,,
50 Braza,"EGUIDON VARGAS, Maren",2013,CN Menditxo,44.16,2026-02-21,4ª Jornada Escolar DFA,F,,,
50 Braza,"DAQUANNO, Gaia",2014,CN Menditxo,45.82,2026-02-21,4ª Jornada Escolar DFA,F,,,
50 Braza,"RODRIGUEZ ZUBIAURRE, Ayla",2014,CN Judizmendi,47.62,2026-02-21,4ª Jornada Escolar DFA,F,,,
50 Braza,"EGUIGUREN SANCHEZ, Carla",2014,CN Menditxo,47.70,2026-02-21,4ª Jornada Escolar DFA,F,,,
50 Braza,"MENDIBE SAN JUAN, Maider",2014,CN Menditxo,49.98,2026-02-21,4ª Jornada Escolar DFA,F,,,
50 Braza,"GARCIA BARCINA, Iraia",2014,CI Laudio,50.53,2026-02-21,4ª Jornada Escolar DFA,F,,,
50 Braza,"MUGICA DOLK, Greta",2014,CN Judizmendi,50.86,2026-02-21,4ª Jornada Escolar DFA,F,,,
50 Braza,"BUSTINZA ABAD, Lur",2014,CN Judizmendi,51.06,2026-02-21,4ª Jornada Escolar DFA,F,,,
50 Braza,"BASTON VARELA, Carla",2014,CN Menditxo,51.08,2026-02-21,4ª Jornada Escolar DFA,F,,,
50 Braza,"EGUILUZ MANERO, Malen",2014,CN Judizmendi,51.60,2026-02-21,4ª Jornada Escolar DFA,F,,,
50 Braza,"SANZ BASAGUREN, June",2014,CN Judizmendi,55.53,2026-02-21,4ª Jornada Escolar DFA,F,,,
50 Braza,"GASTON SOUTO, Nekane",2014,CI Laudio,56.31,2026-02-21,4ª Jornada Escolar DFA,F,,,
50 Braza,"ARAUJO CAMPO, Iraide",2014,CI Laudio,1:01.05,2026-02-21,4ª Jornada Escolar DFA,F,,,
50 Braza,"FUENTE COLINO, Jone",2014,CN Zadorra,1:03.45,2026-02-21,4ª Jornada Escolar DFA,F,,,
50 Braza,"PEÑA BIDONDO, Haizea",2014,CN Urgain,1:08.56,2026-02-21,4ª Jornada Escolar DFA,F,,,
100 Espalda,"CORRALEJO FRIAS, Alex",2013,CN Judizmendi,1:24.63,2026-02-21,4ª Jornada Escolar DFA,M,41.95;42.68,,
100 Espalda,"CASADO BAZAN, Alain",2013,CN Menditxo,1:31.98,2026-02-21,4ª Jornada Escolar DFA,M,45.65;46.33,,
100 Espalda,"SEDO MARTIN, Ibai",2014,CN Menditxo,1:35.72,2026-02-21,4ª Jornada Escolar DFA,M,45.68;50.04,,
100 Espalda,"SORIGUREN FERNANDEZ, Markel",2013,CN Judizmendi,1:37.60,2026-02-21,4ª Jornada Escolar DFA,M,47.81;49.79,,
100 Espalda,"GUTIERREZ ARTOLA, Hegoi",2013,CN Zadorra,1:38.02,2026-02-21,4ª Jornada Escolar DFA,M,48.75;49.27,,
100 Espalda,"PUENTE GOMEZ, Jon",2013,CN Judizmendi,1:39.09,2026-02-21,4ª Jornada Escolar DFA,M,47.56;51.53,,
100 Espalda,"ARENAS LOPEZ, Ander",2014,CN Menditxo,1:46.98,2026-02-21,4ª Jornada Escolar DFA,M,52.77;54.21,,
100 Espalda,"PAIVA ALFONZO, Santiago Rafael",2014,CN Zadorra,2:30.30,2026-02-21,4ª Jornada Escolar DFA,M,1:06.09;1:24.21,,
50 Braza,"MARTINEZ DE AGIRRE MARTINEZ, Oihu",2014,CN Menditxo,40.44,2026-02-21,4ª Jornada Escolar DFA,M,,,
50 Braza,"ANTOLIN CARDENAS, Asier",2014,CN Menditxo,41.40,2026-02-21,4ª Jornada Escolar DFA,M,,,
50 Braza,"GONZALEZ BERNARDO, Aritz",2013,CN Menditxo,46.70,2026-02-21,4ª Jornada Escolar DFA,M,,,
50 Braza,"RIOS ANSOTEGUI, Iker",2014,CN Judizmendi,46.80,2026-02-21,4ª Jornada Escolar DFA,M,,,
50 Braza,"IBARRARAN RAMIREZ DE OCARIZ, Xabier",2014,CN Judizmendi,48.05,2026-02-21,4ª Jornada Escolar DFA,M,,,
50 Braza,"GABILONDO IBÁÑEZ DE GAUNA, Ekai",2014,CN Judizmendi,48.49,2026-02-21,4ª Jornada Escolar DFA,M,,,
50 Braza,"DEL CANTO APELLANIZ, Martin",2013,CN Judizmendi,49.17,2026-02-21,4ª Jornada Escolar DFA,M,,,
50 Braza,"MARTINEZ ROJO, Diego",2013,CN Judizmendi,49.33,2026-02-21,4ª Jornada Escolar DFA,M,,,
50 Braza,"ALAVA DIAZ DE OTAZU, Oier",2014,CN Judizmendi,49.68,2026-02-21,4ª Jornada Escolar DFA,M,,,
50 Braza,"ARENAS LOPEZ, Ander",2014,CN Menditxo,51.61,2026-02-21,4ª Jornada Escolar DFA,M,,,
50 Braza,"GIL LOPEZ, Erik",2014,CN Menditxo,51.77,2026-02-21,4ª Jornada Escolar DFA,M,,,
50 Braza,"SEDO MARTIN, Ibai",2014,CN Menditxo,53.48,2026-02-21,4ª Jornada Escolar DFA,M,,,
50 Braza,"GUTIERREZ ARTOLA, Hegoi",2013,CN Zadorra,55.57,2026-02-21,4ª Jornada Escolar DFA,M,,,
50 Braza,"ZERUKO CANTERA VAZQUEZ, Adrian",2014,CN Menditxo,56.43,2026-02-21,4ª Jornada Escolar DFA,M,,,
50 Braza,"MONTOYA ESCUDERO, Unax",2014,CN Menditxo,59.82,2026-02-21,4ª Jornada Escolar DFA,M,,,
100 Mariposa,"CORRALEJO FRIAS, Alex",2013,CN Judizmendi,1:22.74,2026-02-21,4ª Jornada Escolar DFA,M,39.25;43.49,,
100 Mariposa,"RIOS ANSOTEGUI, Iker",2014,CN Judizmendi,1:25.61,2026-02-21,4ª Jornada Escolar DFA,M,40.29;45.32,,
100 Mariposa,"ANTOLIN CARDENAS, Asier",2014,CN Menditxo,1:28.90,2026-02-21,4ª Jornada Escolar DFA,M,41.93;46.97,,
100 Mariposa,"ALAVA DIAZ DE OTAZU, Oier",2014,CN Judizmendi,1:30.35,2026-02-21,4ª Jornada Escolar DFA,M,41.94;48.41,,
100 Mariposa,"MORAL MIELGO, Nikko",2013,CN Judizmendi,1:34.74,2026-02-21,4ª Jornada Escolar DFA,M,42.53;52.21,,
100 Mariposa,"MARTINEZ ROJO, Diego",2013,CN Judizmendi,1:35.04,2026-02-21,4ª Jornada Escolar DFA,M,43.18;51.86,,
100 Mariposa,"GONZALEZ BERNARDO, Aritz",2013,CN Menditxo,1:37.22,2026-02-21,4ª Jornada Escolar DFA,M,45.41;51.81,,
100 Mariposa,"MARTINEZ DE AGIRRE MARTINEZ, Oihu",2014,CN Menditxo,1:39.65,2026-02-21,4ª Jornada Escolar DFA,M,47.90;51.75,,
100 Mariposa,"PUENTE GOMEZ, Jon",2013,CN Judizmendi,1:40.59,2026-02-21,4ª Jornada Escolar DFA,M,47.38;53.21,,
100 Mariposa,"GALARRETA SERRANO, Ibai",2013,CN Zadorra,1:41.77,2026-02-21,4ª Jornada Escolar DFA,M,45.82;55.95,,
100 Mariposa,"SORIGUREN FERNANDEZ, Markel",2013,CN Judizmendi,1:42.24,2026-02-21,4ª Jornada Escolar DFA,M,47.16;55.08,,
100 Mariposa,"GIL LOPEZ, Erik",2014,CN Menditxo,1:45.06,2026-02-21,4ª Jornada Escolar DFA,M,48.54;56.52,,
100 Mariposa,"DEL CANTO APELLANIZ, Martin",2013,CN Judizmendi,1:48.01,2026-02-21,4ª Jornada Escolar DFA,M,48.53;59.48,,
100 Mariposa,"GABILONDO IBÁÑEZ DE GAUNA, Ekai",2014,CN Judizmendi,1:50.04,2026-02-21,4ª Jornada Escolar DFA,M,48.72;1:01.32,,
100 Mariposa,"ZERUKO CANTERA VAZQUEZ, Adrian",2014,CN Menditxo,1:50.98,2026-02-21,4ª Jornada Escolar DFA,M,52.53;58.45,,
50 Libre,"DAQUANNO, Gaia",2014,CN Menditxo,34.13,2026-03-07,36 Trofeo IT Laudio,F,,,
50 Libre,"CASTRESANA LIÑÁN, Martina",2013,CN Judizmendi,34.67,2026-03-07,36 Trofeo IT Laudio,F,,,
50 Libre,"PADILLA MOLDON, Maialen",2013,CN Judizmendi,34.76,2026-03-07,36 Trofeo IT Laudio,F,,,
50 Libre,"EGUILUZ MANERO, Malen",2014,CN Judizmendi,36.06,2026-03-07,36 Trofeo IT Laudio,F,,,
50 Libre,"GRISALEÑA SAN JOSE, Olaia",2013,CN Menditxo,36.25,2026-03-07,36 Trofeo IT Laudio,F,,,
50 Libre,"GOMEZ ARTOLA, Ilargi",2013,CN Urgain,37.19,2026-03-07,36 Trofeo IT Laudio,F,,,
50 Libre,"MARCO GARCIA, June",2014,CN Menditxo,38.56,2026-03-07,36 Trofeo IT Laudio,F,,,
50 Libre,"ARAUJO CAMPO, Iraide",2014,CI Laudio,41.48,2026-03-07,36 Trofeo IT Laudio,F,,,
50 Libre,"ALONSO VAZ, Himilce",2013,CI Laudio,45.73,2026-03-07,36 Trofeo IT Laudio,F,,,
50 Libre,"FIGUEROA TERCILLA, Lucia",2014,CI Laudio,48.74,2026-03-07,36 Trofeo IT Laudio,F,,,
100 Libre,"EGUIDON VARGAS, Maren",2013,CN Menditxo,1:09.90,2026-03-07,36 Trofeo IT Laudio,F,33.76;36.14,,
100 Libre,"GONZALEZ SAENZ DE OLAZAGOITIA, Candela",2013,CN Judizmendi,1:10.92,2026-03-07,36 Trofeo IT Laudio,F,33.97;36.95,,
100 Libre,"FREIRE MARTIN, Haizea",2013,CN Menditxo,1:14.58,2026-03-07,36 Trofeo IT Laudio,F,37.05;37.53,,
100 Libre,"ALVAREZ SERRANO, Iraia",2014,CN Judizmendi,1:15.42,2026-03-07,36 Trofeo IT Laudio,F,36.49;38.93,,
100 Libre,"HERRERO ALONSO, Miren",2013,CN Judizmendi,1:18.17,2026-03-07,36 Trofeo IT Laudio,F,38.81;39.36,,
100 Libre,"HIJONA SANCHEZ, June",2014,CN Judizmendi,1:18.22,2026-03-07,36 Trofeo IT Laudio,F,36.56;41.66,,
100 Libre,"EGUIGUREN SANCHEZ, Carla",2014,CN Menditxo,1:24.66,2026-03-07,36 Trofeo IT Laudio,F,39.23;45.43,,
100 Libre,"DIAZ CEBALLOS, Laida",2013,CN Urgain,1:25.40,2026-03-07,36 Trofeo IT Laudio,F,40.87;44.53,,
100 Libre,"VICENTE ESPINOSA, Noa",2013,CN Urgain,1:26.75,2026-03-07,36 Trofeo IT Laudio,F,42.14;44.61,,
100 Libre,"GARCIA BARCINA, Iraia",2014,CI Laudio,1:27.50,2026-03-07,36 Trofeo IT Laudio,F,43.22;44.28,,
100 Libre,"BALSATEGUI SANCHEZ, Maialen",2013,CN Menditxo,1:29.64,2026-03-07,36 Trofeo IT Laudio,F,43.25;46.39,,
100 Libre,"GASTON SOUTO, Nekane",2014,CI Laudio,1:41.71,2026-03-07,36 Trofeo IT Laudio,F,44.66;57.05,,
100 Libre,"ALONSO VAZ, Himilce",2013,CI Laudio,1:44.09,2026-03-07,36 Trofeo IT Laudio,F,48.07;56.02,,
100 Libre,"FERNANDEZ MOREIRA, Haizea",2014,CN Menditxo,2:05.40,2026-03-07,36 Trofeo IT Laudio,F,55.65;1:09.75,,
50 Espalda,"ARETXEDERRETA PALACIOS, Eider",2014,CN Menditxo,39.54,2026-03-07,36 Trofeo IT Laudio,F,,,
50 Espalda,"FREIRE MARTIN, Haizea",2013,CN Menditxo,40.11,2026-03-07,36 Trofeo IT Laudio,F,,,
50 Espalda,"SANTOS GARCIA, Uxue",2014,CN Menditxo,41.24,2026-03-07,36 Trofeo IT Laudio,F,,,
50 Espalda,"HERRERO ALONSO, Miren",2013,CN Judizmendi,42.68,2026-03-07,36 Trofeo IT Laudio,F,,,
50 Espalda,"GARCIA BARCINA, Iraia",2014,CI Laudio,44.96,2026-03-07,36 Trofeo IT Laudio,F,,,
50 Espalda,"MENDIBE SAN JUAN, Maider",2014,CN Menditxo,51.03,2026-03-07,36 Trofeo IT Laudio,F,,,
50 Espalda,"ALONSO VAZ, Himilce",2013,CI Laudio,52.66,2026-03-07,36 Trofeo IT Laudio,F,,,
50 Espalda,"FIGUEROA TERCILLA, Lucia",2014,CI Laudio,59.13,2026-03-07,36 Trofeo IT Laudio,F,,,
100 Espalda,"DAQUANNO, Gaia",2014,CN Menditxo,1:23.81,2026-03-07,36 Trofeo IT Laudio,F,41.59;42.22,,
100 Espalda,"CASTRESANA LIÑÁN, Martina",2013,CN Judizmendi,1:26.59,2026-03-07,36 Trofeo IT Laudio,F,42.79;43.80,,
100 Espalda,"GRISALEÑA SAN JOSE, Olaia",2013,CN Menditxo,1:29.76,2026-03-07,36 Trofeo IT Laudio,F,43.19;46.57,,
100 Espalda,"ALVAREZ SERRANO, Iraia",2014,CN Judizmendi,1:29.94,2026-03-07,36 Trofeo IT Laudio,F,44.37;45.57,,
100 Espalda,"MARCO GARCIA, June",2014,CN Menditxo,1:33.72,2026-03-07,36 Trofeo IT Laudio,F,46.16;47.56,,
100 Espalda,"PADILLA MOLDON, Maialen",2013,CN Judizmendi,1:37.62,2026-03-07,36 Trofeo IT Laudio,F,45.99;51.63,,
100 Espalda,"GASTON SOUTO, Nekane",2014,CI Laudio,1:53.52,2026-03-07,36 Trofeo IT Laudio,F,53.77;59.75,,
50 Braza,"HIJONA SANCHEZ, June",2014,CN Judizmendi,44.10,2026-03-07,36 Trofeo IT Laudio,F,,,
50 Braza,"GOMEZ ARTOLA, Ilargi",2013,CN Urgain,46.21,2026-03-07,36 Trofeo IT Laudio,F,,,
50 Braza,"EGUIGUREN SANCHEZ, Carla",2014,CN Menditxo,46.79,2026-03-07,36 Trofeo IT Laudio,F,,,
50 Braza,"VICENTE ESPINOSA, Noa",2013,CN Urgain,48.70,2026-03-07,36 Trofeo IT Laudio,F,,,
50 Braza,"DIAZ CEBALLOS, Laida",2013,CN Urgain,51.37,2026-03-07,36 Trofeo IT Laudio,F,,,
50 Braza,"MENDIBE SAN JUAN, Maider",2014,CN Menditxo,51.50,2026-03-07,36 Trofeo IT Laudio,F,,,
50 Braza,"BASTON VARELA, Carla",2014,CN Menditxo,52.15,2026-03-07,36 Trofeo IT Laudio,F,,,
50 Braza,"GASTON SOUTO, Nekane",2014,CI Laudio,52.57,2026-03-07,36 Trofeo IT Laudio,F,,,
50 Braza,"BALSATEGUI SANCHEZ, Maialen",2013,CN Menditxo,53.58,2026-03-07,36 Trofeo IT Laudio,F,,,
50 Braza,"FIGUEROA TERCILLA, Lucia",2014,CI Laudio,1:03.05,2026-03-07,36 Trofeo IT Laudio,F,,,
100 Braza,"ARAICO QUINTANA, Sara",2013,CN Judizmendi,1:24.74,2026-03-07,36 Trofeo IT Laudio,F,40.18;44.56,,
100 Braza,"ARETXEDERRETA PALACIOS, Eider",2014,CN Menditxo,1:39.15,2026-03-07,36 Trofeo IT Laudio,F,45.86;53.29,,
100 Braza,"IBARRONDO ARRONIZ, Jone",2013,CN Judizmendi,1:43.28,2026-03-07,36 Trofeo IT Laudio,F,49.55;53.73,,
100 Braza,"MUGICA DOLK, Greta",2014,CN Judizmendi,1:44.32,2026-03-07,36 Trofeo IT Laudio,F,50.07;54.25,,
50 Mariposa,"GONZALEZ SAENZ DE OLAZAGOITIA, Candela",2013,CN Judizmendi,37.37,2026-03-07,36 Trofeo IT Laudio,F,,,
50 Mariposa,"EGUILUZ MANERO, Malen",2014,CN Judizmendi,40.83,2026-03-07,36 Trofeo IT Laudio,F,,,
50 Mariposa,"IBARRONDO ARRONIZ, Jone",2013,CN Judizmendi,46.25,2026-03-07,36 Trofeo IT Laudio,F,,,
100 Mariposa,"EGUIDON VARGAS, Maren",2013,CN Menditxo,1:19.03,2026-03-07,36 Trofeo IT Laudio,F,35.83;43.20,,
100 Mariposa,"ARAICO QUINTANA, Sara",2013,CN Judizmendi,1:25.01,2026-03-07,36 Trofeo IT Laudio,F,,,
100 Mariposa,"SANTOS GARCIA, Uxue",2014,CN Menditxo,1:30.81,2026-03-07,36 Trofeo IT Laudio,F,42.28;48.53,,
50 Libre,"ANTOLIN CARDENAS, Asier",2014,CN Menditxo,31.90,2026-03-07,36 Trofeo IT Laudio,M,,,
50 Libre,"ALAVA DIAZ DE OTAZU, Oier",2014,CN Judizmendi,37.14,2026-03-07,36 Trofeo IT Laudio,M,,,
50 Libre,"SEDO MARTIN, Ibai",2014,CN Menditxo,37.67,2026-03-07,36 Trofeo IT Laudio,M,,,
100 Libre,"CORRALEJO FRIAS, Alex",2013,CN Judizmendi,1:11.06,2026-03-07,36 Trofeo IT Laudio,M,34.96;36.10,,
100 Libre,"MORAL MIELGO, Nikko",2013,CN Judizmendi,1:13.91,2026-03-07,36 Trofeo IT Laudio,M,35.11;38.80,,
100 Libre,"ROBLES GOMEZ, Iago",2013,CI Laudio,1:36.12,2026-03-07,36 Trofeo IT Laudio,M,46.49;49.63,,
100 Libre,"ARENAS LOPEZ, Ander",2014,CN Menditxo,1:38.64,2026-03-07,36 Trofeo IT Laudio,M,47.08;51.56,,
50 Espalda,"SALOMAO ANTEPARA, Gabriel",2014,CN Menditxo,39.13,2026-03-07,36 Trofeo IT Laudio,M,,,
50 Espalda,"CORRALEJO FRIAS, Alex",2013,CN Judizmendi,39.14,2026-03-07,36 Trofeo IT Laudio,M,,,
50 Espalda,"CASADO BAZAN, Alain",2013,CN Menditxo,41.03,2026-03-07,36 Trofeo IT Laudio,M,,,
50 Espalda,"ROBLES GOMEZ, Iago",2013,CI Laudio,54.65,2026-03-07,36 Trofeo IT Laudio,M,,,
100 Espalda,"SALOMAO ANTEPARA, Gabriel",2014,CN Menditxo,1:28.15,2026-03-07,36 Trofeo IT Laudio,M,42.74;45.41,,
100 Espalda,"CASADO BAZAN, Alain",2013,CN Menditxo,1:31.87,2026-03-07,36 Trofeo IT Laudio,M,46.46;45.41,,
100 Espalda,"ZERUKO CANTERA VAZQUEZ, Adrian",2014,CN Menditxo,1:40.20,2026-03-07,36 Trofeo IT Laudio,M,51.27;48.93,,
50 Braza,"MARTINEZ DE AGIRRE MARTINEZ, Oihu",2014,CN Menditxo,39.73,2026-03-07,36 Trofeo IT Laudio,M,,,
50 Braza,"ARENAS LOPEZ, Ander",2014,CN Menditxo,50.58,2026-03-07,36 Trofeo IT Laudio,M,,,
100 Braza,"ANTOLIN CARDENAS, Asier",2014,CN Menditxo,1:30.77,2026-03-07,36 Trofeo IT Laudio,M,42.69;48.08,,
100 Braza,"IBARRARAN RAMIREZ DE OCARIZ, Xabier",2014,CN Judizmendi,1:41.05,2026-03-07,36 Trofeo IT Laudio,M,47.40;53.65,,
100 Braza,"GIL LOPEZ, Erik",2014,CN Menditxo,1:51.71,2026-03-07,36 Trofeo IT Laudio,M,,,
50 Mariposa,"ZERUKO CANTERA VAZQUEZ, Adrian",2014,CN Menditxo,43.19,2026-03-07,36 Trofeo IT Laudio,M,,,
50 Mariposa,"IBARRARAN RAMIREZ DE OCARIZ, Xabier",2014,CN Judizmendi,44.10,2026-03-07,36 Trofeo IT Laudio,M,,,
50 Espalda,"ARAICO QUINTANA, Sara",2013,CN Judizmendi,37.25,2026-03-14,5ª Jornada Escolar,F,,,
50 Espalda,"GONZALEZ SAENZ DE OLAZAGOITIA, Candela",2013,CN Judizmendi,37.87,2026-03-14,5ª Jornada Escolar,F,,,
50 Espalda,"CASTRESANA LIÑÁN, Martina",2013,CN Judizmendi,40.35,2026-03-14,5ª Jornada Escolar,F,,,
50 Espalda,"GRISALEÑA SAN JOSE, Olaia",2013,CN Menditxo,41.72,2026-03-14,5ª Jornada Escolar,F,,,
50 Espalda,"ALVAREZ SERRANO, Iraia",2014,CN Judizmendi,41.84,2026-03-14,5ª Jornada Escolar,F,,,
50 Espalda,"EGUILUZ MANERO, Malen",2014,CN Judizmendi,41.94,2026-03-14,5ª Jornada Escolar,F,,,
50 Espalda,"HERRERO ALONSO, Miren",2013,CN Judizmendi,42.30,2026-03-14,5ª Jornada Escolar,F,,,
50 Espalda,"MARCO GARCIA, June",2014,CN Menditxo,43.91,2026-03-14,5ª Jornada Escolar,F,,,
50 Espalda,"PADILLA MOLDON, Maialen",2013,CN Judizmendi,44.35,2026-03-14,5ª Jornada Escolar,F,,,
50 Espalda,"MUGICA DOLK, Greta",2014,CN Judizmendi,45.28,2026-03-14,5ª Jornada Escolar,F,,,
50 Espalda,"MARTÍNEZ DE ANTOÑANA VILLASANTE, Iraia",2014,CN Judizmendi,45.62,2026-03-14,5ª Jornada Escolar,F,,,
50 Espalda,"CARPIO RODRIGUEZ, Ane",2014,CN Judizmendi,45.71,2026-03-14,5ª Jornada Escolar,F,,,
50 Espalda,"GARCIA BARCINA, Iraia",2014,CI Laudio,46.65,2026-03-14,5ª Jornada Escolar,F,,,
50 Espalda,"IBARRONDO ARRONIZ, Jone",2013,CN Judizmendi,46.78,2026-03-14,5ª Jornada Escolar,F,,,
50 Espalda,"ARAUJO CAMPO, Iraide",2014,CI Laudio,47.37,2026-03-14,5ª Jornada Escolar,F,,,
50 Espalda,"RODRIGUEZ ZUBIAURRE, Ayla",2014,CN Judizmendi,47.43,2026-03-14,5ª Jornada Escolar,F,,,
50 Espalda,"GASTON SOUTO, Nekane",2014,CI Laudio,53.59,2026-03-14,5ª Jornada Escolar,F,,,
50 Espalda,"SANZ BASAGUREN, June",2014,CN Judizmendi,54.07,2026-03-14,5ª Jornada Escolar,F,,,
50 Espalda,"FUENTE COLINO, Jone",2014,CN Zadorra,57.93,2026-03-14,5ª Jornada Escolar,F,,,
50 Espalda,"FERNANDEZ MOREIRA, Haizea",2014,CN Menditxo,59.87,2026-03-14,5ª Jornada Escolar,F,,,
100 Braza,"HIJONA SANCHEZ, June",2014,CN Judizmendi,1:37.18,2026-03-14,5ª Jornada Escolar,F,46.01;51.17,,
100 Braza,"PADILLA MOLDON, Maialen",2013,CN Judizmendi,1:37.36,2026-03-14,5ª Jornada Escolar,F,45.77;51.59,,
100 Braza,"RODRIGUEZ ZUBIAURRE, Ayla",2014,CN Judizmendi,1:40.38,2026-03-14,5ª Jornada Escolar,F,47.72;52.66,,
100 Braza,"IBARRONDO ARRONIZ, Jone",2013,CN Judizmendi,1:43.12,2026-03-14,5ª Jornada Escolar,F,49.48;53.64,,
100 Braza,"MUGICA DOLK, Greta",2014,CN Judizmendi,1:43.45,2026-03-14,5ª Jornada Escolar,F,50.41;53.04,,
100 Braza,"PRIETO BOTO, Olatz",2014,CN Menditxo,1:44.32,2026-03-14,5ª Jornada Escolar,F,49.37;54.95,,
100 Braza,"EGUIGUREN SANCHEZ, Carla",2014,CN Menditxo,1:46.82,2026-03-14,5ª Jornada Escolar,F,50.03;56.79,,
100 Braza,"DIAZ CEBALLOS, Laida",2013,CN Urgain,1:47.60,2026-03-14,5ª Jornada Escolar,F,47.62;59.98,,
100 Braza,"MENDIBE SAN JUAN, Maider",2014,CN Menditxo,1:48.46,2026-03-14,5ª Jornada Escolar,F,53.32;55.14,,
100 Braza,"GARCIA BARCINA, Iraia",2014,CI Laudio,1:50.57,2026-03-14,5ª Jornada Escolar,F,53.46;57.11,,
100 Braza,"CARPIO RODRIGUEZ, Ane",2014,CN Judizmendi,1:56.90,2026-03-14,5ª Jornada Escolar,F,57.54;59.36,,
100 Braza,"SANZ BASAGUREN, June",2014,CN Judizmendi,1:57.24,2026-03-14,5ª Jornada Escolar,F,56.94;1:00.30,,
100 Braza,"GASTON SOUTO, Nekane",2014,CI Laudio,2:03.52,2026-03-14,5ª Jornada Escolar,F,56.98;1:06.54,,
100 Braza,"MONTES LOPEZ, Ane",2013,CN Urgain,2:08.57,2026-03-14,5ª Jornada Escolar,F,58.46;1:10.11,,
100 Braza,"PEÑA BIDONDO, Haizea",2014,CN Urgain,2:28.17,2026-03-14,5ª Jornada Escolar,F,1:08.25;1:19.92,,
100 Braza,"FERNANDEZ MOREIRA, Haizea",2014,CN Menditxo,2:47.55,2026-03-14,5ª Jornada Escolar,F,1:17.70;1:29.85,,
100 Mariposa,"GONZALEZ SAENZ DE OLAZAGOITIA, Candela",2013,CN Judizmendi,1:24.14,2026-03-14,5ª Jornada Escolar,F,39.39;44.75,,
100 Mariposa,"ARAICO QUINTANA, Sara",2013,CN Judizmendi,1:25.72,2026-03-14,5ª Jornada Escolar,F,38.08;47.64,,
100 Mariposa,"CASTRESANA LIÑÁN, Martina",2013,CN Judizmendi,1:30.06,2026-03-14,5ª Jornada Escolar,F,42.09;47.97,,
100 Mariposa,"EGUILUZ MANERO, Malen",2014,CN Judizmendi,1:37.52,2026-03-14,5ª Jornada Escolar,F,45.18;52.34,,
100 Mariposa,"HIJONA SANCHEZ, June",2014,CN Judizmendi,1:38.98,2026-03-14,5ª Jornada Escolar,F,44.38;54.60,,
100 Mariposa,"HERRERO ALONSO, Miren",2013,CN Judizmendi,1:42.67,2026-03-14,5ª Jornada Escolar,F,48.70;53.97,,
100 Mariposa,"MARTÍNEZ DE ANTOÑANA VILLASANTE, Iraia",2014,CN Judizmendi,1:49.77,2026-03-14,5ª Jornada Escolar,F,50.49;59.28,,
100 Mariposa,"GRISALEÑA SAN JOSE, Olaia",2013,CN Menditxo,1:50.11,2026-03-14,5ª Jornada Escolar,F,51.26;58.85,,
100 Mariposa,"GARCIA BARCINA, Iraia",2014,CI Laudio,1:52.27,2026-03-14,5ª Jornada Escolar,F,52.43;59.84,,
100 Mariposa,"EGUIGUREN SANCHEZ, Carla",2014,CN Menditxo,1:52.44,2026-03-14,5ª Jornada Escolar,F,50.70;1:01.74,,
100 Mariposa,"GASTON SOUTO, Nekane",2014,CI Laudio,2:09.52,2026-03-14,5ª Jornada Escolar,F,56.66;1:12.86,,
100 Mariposa,"ARAUJO CAMPO, Iraide",2014,CI Laudio,2:09.80,2026-03-14,5ª Jornada Escolar,F,57.58;1:12.22,,
200 Mariposa,"EGUIDON VARGAS, Maren",2013,CN Menditxo,3:04.73,2026-03-14,5ª Jornada Escolar,F,38.38;48.35;49.62;48.38,,
200 Mariposa,"ALVAREZ SERRANO, Iraia",2014,CN Judizmendi,3:24.83,2026-03-14,5ª Jornada Escolar,F,45.85;54.09;53.73;51.16,,
200 Mariposa,"SANTOS GARCIA, Uxue",2014,CN Menditxo,3:27.35,2026-03-14,5ª Jornada Escolar,F,46.74;54.66;53.49;52.46,,
200 Mariposa,"FREIRE MARTIN, Haizea",2013,CN Menditxo,3:36.39,2026-03-14,5ª Jornada Escolar,F,48.84;57.54;58.14;51.87,,
200 Mariposa,"MARCO GARCIA, June",2014,CN Menditxo,3:36.93,2026-03-14,5ª Jornada Escolar,F,46.62;55.68;56.79;57.84,,
200 Mariposa,"ARETXEDERRETA PALACIOS, Eider",2014,CN Menditxo,3:44.81,2026-03-14,5ª Jornada Escolar,F,46.82;56.75;1:01.38;59.86,,
200 Mariposa,"DAQUANNO, Gaia",2014,CN Menditxo,3:46.44,2026-03-14,5ª Jornada Escolar,F,47.21;57.70;1:03.24;58.29,,
200 Mariposa,"PRIETO BOTO, Olatz",2014,CN Menditxo,3:58.02,2026-03-14,5ª Jornada Escolar,F,54.91;1:00.25;1:02.80;1:00.06,,
100 Libre,"DEL CANTO APELLANIZ, Martin",2013,CN Judizmendi,1:19.34,2026-03-14,5ª Jornada Escolar,M,38.63;40.71,,
100 Libre,"SORIGUREN FERNANDEZ, Markel",2013,CN Judizmendi,1:20.08,2026-03-14,5ª Jornada Escolar,M,39.14;40.94,,
100 Libre,"PUENTE GOMEZ, Jon",2013,CN Judizmendi,1:23.04,2026-03-14,5ª Jornada Escolar,M,39.40;43.64,,
100 Libre,"DIAZ DE CERIO ABASOLO, Eneko",2013,CN Judizmendi,1:24.33,2026-03-14,5ª Jornada Escolar,M,40.15;44.18,,
100 Libre,"SEDO MARTIN, Ibai",2014,CN Menditxo,1:26.55,2026-03-14,5ª Jornada Escolar,M,41.27;45.28,,
100 Libre,"MONTOYA ESCUDERO, Unax",2014,CN Menditxo,1:27.64,2026-03-14,5ª Jornada Escolar,M,43.02;44.62,,
100 Libre,"ZERUKO CANTERA VAZQUEZ, Adrian",2014,CN Menditxo,1:27.96,2026-03-14,5ª Jornada Escolar,M,43.09;44.87,,
100 Libre,"GUTIERREZ ARTOLA, Hegoi",2013,CN Zadorra,1:30.44,2026-03-14,5ª Jornada Escolar,M,42.59;47.85,,
100 Libre,"GIL LOPEZ, Erik",2014,CN Menditxo,1:31.43,2026-03-14,5ª Jornada Escolar,M,40.97;50.46,,
100 Libre,"FERNANDEZ DE ROMARATEGUI RUIZ DE EGUINO, A.",2013,CN Urgain,1:33.34,2026-03-14,5ª Jornada Escolar,M,44.13;49.21,,
100 Libre,"ARENAS LOPEZ, Ander",2014,CN Menditxo,1:34.29,2026-03-14,5ª Jornada Escolar,M,44.35;49.94,,
100 Libre,"PLAGARO ROJO, Markel",2014,CN Judizmendi,1:35.31,2026-03-14,5ª Jornada Escolar,M,46.63;48.68,,
100 Libre,"PAIVA ALFONZO, Santiago Rafael",2014,CN Zadorra,2:01.44,2026-03-14,5ª Jornada Escolar,M,53.14;1:08.30,,
800 Libre,"CORRALEJO FRIAS, Alex",2013,CN Judizmendi,11:03.03,2026-03-14,5ª Jornada Escolar,M,37.76;41.60;41.22;42.44;42.09;42.52;42.72;42.25;42.48;42.10;41.76;41.44;42.06;41.67;40.64;38.28,,
800 Libre,"MORAL MIELGO, Nikko",2013,CN Judizmendi,11:19.09,2026-03-14,5ª Jornada Escolar,M,38.23;41.83;43.00;42.54;43.11;43.78;43.79;42.44;43.20;43.16;43.70;44.04;42.68;41.87;41.92;39.80,,
800 Libre,"RIOS ANSOTEGUI, Iker",2014,CN Judizmendi,11:56.13,2026-03-14,5ª Jornada Escolar,M,40.89;45.42;45.60;46.42;46.05;46.70;46.16;46.57;46.30;46.28;46.65;45.66;44.11;44.29;39.53;39.50,,
800 Libre,"CASADO BAZAN, Alain",2013,CN Menditxo,12:03.19,2026-03-14,5ª Jornada Escolar,M,40.20;42.93;43.97;44.59;45.57;45.88;46.26;46.57;46.76;46.53;47.34;46.84;47.09;46.42;41.71;44.53,,
800 Libre,"MARTINEZ ROJO, Diego",2013,CN Judizmendi,12:12.41,2026-03-14,5ª Jornada Escolar,M,39.96;44.46;45.55;46.58;46.38;47.25;46.61;47.19;46.36;47.13;46.23;46.76;47.00;46.18;45.84;42.93,,
800 Libre,"GONZALEZ BERNARDO, Aritz",2013,CN Menditxo,12:16.81,2026-03-14,5ª Jornada Escolar,M,39.69;42.51;44.49;46.49;47.79;47.73;47.12;48.44;47.64;47.69;47.52;46.78;46.90;47.33;45.35;43.34,,
800 Libre,"SALOMAO ANTEPARA, Gabriel",2014,CN Menditxo,12:17.35,2026-03-14,5ª Jornada Escolar,M,40.49;44.49;45.61;46.49;46.54;46.96;46.72;47.41;46.33;46.94;46.75;46.78;46.83;47.88;47.81;43.32,,
800 Libre,"ANTOLIN CARDENAS, Asier",2014,CN Menditxo,12:18.10,2026-03-14,5ª Jornada Escolar,M,40.32;45.18;45.94;47.89;47.74;47.06;48.41;48.54;47.54;45.97;46.73;46.22;47.09;46.56;41.91;45.00,,
800 Libre,"GABILONDO IBÁÑEZ DE GAUNA, Ekai",2014,CN Judizmendi,12:40.91,2026-03-14,5ª Jornada Escolar,M,42.19;47.07;48.56;48.16;48.46;48.94;48.98;49.31;48.12;48.22;48.40;47.61;47.47;48.11;47.07;44.24,,
800 Libre,"ALAVA DIAZ DE OTAZU, Oier",2014,CN Judizmendi,12:45.43,2026-03-14,5ª Jornada Escolar,M,42.20;47.04;47.33;48.11;48.64;48.47;49.46;48.05;48.25;48.36;49.30;48.79;48.68;48.23;48.78;45.74,,
800 Libre,"GARCIA MENDIA, Miguel",2013,CN Judizmendi,12:49.82,2026-03-14,5ª Jornada Escolar,M,42.90;47.34;47.35;48.35;48.91;49.50;48.02;49.41;49.43;48.89;48.31;49.33;48.93;48.74;49.20;45.21,,
800 Libre,"MARTINEZ DE AGIRRE MARTINEZ, Oihu",2014,CN Menditxo,12:51.62,2026-03-14,5ª Jornada Escolar,M,43.09;48.03;48.36;48.46;48.65;49.60;49.38;50.17;48.75;49.65;49.71;47.97;49.24;48.47;47.35;44.74,,
800 Libre,"IBARRARAN RAMIREZ DE OCARIZ, Xabier",2014,CN Judizmendi,13:02.58,2026-03-14,5ª Jornada Escolar,M,42.10;46.81;49.00;49.80;49.44;49.54;49.88;51.28;49.82;50.53;49.35;50.61;50.65;50.09;48.84;44.84,,
50 Espalda,"CORRALEJO FRIAS, Alex",2013,CN Judizmendi,38.31,2026-03-14,5ª Jornada Escolar,M,,,
50 Espalda,"SALOMAO ANTEPARA, Gabriel",2014,CN Menditxo,39.09,2026-03-14,5ª Jornada Escolar,M,,,
50 Espalda,"GARCIA MENDIA, Miguel",2013,CN Judizmendi,40.44,2026-03-14,5ª Jornada Escolar,M,,,
50 Espalda,"SEDO MARTIN, Ibai",2014,CN Menditxo,41.71,2026-03-14,5ª Jornada Escolar,M,,,
50 Espalda,"RIOS ANSOTEGUI, Iker",2014,CN Judizmendi,41.72,2026-03-14,5ª Jornada Escolar,M,,,
50 Espalda,"ALAVA DIAZ DE OTAZU, Oier",2014,CN Judizmendi,41.93,2026-03-14,5ª Jornada Escolar,M,,,
50 Espalda,"GUTIERREZ ARTOLA, Hegoi",2013,CN Zadorra,43.56,2026-03-14,5ª Jornada Escolar,M,,,
50 Espalda,"SORIGUREN FERNANDEZ, Markel",2013,CN Judizmendi,43.66,2026-03-14,5ª Jornada Escolar,M,,,
50 Espalda,"PUENTE GOMEZ, Jon",2013,CN Judizmendi,43.67,2026-03-14,5ª Jornada Escolar,M,,,
50 Espalda,"GABILONDO IBÁÑEZ DE GAUNA, Ekai",2014,CN Judizmendi,45.64,2026-03-14,5ª Jornada Escolar,M,,,
50 Espalda,"MONTOYA ESCUDERO, Unax",2014,CN Menditxo,48.18,2026-03-14,5ª Jornada Escolar,M,,,
50 Espalda,"FERNANDEZ DE ROMARATEGUI RUIZ DE EGUINO, A.",2013,CN Urgain,48.66,2026-03-14,5ª Jornada Escolar,M,,,
100 Braza,"MARTINEZ DE AGIRRE MARTINEZ, Oihu",2014,CN Menditxo,1:28.80,2026-03-14,5ª Jornada Escolar,M,43.20;45.60,,
100 Braza,"ANTOLIN CARDENAS, Asier",2014,CN Menditxo,1:29.24,2026-03-14,5ª Jornada Escolar,M,42.17;47.07,,
100 Braza,"MORAL MIELGO, Nikko",2013,CN Judizmendi,1:35.09,2026-03-14,5ª Jornada Escolar,M,44.24;50.85,,
100 Braza,"IBARRARAN RAMIREZ DE OCARIZ, Xabier",2014,CN Judizmendi,1:41.37,2026-03-14,5ª Jornada Escolar,M,47.99;53.38,,
100 Braza,"DEL CANTO APELLANIZ, Martin",2013,CN Judizmendi,1:45.09,2026-03-14,5ª Jornada Escolar,M,50.13;54.96,,
100 Braza,"DIAZ DE CERIO ABASOLO, Eneko",2013,CN Judizmendi,1:46.52,2026-03-14,5ª Jornada Escolar,M,50.72;55.80,,
100 Braza,"MARTINEZ ROJO, Diego",2013,CN Judizmendi,1:50.08,2026-03-14,5ª Jornada Escolar,M,52.18;57.90,,
100 Braza,"GIL LOPEZ, Erik",2014,CN Menditxo,1:51.13,2026-03-14,5ª Jornada Escolar,M,52.78;58.35,,
100 Braza,"ARENAS LOPEZ, Ander",2014,CN Menditxo,1:53.48,2026-03-14,5ª Jornada Escolar,M,53.82;59.66,,
100 Braza,"ZERUKO CANTERA VAZQUEZ, Adrian",2014,CN Menditxo,1:54.71,2026-03-14,5ª Jornada Escolar,M,55.91;58.80,,
100 Braza,"PLAGARO ROJO, Markel",2014,CN Judizmendi,1:56.50,2026-03-14,5ª Jornada Escolar,M,56.41;1:00.09,,
100 Libre,"ARAICO QUINTANA, Sara",2013,CN Judizmendi,1:09.83,2026-04-18,6ª Jornada Escolar,F,33.06;36.77,,
100 Libre,"GONZALEZ SAENZ DE OLAZAGOITIA, Candela",2013,CN Judizmendi,1:11.55,2026-04-18,6ª Jornada Escolar,F,33.77;37.78,,
100 Libre,"FREIRE MARTIN, Haizea",2013,CN Menditxo,1:12.75,2026-04-18,6ª Jornada Escolar,F,35.46;37.29,,
100 Libre,"ALVAREZ SERRANO, Iraia",2014,CN Judizmendi,1:14.39,2026-04-18,6ª Jornada Escolar,F,36.21;38.18,,
100 Libre,"CASTRESANA LIÑÁN, Martina",2013,CN Judizmendi,1:14.54,2026-04-18,6ª Jornada Escolar,F,35.41;39.13,,
100 Libre,"DAQUANNO, Gaia",2014,CN Menditxo,1:15.67,2026-04-18,6ª Jornada Escolar,F,36.73;38.94,,
100 Libre,"ARETXEDERRETA PALACIOS, Eider",2014,CN Menditxo,1:16.78,2026-04-18,6ª Jornada Escolar,F,36.01;40.77,,
100 Libre,"HERRERO ALONSO, Miren",2013,CN Judizmendi,1:17.16,2026-04-18,6ª Jornada Escolar,F,37.34;39.82,,
100 Libre,"SANTOS GARCIA, Uxue",2014,CN Menditxo,1:21.33,2026-04-18,6ª Jornada Escolar,F,39.47;41.86,,
100 Libre,"GOMEZ ARTOLA, Ilargi",2013,CN Urgain,1:22.39,2026-04-18,6ª Jornada Escolar,F,40.29;42.10,,
100 Libre,"PRIETO BOTO, Olatz",2014,CN Menditxo,1:22.48,2026-04-18,6ª Jornada Escolar,F,39.55;42.93,,
100 Libre,"EGUIGUREN SANCHEZ, Carla",2014,CN Menditxo,1:23.43,2026-04-18,6ª Jornada Escolar,F,38.84;44.59,,
100 Libre,"IBARRONDO ARRONIZ, Jone",2013,CN Judizmendi,1:26.13,2026-04-18,6ª Jornada Escolar,F,40.65;45.48,,
100 Libre,"DIAZ CEBALLOS, Laida",2013,CN Urgain,1:26.77,2026-04-18,6ª Jornada Escolar,F,40.79;45.98,,
100 Libre,"BALSATEGUI SANCHEZ, Maialen",2013,CN Menditxo,1:27.56,2026-04-18,6ª Jornada Escolar,F,42.20;45.36,,
100 Libre,"GARCIA BARCINA, Iraia",2014,CI Laudio,1:30.23,2026-04-18,6ª Jornada Escolar,F,41.91;48.32,,
100 Libre,"MONTES LOPEZ, Ane",2013,CN Urgain,1:30.57,2026-04-18,6ª Jornada Escolar,F,41.78;48.79,,
100 Libre,"MENDIBE SAN JUAN, Maider",2014,CN Menditxo,1:31.99,2026-04-18,6ª Jornada Escolar,F,46.28;45.71,,
100 Libre,"ARAUJO CAMPO, Iraide",2014,CI Laudio,1:32.14,2026-04-18,6ª Jornada Escolar,F,43.35;48.79,,
100 Libre,"GASTON SOUTO, Nekane",2014,CI Laudio,1:47.41,2026-04-18,6ª Jornada Escolar,F,47.37;1:00.04,,
100 Libre,"FERNANDEZ MOREIRA, Haizea",2014,CN Menditxo,2:00.30,2026-04-18,6ª Jornada Escolar,F,53.00;1:07.30,,
200 Braza,"CASTRESANA LIÑÁN, Martina",2013,CN Judizmendi,3:17.49,2026-04-18,6ª Jornada Escolar,F,44.05;50.81,,
200 Braza,"EGUIDON VARGAS, Maren",2013,CN Menditxo,3:27.78,2026-04-18,6ª Jornada Escolar,F,46.54;54.16,,
200 Braza,"DAQUANNO, Gaia",2014,CN Menditxo,3:32.95,2026-04-18,6ª Jornada Escolar,F,50.25;55.76,,
200 Braza,"FREIRE MARTIN, Haizea",2013,CN Menditxo,3:32.96,2026-04-18,6ª Jornada Escolar,F,50.02;55.68,,
200 Braza,"SANTOS GARCIA, Uxue",2014,CN Menditxo,3:35.31,2026-04-18,6ª Jornada Escolar,F,50.57;54.74;54.62;55.38,,
200 Braza,"IBARRONDO ARRONIZ, Jone",2013,CN Judizmendi,3:38.68,2026-04-18,6ª Jornada Escolar,F,52.75;54.67;55.56;55.70,,
200 Braza,"PRIETO BOTO, Olatz",2014,CN Menditxo,3:39.00,2026-04-18,6ª Jornada Escolar,F,50.51;56.63;56.59;55.27,,
200 Braza,"EGUILUZ MANERO, Malen",2014,CN Judizmendi,3:42.54,2026-04-18,6ª Jornada Escolar,F,49.53;56.59,,
200 Braza,"EGUIGUREN SANCHEZ, Carla",2014,CN Menditxo,3:50.37,2026-04-18,6ª Jornada Escolar,F,48.78;59.36,,
200 Braza,"BASTON VARELA, Carla",2014,CN Menditxo,4:02.25,2026-04-18,6ª Jornada Escolar,F,53.86;1:01.68;1:04.26;1:02.45,,
200 Braza,"BALSATEGUI SANCHEZ, Maialen",2013,CN Menditxo,4:05.93,2026-04-18,6ª Jornada Escolar,F,56.69;1:02.42;1:03.45;1:03.37,,
200 Braza,"GASTON SOUTO, Nekane",2014,CI Laudio,4:14.53,2026-04-18,6ª Jornada Escolar,F,52.63;1:02.81,,
200 Braza,"VICENTE ESPINOSA, Noa",2013,CN Urgain,4:19.53,2026-04-18,6ª Jornada Escolar,F,53.30;1:05.35,,
200 Braza,"ARAUJO CAMPO, Iraide",2014,CI Laudio,4:24.79,2026-04-18,6ª Jornada Escolar,F,59.53;1:08.90;1:08.78;1:07.58,,
50 Mariposa,"EGUIDON VARGAS, Maren",2013,CN Menditxo,34.02,2026-04-18,6ª Jornada Escolar,F,,,
50 Mariposa,"SANTOS GARCIA, Uxue",2014,CN Menditxo,34.10,2026-04-18,6ª Jornada Escolar,F,,,
50 Mariposa,"ARAICO QUINTANA, Sara",2013,CN Judizmendi,34.45,2026-04-18,6ª Jornada Escolar,F,,,
50 Mariposa,"GONZALEZ SAENZ DE OLAZAGOITIA, Candela",2013,CN Judizmendi,36.18,2026-04-18,6ª Jornada Escolar,F,,,
50 Mariposa,"EGUILUZ MANERO, Malen",2014,CN Judizmendi,38.90,2026-04-18,6ª Jornada Escolar,F,,,
50 Mariposa,"ALVAREZ SERRANO, Iraia",2014,CN Judizmendi,38.93,2026-04-18,6ª Jornada Escolar,F,,,
50 Mariposa,"HERRERO ALONSO, Miren",2013,CN Judizmendi,39.41,2026-04-18,6ª Jornada Escolar,F,,,
50 Mariposa,"BASTON VARELA, Carla",2014,CN Menditxo,44.46,2026-04-18,6ª Jornada Escolar,F,,,
50 Mariposa,"VICENTE ESPINOSA, Noa",2013,CN Urgain,45.64,2026-04-18,6ª Jornada Escolar,F,,,
50 Mariposa,"GARCIA BARCINA, Iraia",2014,CI Laudio,51.67,2026-04-18,6ª Jornada Escolar,F,,,
50 Mariposa,"MONTES LOPEZ, Ane",2013,CN Urgain,53.39,2026-04-18,6ª Jornada Escolar,F,,,
50 Mariposa,"ARAUJO CAMPO, Iraide",2014,CI Laudio,57.15,2026-04-18,6ª Jornada Escolar,F,,,
50 Mariposa,"GASTON SOUTO, Nekane",2014,CI Laudio,1:03.44,2026-04-18,6ª Jornada Escolar,F,,,
100 Libre,"RIOS ANSOTEGUI, Iker",2014,CN Judizmendi,1:15.01,2026-04-18,6ª Jornada Escolar,M,37.72;37.29,,
100 Libre,"CASADO BAZAN, Alain",2013,CN Menditxo,1:15.73,2026-04-18,6ª Jornada Escolar,M,37.31;38.42,,
100 Libre,"MARTINEZ DE AGIRRE MARTINEZ, Oihu",2014,CN Menditxo,1:16.27,2026-04-18,6ª Jornada Escolar,M,38.03;38.24,,
100 Libre,"SALOMAO ANTEPARA, Gabriel",2014,CN Menditxo,1:16.31,2026-04-18,6ª Jornada Escolar,M,37.12;39.19,,
100 Libre,"IBARRARAN RAMIREZ DE OCARIZ, Xabier",2014,CN Judizmendi,1:19.41,2026-04-18,6ª Jornada Escolar,M,38.73;40.68,,
100 Libre,"GONZALEZ BERNARDO, Aritz",2013,CN Menditxo,1:20.34,2026-04-18,6ª Jornada Escolar,M,39.19;41.15,,
100 Libre,"ALAVA DIAZ DE OTAZU, Oier",2014,CN Judizmendi,1:23.02,2026-04-18,6ª Jornada Escolar,M,39.96;43.06,,
100 Libre,"PUENTE GOMEZ, Jon",2013,CN Judizmendi,1:24.16,2026-04-18,6ª Jornada Escolar,M,40.78;43.38,,
100 Libre,"SEDO MARTIN, Ibai",2014,CN Menditxo,1:26.39,2026-04-18,6ª Jornada Escolar,M,41.49;44.90,,
100 Libre,"GUTIERREZ ARTOLA, Hegoi",2013,CN Zadorra,1:27.90,2026-04-18,6ª Jornada Escolar,M,43.31;44.59,,
100 Libre,"DIAZ DE CERIO ABASOLO, Eneko",2013,CN Judizmendi,1:28.35,2026-04-18,6ª Jornada Escolar,M,41.93;46.42,,
100 Libre,"MONTOYA ESCUDERO, Unax",2014,CN Menditxo,1:30.30,2026-04-18,6ª Jornada Escolar,M,44.37;45.93,,
100 Libre,"ROBLES GOMEZ, Hugo",2013,CI Laudio,1:34.56,2026-04-18,6ª Jornada Escolar,M,46.05;48.51,,
100 Libre,"ROBLES GOMEZ, Iago",2013,CI Laudio,1:35.84,2026-04-18,6ª Jornada Escolar,M,,,
100 Libre,"GIL LOPEZ, Erik",2014,CN Menditxo,1:36.53,2026-04-18,6ª Jornada Escolar,M,44.39;52.14,,
100 Libre,"ARENAS LOPEZ, Ander",2014,CN Menditxo,1:42.26,2026-04-18,6ª Jornada Escolar,M,48.28;53.98,,
100 Libre,"PAIVA ALFONZO, Santiago Rafael",2014,CN Zadorra,1:53.37,2026-04-18,6ª Jornada Escolar,M,51.13;1:02.24,,
200 Braza,"MARTINEZ DE AGIRRE MARTINEZ, Oihu",2014,CN Menditxo,3:09.15,2026-04-18,6ª Jornada Escolar,M,45.53;49.09,,
200 Braza,"MORAL MIELGO, Nikko",2013,CN Judizmendi,3:21.72,2026-04-18,6ª Jornada Escolar,M,46.56;50.55;52.40;52.21,,
200 Braza,"CORRALEJO FRIAS, Alex",2013,CN Judizmendi,3:32.32,2026-04-18,6ª Jornada Escolar,M,47.43;54.56;55.95;54.38,,
200 Braza,"SALOMAO ANTEPARA, Gabriel",2014,CN Menditxo,3:32.93,2026-04-18,6ª Jornada Escolar,M,48.43;55.44,,
200 Braza,"IBARRARAN RAMIREZ DE OCARIZ, Xabier",2014,CN Judizmendi,3:34.55,2026-04-18,6ª Jornada Escolar,M,48.35;54.54,,
200 Braza,"DEL CANTO APELLANIZ, Martin",2013,CN Judizmendi,3:35.68,2026-04-18,6ª Jornada Escolar,M,48.84;54.37;57.42;55.05,,
200 Braza,"DIAZ DE CERIO ABASOLO, Eneko",2013,CN Judizmendi,3:36.34,2026-04-18,6ª Jornada Escolar,M,48.46;58.38,,
200 Braza,"GONZALEZ BERNARDO, Aritz",2013,CN Menditxo,3:44.01,2026-04-18,6ª Jornada Escolar,M,50.18;57.03;59.24;57.56,,
200 Braza,"FERNANDEZ DE ROMARATEGUI RUIZ DE EGUINO, A.",2013,CN Urgain,3:50.10,2026-04-18,6ª Jornada Escolar,M,55.55;1:02.42;1:01.56;50.57,,
200 Braza,"SEDO MARTIN, Ibai",2014,CN Menditxo,3:52.43,2026-04-18,6ª Jornada Escolar,M,52.54;1:00.36,,
200 Braza,"ARENAS LOPEZ, Ander",2014,CN Menditxo,3:54.12,2026-04-18,6ª Jornada Escolar,M,53.64;1:00.73,,
200 Braza,"GIL LOPEZ, Erik",2014,CN Menditxo,3:54.28,2026-04-18,6ª Jornada Escolar,M,53.55;1:00.01,,
200 Braza,"ZERUKO CANTERA VAZQUEZ, Adrian",2014,CN Menditxo,3:59.10,2026-04-18,6ª Jornada Escolar,M,54.50;1:02.21,,
200 Braza,"CASADO BAZAN, Alain",2013,CN Menditxo,4:18.70,2026-04-18,6ª Jornada Escolar,M,59.61;1:07.32;1:06.80;1:04.97,,
200 Braza,"MONTOYA ESCUDERO, Unax",2014,CN Menditxo,4:19.85,2026-04-18,6ª Jornada Escolar,M,1:00.18;1:08.47,,
50 Mariposa,"CORRALEJO FRIAS, Alex",2013,CN Judizmendi,37.61,2026-04-18,6ª Jornada Escolar,M,,,
50 Mariposa,"RIOS ANSOTEGUI, Iker",2014,CN Judizmendi,37.65,2026-04-18,6ª Jornada Escolar,M,,,
50 Mariposa,"MORAL MIELGO, Nikko",2013,CN Judizmendi,39.37,2026-04-18,6ª Jornada Escolar,M,,,
50 Mariposa,"PUENTE GOMEZ, Jon",2013,CN Judizmendi,40.36,2026-04-18,6ª Jornada Escolar,M,,,
50 Mariposa,"ZERUKO CANTERA VAZQUEZ, Adrian",2014,CN Menditxo,44.37,2026-04-18,6ª Jornada Escolar,M,,,
50 Mariposa,"DEL CANTO APELLANIZ, Martin",2013,CN Judizmendi,45.16,2026-04-18,6ª Jornada Escolar,M,,,
50 Mariposa,"GUTIERREZ ARTOLA, Hegoi",2013,CN Zadorra,48.26,2026-04-18,6ª Jornada Escolar,M,,,
50 Mariposa,"FERNANDEZ DE ROMARATEGUI RUIZ DE EGUINO, A.",2013,CN Urgain,56.22,2026-04-18,6ª Jornada Escolar,M,,,
50 Libre,"EGUIDON VARGAS, Maren",2013,CN Menditxo,31.78,2026-05-16,7ª Jornada Escolar,F,,,
50 Libre,"GONZALEZ SAENZ DE OLAZAGOITIA, Candela",2013,CN Judizmendi,32.16,2026-05-16,7ª Jornada Escolar,F,,,
50 Libre,"DAQUANNO, Gaia",2014,CN Menditxo,32.48,2026-05-16,7ª Jornada Escolar,F,,,
50 Libre,"FREIRE MARTIN, Haizea",2013,CN Menditxo,33.62,2026-05-16,7ª Jornada Escolar,F,,,
50 Libre,"ALVAREZ SERRANO, Iraia",2014,CN Judizmendi,34.23,2026-05-16,7ª Jornada Escolar,F,,,
50 Libre,"EGUIGUREN SANCHEZ, Carla",2014,CN Menditxo,35.47,2026-05-16,7ª Jornada Escolar,F,,,
50 Libre,"GRISALEÑA SAN JOSE, Olaia",2013,CN Menditxo,35.56,2026-05-16,7ª Jornada Escolar,F,,,
50 Libre,"PRIETO BOTO, Olatz",2014,CN Menditxo,35.68,2026-05-16,7ª Jornada Escolar,F,,,
50 Libre,"DIAZ CEBALLOS, Laida",2013,CN Urgain,36.05,2026-05-16,7ª Jornada Escolar,F,,,
50 Libre,"GOMEZ ARTOLA, Ilargi",2013,CN Urgain,36.58,2026-05-16,7ª Jornada Escolar,F,,,
50 Libre,"VICENTE ESPINOSA, Noa",2013,CN Urgain,37.30,2026-05-16,7ª Jornada Escolar,F,,,
50 Libre,"RODRIGUEZ ZUBIAURRE, Ayla",2014,CN Judizmendi,37.61,2026-05-16,7ª Jornada Escolar,F,,,
50 Libre,"MONTES LOPEZ, Ane",2013,CN Urgain,38.33,2026-05-16,7ª Jornada Escolar,F,,,
50 Libre,"MENDIBE SAN JUAN, Maider",2014,CN Menditxo,39.19,2026-05-16,7ª Jornada Escolar,F,,,
50 Libre,"BASTON VARELA, Carla",2014,CN Menditxo,39.47,2026-05-16,7ª Jornada Escolar,F,,,
50 Libre,"ARAUJO CAMPO, Iraide",2014,CI Laudio,39.50,2026-05-16,7ª Jornada Escolar,F,,,
50 Libre,"GARCIA BARCINA, Iraia",2014,CI Laudio,39.63,2026-05-16,7ª Jornada Escolar,F,,,
50 Libre,"MUGICA DOLK, Greta",2014,CN Judizmendi,40.35,2026-05-16,7ª Jornada Escolar,F,,,
50 Libre,"BALSATEGUI SANCHEZ, Maialen",2013,CN Menditxo,41.01,2026-05-16,7ª Jornada Escolar,F,,,
50 Libre,"PEÑA BIDONDO, Haizea",2014,CN Urgain,41.54,2026-05-16,7ª Jornada Escolar,F,,,
50 Libre,"SANZ BASAGUREN, June",2014,CN Judizmendi,43.38,2026-05-16,7ª Jornada Escolar,F,,,
50 Libre,"ALONSO VAZ, Himilce",2013,CI Laudio,46.03,2026-05-16,7ª Jornada Escolar,F,,,
50 Libre,"FERNANDEZ MOREIRA, Haizea",2014,CN Menditxo,54.00,2026-05-16,7ª Jornada Escolar,F,,,
50 Libre,"GUTIERREZ GUINEA, Irune",2014,CN Zadorra,56.65,2026-05-16,7ª Jornada Escolar,F,,,
100 Espalda,"ARAICO QUINTANA, Sara",2013,CN Judizmendi,1:22.92,2026-05-16,7ª Jornada Escolar,F,39.99;42.93,,
100 Espalda,"SANTOS GARCIA, Uxue",2014,CN Menditxo,1:26.82,2026-05-16,7ª Jornada Escolar,F,42.89;43.93,,
100 Espalda,"CASTRESANA LIÑÁN, Martina",2013,CN Judizmendi,1:29.50,2026-05-16,7ª Jornada Escolar,F,43.76;45.74,,
100 Espalda,"HERRERO ALONSO, Miren",2013,CN Judizmendi,1:30.69,2026-05-16,7ª Jornada Escolar,F,44.18;46.51,,
100 Espalda,"EGUILUZ MANERO, Malen",2014,CN Judizmendi,1:31.39,2026-05-16,7ª Jornada Escolar,F,44.51;46.88,,
100 Espalda,"MARCO GARCIA, June",2014,CN Menditxo,1:31.49,2026-05-16,7ª Jornada Escolar,F,45.17;46.32,,
100 Espalda,"PADILLA MOLDON, Maialen",2013,CN Judizmendi,1:35.07,2026-05-16,7ª Jornada Escolar,F,45.76;49.31,,
100 Espalda,"CARPIO RODRIGUEZ, Ane",2014,CN Judizmendi,1:36.28,2026-05-16,7ª Jornada Escolar,F,46.84;49.44,,
100 Espalda,"MARTÍNEZ DE ANTOÑANA VILLASANTE, Iraia",2014,CN Judizmendi,1:38.03,2026-05-16,7ª Jornada Escolar,F,46.93;51.10,,
100 Espalda,"HIJONA SANCHEZ, June",2014,CN Judizmendi,1:38.69,2026-05-16,7ª Jornada Escolar,F,46.12;52.57,,
100 Espalda,"ARAUJO CAMPO, Iraide",2014,CI Laudio,1:39.16,2026-05-16,7ª Jornada Escolar,F,49.16;50.00,,
100 Espalda,"IBARRONDO ARRONIZ, Jone",2013,CN Judizmendi,1:39.30,2026-05-16,7ª Jornada Escolar,F,48.82;50.48,,
100 Espalda,"GARCIA BARCINA, Iraia",2014,CI Laudio,1:39.93,2026-05-16,7ª Jornada Escolar,F,49.07;50.86,,
100 Espalda,"MONTES LOPEZ, Ane",2013,CN Urgain,1:44.84,2026-05-16,7ª Jornada Escolar,F,51.63;53.21,,
100 Espalda,"ALONSO VAZ, Himilce",2013,CI Laudio,1:54.31,2026-05-16,7ª Jornada Escolar,F,54.65;59.66,,
100 Espalda,"FERNANDEZ MOREIRA, Haizea",2014,CN Menditxo,2:05.52,2026-05-16,7ª Jornada Escolar,F,59.17;1:06.35,,
100 Estilos,"HERRERO ALONSO, Miren",2013,CN Judizmendi,1:27.67,2026-05-16,7ª Jornada Escolar,F,41.21;46.46,,
100 Estilos,"GOMEZ ARTOLA, Ilargi",2013,CN Urgain,1:32.07,2026-05-16,7ª Jornada Escolar,F,45.24;46.83,,
100 Estilos,"RODRIGUEZ ZUBIAURRE, Ayla",2014,CN Judizmendi,1:33.66,2026-05-16,7ª Jornada Escolar,F,45.24;48.42,,
100 Estilos,"MARTÍNEZ DE ANTOÑANA VILLASANTE, Iraia",2014,CN Judizmendi,1:36.06,2026-05-16,7ª Jornada Escolar,F,45.41;50.65,,
100 Estilos,"IBARRONDO ARRONIZ, Jone",2013,CN Judizmendi,1:36.37,2026-05-16,7ª Jornada Escolar,F,47.26;49.11,,
100 Estilos,"GARCIA BARCINA, Iraia",2014,CI Laudio,1:36.78,2026-05-16,7ª Jornada Escolar,F,46.13;50.65,,
100 Estilos,"MUGICA DOLK, Greta",2014,CN Judizmendi,1:37.86,2026-05-16,7ª Jornada Escolar,F,48.78;49.08,,
100 Estilos,"VICENTE ESPINOSA, Noa",2013,CN Urgain,1:39.46,2026-05-16,7ª Jornada Escolar,F,46.99;52.47,,
100 Estilos,"ARAUJO CAMPO, Iraide",2014,CI Laudio,1:46.90,2026-05-16,7ª Jornada Escolar,F,48.72;58.18,,
100 Estilos,"ALONSO VAZ, Himilce",2013,CI Laudio,2:01.18,2026-05-16,7ª Jornada Escolar,F,54.59;1:06.59,,
400 Estilos,"FREIRE MARTIN, Haizea",2013,CN Menditxo,6:22.41,2026-05-16,7ª Jornada Escolar,F,45.39;53.18;48.38;45.98;54.57;54.62;41.26;39.03,,
400 Estilos,"EGUIDON VARGAS, Maren",2013,CN Menditxo,6:23.55,2026-05-16,7ª Jornada Escolar,F,38.50;46.22;52.90;51.15;54.75;55.99;44.72;39.32,,
400 Estilos,"ARAICO QUINTANA, Sara",2013,CN Judizmendi,6:26.50,2026-05-16,7ª Jornada Escolar,F,42.61;50.47;55.69;51.78;47.83;48.26;46.77;43.09,,
400 Estilos,"GONZALEZ SAENZ DE OLAZAGOITIA, Candela",2013,CN Judizmendi,6:26.52,2026-05-16,7ª Jornada Escolar,F,42.37;48.72;50.93;50.49;52.75;53.87;44.75;42.64,,
400 Estilos,"SANTOS GARCIA, Uxue",2014,CN Menditxo,6:26.89,2026-05-16,7ª Jornada Escolar,F,42.66;50.91;49.24;48.36;54.31;55.57;43.24;42.60,,
400 Estilos,"DAQUANNO, Gaia",2014,CN Menditxo,6:31.37,2026-05-16,7ª Jornada Escolar,F,47.15;54.11;47.09;46.50;54.63;54.96;44.41;42.52,,
400 Estilos,"ALVAREZ SERRANO, Iraia",2014,CN Judizmendi,6:33.76,2026-05-16,7ª Jornada Escolar,F,44.17;50.57;52.77;50.34;54.52;55.35;45.00;41.04,,
400 Estilos,"EGUILUZ MANERO, Malen",2014,CN Judizmendi,6:55.70,2026-05-16,7ª Jornada Escolar,F,47.70;56.36;50.71;51.19;59.18;1:00.35;46.55;43.66,,
400 Estilos,"GRISALEÑA SAN JOSE, Olaia",2013,CN Menditxo,7:11.71,2026-05-16,7ª Jornada Escolar,F,50.22;1:00.75;54.44;52.21;57.50;1:01.04;50.53;45.02,,
400 Estilos,"HIJONA SANCHEZ, June",2014,CN Judizmendi,7:14.97,2026-05-16,7ª Jornada Escolar,F,46.85;1:00.44;56.49;54.95;56.08;59.75;51.35;49.06,,
400 Estilos,"MENDIBE SAN JUAN, Maider",2014,CN Menditxo,7:34.70,2026-05-16,7ª Jornada Escolar,F,56.54;1:05.68;1:01.38;58.47;58.26;58.28;50.18;45.91,,
400 Estilos,"BALSATEGUI SANCHEZ, Maialen",2013,CN Menditxo,8:03.11,2026-05-16,7ª Jornada Escolar,F,58.33;1:06.86;1:01.44;1:01.28;1:04.62;1:03.35;55.51;51.72,,
50 Libre,"ANTOLIN CARDENAS, Asier",2014,CN Menditxo,30.88,2026-05-16,7ª Jornada Escolar,M,,,
50 Libre,"MORAL MIELGO, Nikko",2013,CN Judizmendi,32.01,2026-05-16,7ª Jornada Escolar,M,,,
50 Libre,"CORRALEJO FRIAS, Alex",2013,CN Judizmendi,33.08,2026-05-16,7ª Jornada Escolar,M,,,
50 Libre,"CASADO BAZAN, Alain",2013,CN Menditxo,33.70,2026-05-16,7ª Jornada Escolar,M,,,
50 Libre,"SORIGUREN FERNANDEZ, Markel",2013,CN Judizmendi,34.33,2026-05-16,7ª Jornada Escolar,M,,,
50 Libre,"IBARRARAN RAMIREZ DE OCARIZ, Xabier",2014,CN Judizmendi,34.53,2026-05-16,7ª Jornada Escolar,M,,,
50 Libre,"GONZALEZ BERNARDO, Aritz",2013,CN Menditxo,34.75,2026-05-16,7ª Jornada Escolar,M,,,
50 Libre,"MARTINEZ ROJO, Diego",2013,CN Judizmendi,36.74,2026-05-16,7ª Jornada Escolar,M,,,
50 Libre,"DIAZ DE CERIO ABASOLO, Eneko",2013,CN Judizmendi,37.24,2026-05-16,7ª Jornada Escolar,M,,,
50 Libre,"MONTOYA ESCUDERO, Unax",2014,CN Menditxo,38.65,2026-05-16,7ª Jornada Escolar,M,,,
50 Libre,"MURGUIA GAINZARAIN, Unax",2014,CN Zadorra,39.97,2026-05-16,7ª Jornada Escolar,M,,,
50 Libre,"ZERUKO CANTERA VAZQUEZ, Adrian",2014,CN Menditxo,40.38,2026-05-16,7ª Jornada Escolar,M,,,
50 Libre,"GIL LOPEZ, Erik",2014,CN Menditxo,41.30,2026-05-16,7ª Jornada Escolar,M,,,
50 Libre,"ARENAS LOPEZ, Ander",2014,CN Menditxo,42.66,2026-05-16,7ª Jornada Escolar,M,,,
50 Libre,"PLAGARO ROJO, Markel",2014,CN Judizmendi,43.75,2026-05-16,7ª Jornada Escolar,M,,,
100 Espalda,"SALOMAO ANTEPARA, Gabriel",2014,CN Menditxo,1:22.57,2026-05-16,7ª Jornada Escolar,M,39.28;43.29,,
100 Espalda,"RIOS ANSOTEGUI, Iker",2014,CN Judizmendi,1:25.67,2026-05-16,7ª Jornada Escolar,M,43.11;42.56,,
100 Espalda,"GARCIA MENDIA, Miguel",2013,CN Judizmendi,1:27.80,2026-05-16,7ª Jornada Escolar,M,42.67;45.13,,
100 Espalda,"ALAVA DIAZ DE OTAZU, Oier",2014,CN Judizmendi,1:31.38,2026-05-16,7ª Jornada Escolar,M,44.11;47.27,,
100 Espalda,"SEDO MARTIN, Ibai",2014,CN Menditxo,1:33.65,2026-05-16,7ª Jornada Escolar,M,46.06;47.59,,
100 Espalda,"DEL CANTO APELLANIZ, Martin",2013,CN Judizmendi,1:35.83,2026-05-16,7ª Jornada Escolar,M,48.00;47.83,,
100 Espalda,"GABILONDO IBÁÑEZ DE GAUNA, Ekai",2014,CN Judizmendi,1:36.38,2026-05-16,7ª Jornada Escolar,M,47.11;49.27,,
100 Espalda,"GUTIERREZ ARTOLA, Hegoi",2013,CN Zadorra,1:39.22,2026-05-16,7ª Jornada Escolar,M,47.89;51.33,,
100 Espalda,"PLAGARO ROJO, Markel",2014,CN Judizmendi,1:55.17,2026-05-16,7ª Jornada Escolar,M,56.39;58.78,,
100 Estilos,"DEL CANTO APELLANIZ, Martin",2013,CN Judizmendi,1:30.28,2026-05-16,7ª Jornada Escolar,M,43.19;47.09,,
100 Estilos,"DIAZ DE CERIO ABASOLO, Eneko",2013,CN Judizmendi,1:30.94,2026-05-16,7ª Jornada Escolar,M,44.48;46.46,,
100 Estilos,"GUTIERREZ ARTOLA, Hegoi",2013,CN Zadorra,1:36.43,2026-05-16,7ª Jornada Escolar,M,44.76;51.67,,
400 Estilos,"MORAL MIELGO, Nikko",2013,CN Judizmendi,6:16.97,2026-05-16,7ª Jornada Escolar,M,43.55;51.91;45.96;46.17;52.58;51.73;43.50;41.57,,
400 Estilos,"CORRALEJO FRIAS, Alex",2013,CN Judizmendi,6:18.66,2026-05-16,7ª Jornada Escolar,M,40.72;48.07;49.79;46.79;55.85;56.90;41.74;38.80,,
400 Estilos,"ANTOLIN CARDENAS, Asier",2014,CN Menditxo,6:38.92,2026-05-16,7ª Jornada Escolar,M,38.49;46.06;53.71;52.97;53.79;56.00;51.19;46.71,,
400 Estilos,"CASADO BAZAN, Alain",2013,CN Menditxo,6:59.76,2026-05-16,7ª Jornada Escolar,M,49.31;56.30;50.19;49.28;1:05.39;1:05.22;43.23;40.84,,
400 Estilos,"SORIGUREN FERNANDEZ, Markel",2013,CN Judizmendi,7:04.45,2026-05-16,7ª Jornada Escolar,M,47.29;55.98;56.01;53.59;1:00.59;59.62;46.27;45.10,,
400 Estilos,"ALAVA DIAZ DE OTAZU, Oier",2014,CN Judizmendi,7:06.69,2026-05-16,7ª Jornada Escolar,M,46.33;59.06;52.38;52.12;1:00.85;59.26;49.59;47.10,,
400 Estilos,"GARCIA MENDIA, Miguel",2013,CN Judizmendi,7:10.20,2026-05-16,7ª Jornada Escolar,M,47.13;56.83;52.70;52.07;1:02.29;1:02.73;48.69;47.76,,
400 Estilos,"IBARRARAN RAMIREZ DE OCARIZ, Xabier",2014,CN Judizmendi,7:17.83,2026-05-16,7ª Jornada Escolar,M,49.37;1:01.34;55.48;53.52;58.94;59.75;50.14;49.29,,
400 Estilos,"SEDO MARTIN, Ibai",2014,CN Menditxo,7:35.18,2026-05-16,7ª Jornada Escolar,M,53.66;1:07.96;57.54;56.28;1:02.03;1:01.56;50.50;45.65,,
400 Estilos,"ZERUKO CANTERA VAZQUEZ, Adrian",2014,CN Menditxo,7:35.63,2026-05-16,7ª Jornada Escolar,M,51.74;1:00.49;57.98;56.39;1:02.88;1:04.71;53.23;48.21,,
50 Libre,"ARAICO QUINTANA, Sara",2013,CN Judizmendi,31.54,2026-06-14,Cto Álava Verano,F,,,
50 Libre,"EGUIDON VARGAS, Maren",2013,CN Menditxo,31.56,2026-06-14,Cto Álava Verano,F,,,
50 Libre,"DAQUANNO, Gaia",2014,CN Menditxo,32.13,2026-06-14,Cto Álava Verano,F,,,
50 Libre,"FREIRE MARTIN, Haizea",2013,CN Menditxo,32.90,2026-06-14,Cto Álava Verano,F,,,
50 Libre,"ALVAREZ SERRANO, Iraia",2014,CN Judizmendi,33.17,2026-06-14,Cto Álava Verano,F,,,
50 Libre,"ARETXEDERRETA PALACIOS, Eider",2014,CN Menditxo,33.95,2026-06-14,Cto Álava Verano,F,,,
50 Libre,"HIJONA SANCHEZ, June",2014,CN Judizmendi,34.45,2026-06-14,Cto Álava Verano,F,,,
50 Libre,"EGUIGUREN SANCHEZ, Carla",2014,CN Menditxo,34.61,2026-06-14,Cto Álava Verano,F,,,
50 Libre,"PRIETO BOTO, Olatz",2014,CN Menditxo,36.10,2026-06-14,Cto Álava Verano,F,,,
50 Libre,"RODRIGUEZ ZUBIAURRE, Ayla",2014,CN Judizmendi,36.11,2026-06-14,Cto Álava Verano,F,,,
50 Libre,"GOMEZ ARTOLA, Ilargi",2013,CN Urgain,36.12,2026-06-14,Cto Álava Verano,F,,,
50 Libre,"CARPIO RODRIGUEZ, Ane",2014,CN Judizmendi,36.90,2026-06-14,Cto Álava Verano,F,,,
50 Libre,"DIEZ ORTIZ DE ORRUÑO, Olaia",2014,CN Urgain,37.91,2026-06-14,Cto Álava Verano,F,,,
50 Libre,"MUGICA DOLK, Greta",2014,CN Judizmendi,38.14,2026-06-14,Cto Álava Verano,F,,,
50 Libre,"ARAUJO CAMPO, Iraide",2014,CI Laudio,39.19,2026-06-14,Cto Álava Verano,F,,,
50 Libre,"IBARRONDO ARRONIZ, Jone",2013,CN Judizmendi,39.60,2026-06-14,Cto Álava Verano,F,,,
50 Libre,"GASTON SOUTO, Nekane",2014,CI Laudio,41.09,2026-06-14,Cto Álava Verano,F,,,
50 Libre,"SANZ BASAGUREN, June",2014,CN Judizmendi,41.28,2026-06-14,Cto Álava Verano,F,,,
50 Libre,"ALONSO VAZ, Himilce",2013,CI Laudio,43.60,2026-06-14,Cto Álava Verano,F,,,
50 Libre,"FERNANDEZ MOREIRA, Haizea",2014,CN Menditxo,48.40,2026-06-14,Cto Álava Verano,F,,,
100 Libre,"EGUIDON VARGAS, Maren",2013,CN Menditxo,1:08.97,2026-06-14,Cto Álava Verano,F,33.25;35.72,,
100 Libre,"FREIRE MARTIN, Haizea",2013,CN Menditxo,1:12.80,2026-06-14,Cto Álava Verano,F,35.93;36.87,,
100 Libre,"ALVAREZ SERRANO, Iraia",2014,CN Judizmendi,1:13.16,2026-06-14,Cto Álava Verano,F,34.90;38.26,,
100 Libre,"DAQUANNO, Gaia",2014,CN Menditxo,1:13.60,2026-06-14,Cto Álava Verano,F,35.28;38.32,,
100 Libre,"HERRERO ALONSO, Miren",2013,CN Judizmendi,1:16.10,2026-06-14,Cto Álava Verano,F,36.29;39.81,,
100 Libre,"EGUILUZ MANERO, Malen",2014,CN Judizmendi,1:16.37,2026-06-14,Cto Álava Verano,F,36.18;40.19,,
100 Libre,"CASTRESANA LIÑÁN, Martina",2013,CN Judizmendi,1:17.09,2026-06-14,Cto Álava Verano,F,36.41;40.68,,
100 Libre,"HIJONA SANCHEZ, June",2014,CN Judizmendi,1:20.33,2026-06-14,Cto Álava Verano,F,37.49;42.84,,
100 Libre,"CARPIO RODRIGUEZ, Ane",2014,CN Judizmendi,1:21.60,2026-06-14,Cto Álava Verano,F,39.50;42.10,,
100 Libre,"EGUIGUREN SANCHEZ, Carla",2014,CN Menditxo,1:21.96,2026-06-14,Cto Álava Verano,F,38.56;43.40,,
100 Libre,"DIAZ CEBALLOS, Laida",2013,CN Urgain,1:25.83,2026-06-14,Cto Álava Verano,F,39.30;46.53,,
100 Libre,"MARTÍNEZ DE ANTOÑANA VILLASANTE, Iraia",2014,CN Judizmendi,1:26.94,2026-06-14,Cto Álava Verano,F,41.93;45.01,,
100 Libre,"BALSATEGUI SANCHEZ, Maialen",2013,CN Menditxo,1:29.00,2026-06-14,Cto Álava Verano,F,42.98;46.02,,
100 Libre,"ARAUJO CAMPO, Iraide",2014,CI Laudio,1:31.82,2026-06-14,Cto Álava Verano,F,42.38;49.44,,
100 Libre,"GASTON SOUTO, Nekane",2014,CI Laudio,1:36.29,2026-06-14,Cto Álava Verano,F,42.08;54.21,,
100 Libre,"ALONSO VAZ, Himilce",2013,CI Laudio,1:40.75,2026-06-14,Cto Álava Verano,F,45.60;55.15,,
100 Libre,"FERNANDEZ MOREIRA, Haizea",2014,CN Menditxo,1:54.82,2026-06-14,Cto Álava Verano,F,51.85;1:02.97,,
200 Libre,"EGUIDON VARGAS, Maren",2013,CN Menditxo,2:30.87,2026-06-14,Cto Álava Verano,F,34.71;38.52;39.63;38.01,,
200 Libre,"ARAICO QUINTANA, Sara",2013,CN Judizmendi,2:34.34,2026-06-14,Cto Álava Verano,F,36.52;39.09;39.93;38.80,,
200 Libre,"GONZALEZ SAENZ DE OLAZAGOITIA, Candela",2013,CN Judizmendi,2:34.96,2026-06-14,Cto Álava Verano,F,35.90;38.88;40.33;39.85,,
200 Libre,"CASTRESANA LIÑÁN, Martina",2013,CN Judizmendi,2:42.31,2026-06-14,Cto Álava Verano,F,38.22;41.71;42.05;40.33,,
200 Libre,"FREIRE MARTIN, Haizea",2013,CN Menditxo,2:42.78,2026-06-14,Cto Álava Verano,F,38.05;42.61;42.83;39.29,,
200 Libre,"HERRERO ALONSO, Miren",2013,CN Judizmendi,2:45.96,2026-06-14,Cto Álava Verano,F,38.57;42.06;43.49;41.84,,
200 Libre,"EGUILUZ MANERO, Malen",2014,CN Judizmendi,2:47.44,2026-06-14,Cto Álava Verano,F,37.55;42.67;44.31;42.91,,
200 Libre,"SANTOS GARCIA, Uxue",2014,CN Menditxo,2:51.07,2026-06-14,Cto Álava Verano,F,39.75;43.75;45.29;42.28,,
200 Libre,"HIJONA SANCHEZ, June",2014,CN Judizmendi,2:54.90,2026-06-14,Cto Álava Verano,F,38.79;44.92;46.29;44.90,,
200 Libre,"CARPIO RODRIGUEZ, Ane",2014,CN Judizmendi,2:58.17,2026-06-14,Cto Álava Verano,F,41.01;45.46;46.71;44.99,,
200 Libre,"EGUIGUREN SANCHEZ, Carla",2014,CN Menditxo,3:03.59,2026-06-14,Cto Álava Verano,F,41.34;46.99;47.87;47.39,,
200 Libre,"MENDIBE SAN JUAN, Maider",2014,CN Menditxo,3:09.49,2026-06-14,Cto Álava Verano,F,44.37;50.84;49.21;45.07,,
200 Libre,"BALSATEGUI SANCHEZ, Maialen",2013,CN Menditxo,3:11.54,2026-06-14,Cto Álava Verano,F,44.39;50.46;48.47;48.22,,
200 Libre,"ARAUJO CAMPO, Iraide",2014,CI Laudio,3:26.62,2026-06-14,Cto Álava Verano,F,45.71;54.73;54.50;51.68,,
200 Libre,"GASTON SOUTO, Nekane",2014,CI Laudio,3:42.50,2026-06-14,Cto Álava Verano,F,50.52;57.29;58.24;56.45,,
200 Libre,"ALONSO VAZ, Himilce",2013,CI Laudio,3:50.92,2026-06-14,Cto Álava Verano,F,51.95;1:00.69;1:02.11;56.17,,
400 Libre,"GONZALEZ SAENZ DE OLAZAGOITIA, Candela",2013,CN Judizmendi,5:33.38,2026-06-14,Cto Álava Verano,F,37.45;40.20;42.16;42.25;42.97;43.73;43.59;41.03,,
400 Libre,"ALVAREZ SERRANO, Iraia",2014,CN Judizmendi,5:36.78,2026-06-14,Cto Álava Verano,F,37.70;42.01;43.30;43.82;43.19;43.07;43.08;40.61,,
400 Libre,"CASTRESANA LIÑÁN, Martina",2013,CN Judizmendi,5:41.27,2026-06-14,Cto Álava Verano,F,38.67;42.35;43.39;43.97;43.82;44.39;43.29;41.39,,
400 Libre,"HERRERO ALONSO, Miren",2013,CN Judizmendi,5:54.78,2026-06-14,Cto Álava Verano,F,40.99;43.31;44.00;46.12;45.45;45.26;46.26;43.39,,
400 Libre,"MONTES LOPEZ, Ane",2013,CN Urgain,7:02.76,2026-06-14,Cto Álava Verano,F,46.47;52.61;55.59;55.34;56.12;55.33;54.11;47.19,,
800 Libre,"ALVAREZ SERRANO, Iraia",2014,CN Judizmendi,11:38.45,2026-06-14,Cto Álava Verano,F,;1:23.21;;1:28.25;;1:28.33;;1:28.32;;1:28.83;;1:29.76;;1:28.47;;1:23.28,,
800 Libre,"CASTRESANA LIÑÁN, Martina",2013,CN Judizmendi,11:43.90,2026-06-14,Cto Álava Verano,F,;1:20.33;;1:27.12;;1:27.66;;1:30.15;;1:30.49;;1:30.34;;1:30.24;;1:27.57,,
50 Espalda,"GONZALEZ SAENZ DE OLAZAGOITIA, Candela",2013,CN Judizmendi,38.19,2026-06-14,Cto Álava Verano,F,,,
50 Espalda,"DAQUANNO, Gaia",2014,CN Menditxo,39.01,2026-06-14,Cto Álava Verano,F,,,
50 Espalda,"HERRERO ALONSO, Miren",2013,CN Judizmendi,40.59,2026-06-14,Cto Álava Verano,F,,,
50 Espalda,"GRISALEÑA SAN JOSE, Olaia",2013,CN Menditxo,41.15,2026-06-14,Cto Álava Verano,F,,,
50 Espalda,"MARTÍNEZ DE ANTOÑANA VILLASANTE, Iraia",2014,CN Judizmendi,42.77,2026-06-14,Cto Álava Verano,F,,,
50 Espalda,"CARPIO RODRIGUEZ, Ane",2014,CN Judizmendi,44.30,2026-06-14,Cto Álava Verano,F,,,
50 Espalda,"RODRIGUEZ ZUBIAURRE, Ayla",2014,CN Judizmendi,44.41,2026-06-14,Cto Álava Verano,F,,,
50 Espalda,"IBARRONDO ARRONIZ, Jone",2013,CN Judizmendi,44.75,2026-06-14,Cto Álava Verano,F,,,
50 Espalda,"MUGICA DOLK, Greta",2014,CN Judizmendi,45.58,2026-06-14,Cto Álava Verano,F,,,
50 Espalda,"BALSATEGUI SANCHEZ, Maialen",2013,CN Menditxo,46.69,2026-06-14,Cto Álava Verano,F,,,
50 Espalda,"MENDIBE SAN JUAN, Maider",2014,CN Menditxo,47.46,2026-06-14,Cto Álava Verano,F,,,
50 Espalda,"GASTON SOUTO, Nekane",2014,CI Laudio,48.47,2026-06-14,Cto Álava Verano,F,,,
50 Espalda,"ALONSO VAZ, Himilce",2013,CI Laudio,50.65,2026-06-14,Cto Álava Verano,F,,,
50 Espalda,"FERNANDEZ MOREIRA, Haizea",2014,CN Menditxo,55.79,2026-06-14,Cto Álava Verano,F,,,
100 Espalda,"GONZALEZ SAENZ DE OLAZAGOITIA, Candela",2013,CN Judizmendi,1:22.10,2026-06-14,Cto Álava Verano,F,39.69;42.41,,
100 Espalda,"DAQUANNO, Gaia",2014,CN Menditxo,1:23.61,2026-06-14,Cto Álava Verano,F,41.87;41.74,,
100 Espalda,"EGUILUZ MANERO, Malen",2014,CN Judizmendi,1:28.37,2026-06-14,Cto Álava Verano,F,42.65;45.72,,
100 Espalda,"GRISALEÑA SAN JOSE, Olaia",2013,CN Menditxo,1:28.38,2026-06-14,Cto Álava Verano,F,43.50;44.88,,
100 Espalda,"PRIETO BOTO, Olatz",2014,CN Menditxo,1:28.48,2026-06-14,Cto Álava Verano,F,44.64;43.84,,
100 Espalda,"MARCO GARCIA, June",2014,CN Menditxo,1:30.54,2026-06-14,Cto Álava Verano,F,43.73;46.81,,
100 Espalda,"CASTRESANA LIÑÁN, Martina",2013,CN Judizmendi,1:30.55,2026-06-14,Cto Álava Verano,F,43.64;46.91,,
100 Espalda,"MARTÍNEZ DE ANTOÑANA VILLASANTE, Iraia",2014,CN Judizmendi,1:33.36,2026-06-14,Cto Álava Verano,F,45.23;48.13,,
100 Espalda,"CARPIO RODRIGUEZ, Ane",2014,CN Judizmendi,1:37.79,2026-06-14,Cto Álava Verano,F,47.93;49.86,,
100 Espalda,"ARAUJO CAMPO, Iraide",2014,CI Laudio,1:39.26,2026-06-14,Cto Álava Verano,F,48.23;51.03,,
100 Espalda,"MUGICA DOLK, Greta",2014,CN Judizmendi,1:39.32,2026-06-14,Cto Álava Verano,F,50.17;49.15,,
100 Espalda,"BALSATEGUI SANCHEZ, Maialen",2013,CN Menditxo,1:42.98,2026-06-14,Cto Álava Verano,F,51.56;51.42,,
100 Espalda,"ALONSO VAZ, Himilce",2013,CI Laudio,1:52.73,2026-06-14,Cto Álava Verano,F,52.90;59.83,,
200 Espalda,"EGUILUZ MANERO, Malen",2014,CN Judizmendi,3:08.29,2026-06-14,Cto Álava Verano,F,43.31;48.70;48.85;47.43,,
200 Espalda,"MARCO GARCIA, June",2014,CN Menditxo,3:10.87,2026-06-14,Cto Álava Verano,F,45.27;49.77;48.41;47.42,,
200 Espalda,"MARTÍNEZ DE ANTOÑANA VILLASANTE, Iraia",2014,CN Judizmendi,3:13.31,2026-06-14,Cto Álava Verano,F,43.74;48.58;50.96;50.03,,
50 Braza,"ARAICO QUINTANA, Sara",2013,CN Judizmendi,38.07,2026-06-14,Cto Álava Verano,F,,,
50 Braza,"PADILLA MOLDON, Maialen",2013,CN Judizmendi,42.38,2026-06-14,Cto Álava Verano,F,,,
50 Braza,"GONZALEZ SAENZ DE OLAZAGOITIA, Candela",2013,CN Judizmendi,42.46,2026-06-14,Cto Álava Verano,F,,,
50 Braza,"EGUIGUREN SANCHEZ, Carla",2014,CN Menditxo,44.15,2026-06-14,Cto Álava Verano,F,,,
50 Braza,"GRISALEÑA SAN JOSE, Olaia",2013,CN Menditxo,45.62,2026-06-14,Cto Álava Verano,F,,,
50 Braza,"GOMEZ ARTOLA, Ilargi",2013,CN Urgain,45.66,2026-06-14,Cto Álava Verano,F,,,
50 Braza,"RODRIGUEZ ZUBIAURRE, Ayla",2014,CN Judizmendi,45.94,2026-06-14,Cto Álava Verano,F,,,
50 Braza,"ARETXEDERRETA PALACIOS, Eider",2014,CN Menditxo,46.20,2026-06-14,Cto Álava Verano,F,,,
50 Braza,"SANTOS GARCIA, Uxue",2014,CN Menditxo,46.21,2026-06-14,Cto Álava Verano,F,,,
50 Braza,"IBARRONDO ARRONIZ, Jone",2013,CN Judizmendi,48.50,2026-06-14,Cto Álava Verano,F,,,
50 Braza,"VICENTE ESPINOSA, Noa",2013,CN Urgain,48.92,2026-06-14,Cto Álava Verano,F,,,
50 Braza,"MENDIBE SAN JUAN, Maider",2014,CN Menditxo,50.12,2026-06-14,Cto Álava Verano,F,,,
50 Braza,"MUGICA DOLK, Greta",2014,CN Judizmendi,50.16,2026-06-14,Cto Álava Verano,F,,,
50 Braza,"SANZ BASAGUREN, June",2014,CN Judizmendi,54.16,2026-06-14,Cto Álava Verano,F,,,
100 Braza,"ARAICO QUINTANA, Sara",2013,CN Judizmendi,1:24.59,2026-06-14,Cto Álava Verano,F,39.98;44.61,,
100 Braza,"ARETXEDERRETA PALACIOS, Eider",2014,CN Menditxo,1:38.09,2026-06-14,Cto Álava Verano,F,45.82;52.27,,
100 Braza,"RODRIGUEZ ZUBIAURRE, Ayla",2014,CN Judizmendi,1:39.11,2026-06-14,Cto Álava Verano,F,47.03;52.08,,
100 Braza,"DAQUANNO, Gaia",2014,CN Menditxo,1:40.03,2026-06-14,Cto Álava Verano,F,47.52;52.51,,
100 Braza,"EGUIGUREN SANCHEZ, Carla",2014,CN Menditxo,1:40.40,2026-06-14,Cto Álava Verano,F,47.05;53.35,,
100 Braza,"PRIETO BOTO, Olatz",2014,CN Menditxo,1:41.53,2026-06-14,Cto Álava Verano,F,48.53;53.00,,
100 Braza,"IBARRONDO ARRONIZ, Jone",2013,CN Judizmendi,1:45.77,2026-06-14,Cto Álava Verano,F,51.81;53.96,,
100 Braza,"DIAZ CEBALLOS, Laida",2013,CN Urgain,1:47.24,2026-06-14,Cto Álava Verano,F,49.96;57.28,,
100 Braza,"BASTON VARELA, Carla",2014,CN Menditxo,1:47.46,2026-06-14,Cto Álava Verano,F,50.82;56.64,,
100 Braza,"MENDIBE SAN JUAN, Maider",2014,CN Menditxo,1:48.12,2026-06-14,Cto Álava Verano,F,52.58;55.54,,
100 Braza,"BALSATEGUI SANCHEZ, Maialen",2013,CN Menditxo,1:51.46,2026-06-14,Cto Álava Verano,F,53.49;57.97,,
100 Braza,"SANZ BASAGUREN, June",2014,CN Judizmendi,1:53.23,2026-06-14,Cto Álava Verano,F,55.04;58.19,,
200 Braza,"ARAICO QUINTANA, Sara",2013,CN Judizmendi,2:59.96,2026-06-14,Cto Álava Verano,F,41.12;45.97,,
200 Braza,"HIJONA SANCHEZ, June",2014,CN Judizmendi,3:28.31,2026-06-14,Cto Álava Verano,F,47.95;52.66;55.14;52.56,,
200 Braza,"ARETXEDERRETA PALACIOS, Eider",2014,CN Menditxo,3:31.67,2026-06-14,Cto Álava Verano,F,48.57;54.64;55.34;53.12,,
200 Braza,"RODRIGUEZ ZUBIAURRE, Ayla",2014,CN Judizmendi,3:31.93,2026-06-14,Cto Álava Verano,F,49.02;54.93;54.46;53.52,,
200 Braza,"PRIETO BOTO, Olatz",2014,CN Menditxo,3:40.69,2026-06-14,Cto Álava Verano,F,51.38;57.41;56.01;55.89,,
200 Braza,"IBARRONDO ARRONIZ, Jone",2013,CN Judizmendi,3:43.41,2026-06-14,Cto Álava Verano,F,55.80;56.38;55.73;55.50,,
200 Braza,"MENDIBE SAN JUAN, Maider",2014,CN Menditxo,3:51.11,2026-06-14,Cto Álava Verano,F,54.20;57.78;1:00.55;58.58,,
200 Braza,"GASTON SOUTO, Nekane",2014,CI Laudio,4:17.78,2026-06-14,Cto Álava Verano,F,55.49;1:06.28;1:07.79;1:08.22,,
50 Mariposa,"EGUIDON VARGAS, Maren",2013,CN Menditxo,32.91,2026-06-14,Cto Álava Verano,F,,,
50 Mariposa,"SANTOS GARCIA, Uxue",2014,CN Menditxo,35.91,2026-06-14,Cto Álava Verano,F,,,
50 Mariposa,"GONZALEZ SAENZ DE OLAZAGOITIA, Candela",2013,CN Judizmendi,36.54,2026-06-14,Cto Álava Verano,F,,,
50 Mariposa,"EGUILUZ MANERO, Malen",2014,CN Judizmendi,39.41,2026-06-14,Cto Álava Verano,F,,,
50 Mariposa,"HIJONA SANCHEZ, June",2014,CN Judizmendi,42.36,2026-06-14,Cto Álava Verano,F,,,
50 Mariposa,"CARPIO RODRIGUEZ, Ane",2014,CN Judizmendi,43.58,2026-06-14,Cto Álava Verano,F,,,
50 Mariposa,"VICENTE ESPINOSA, Noa",2013,CN Urgain,44.64,2026-06-14,Cto Álava Verano,F,,,
50 Mariposa,"MUGICA DOLK, Greta",2014,CN Judizmendi,45.41,2026-06-14,Cto Álava Verano,F,,,
50 Mariposa,"DIEZ ORTIZ DE ORRUÑO, Olaia",2014,CN Urgain,45.61,2026-06-14,Cto Álava Verano,F,,,
50 Mariposa,"BASTON VARELA, Carla",2014,CN Menditxo,47.35,2026-06-14,Cto Álava Verano,F,,,
50 Mariposa,"MARTÍNEZ DE ANTOÑANA VILLASANTE, Iraia",2014,CN Judizmendi,47.36,2026-06-14,Cto Álava Verano,F,,,
50 Mariposa,"MONTES LOPEZ, Ane",2013,CN Urgain,50.21,2026-06-14,Cto Álava Verano,F,,,
50 Mariposa,"FERNANDEZ MOREIRA, Haizea",2014,CN Menditxo,52.43,2026-06-14,Cto Álava Verano,F,,,
50 Mariposa,"ARAUJO CAMPO, Iraide",2014,CI Laudio,52.92,2026-06-14,Cto Álava Verano,F,,,
50 Mariposa,"GASTON SOUTO, Nekane",2014,CI Laudio,56.77,2026-06-14,Cto Álava Verano,F,,,
100 Mariposa,"ALVAREZ SERRANO, Iraia",2014,CN Judizmendi,1:27.49,2026-06-14,Cto Álava Verano,F,40.91;46.58,,
100 Mariposa,"SANZ BASAGUREN, June",2014,CN Judizmendi,1:52.10,2026-06-14,Cto Álava Verano,F,51.47;1:00.63,,
200 Estilos,"SANTOS GARCIA, Uxue",2014,CN Menditxo,3:02.13,2026-06-14,Cto Álava Verano,F,39.93;47.88;53.54;40.78,,
200 Estilos,"ARETXEDERRETA PALACIOS, Eider",2014,CN Menditxo,3:05.26,2026-06-14,Cto Álava Verano,F,42.49;47.47;52.69;42.61,,
200 Estilos,"MARCO GARCIA, June",2014,CN Menditxo,3:13.12,2026-06-14,Cto Álava Verano,F,44.32;49.58;56.06;43.16,,
200 Estilos,"HIJONA SANCHEZ, June",2014,CN Judizmendi,3:13.69,2026-06-14,Cto Álava Verano,F,43.22;51.60;52.38;46.49,,
200 Estilos,"EGUILUZ MANERO, Malen",2014,CN Judizmendi,3:17.10,2026-06-14,Cto Álava Verano,F,45.48;49.60;58.67;43.35,,
200 Estilos,"PRIETO BOTO, Olatz",2014,CN Menditxo,3:19.58,2026-06-14,Cto Álava Verano,F,49.07;48.19;57.02;45.30,,
200 Estilos,"SANZ BASAGUREN, June",2014,CN Judizmendi,3:35.62,2026-06-14,Cto Álava Verano,F,51.11;54.96;1:00.01;49.54,,
200 Estilos,"ARAUJO CAMPO, Iraide",2014,CI Laudio,3:49.54,2026-06-14,Cto Álava Verano,F,55.08;55.72;1:07.42;51.32,,
400 Estilos,"FREIRE MARTIN, Haizea",2013,CN Menditxo,6:27.25,2026-06-14,Cto Álava Verano,F,46.51;55.18;48.97;46.33;55.71;54.92;41.75;37.88,,
400 Estilos,"MARCO GARCIA, June",2014,CN Menditxo,6:50.67,2026-06-14,Cto Álava Verano,F,48.14;57.65;50.45;50.61;56.64;57.92;44.51;44.75,,
50 Libre,"ANTOLIN CARDENAS, Asier",2014,CN Menditxo,30.82,2026-06-14,Cto Álava Verano,M,,,
50 Libre,"MORAL MIELGO, Nikko",2013,CN Judizmendi,31.66,2026-06-14,Cto Álava Verano,M,,,
50 Libre,"CASADO BAZAN, Alain",2013,CN Menditxo,33.37,2026-06-14,Cto Álava Verano,M,,,
50 Libre,"IBARRARAN RAMIREZ DE OCARIZ, Xabier",2014,CN Judizmendi,33.51,2026-06-14,Cto Álava Verano,M,,,
50 Libre,"GONZALEZ BERNARDO, Aritz",2013,CN Menditxo,33.77,2026-06-14,Cto Álava Verano,M,,,
50 Libre,"DEL CANTO APELLANIZ, Martin",2013,CN Judizmendi,33.91,2026-06-14,Cto Álava Verano,M,,,
50 Libre,"MARTINEZ ROJO, Diego",2013,CN Judizmendi,34.78,2026-06-14,Cto Álava Verano,M,,,
50 Libre,"ALAVA DIAZ DE OTAZU, Oier",2014,CN Judizmendi,36.09,2026-06-14,Cto Álava Verano,M,,,
50 Libre,"DIAZ DE CERIO ABASOLO, Eneko",2013,CN Judizmendi,36.17,2026-06-14,Cto Álava Verano,M,,,
50 Libre,"GALARRETA SERRANO, Ibai",2013,CN Zadorra,36.47,2026-06-14,Cto Álava Verano,M,,,
50 Libre,"GUTIERREZ ARTOLA, Hegoi",2013,CN Zadorra,37.60,2026-06-14,Cto Álava Verano,M,,,
50 Libre,"MONTOYA ESCUDERO, Unax",2014,CN Menditxo,38.34,2026-06-14,Cto Álava Verano,M,,,
100 Libre,"CORRALEJO FRIAS, Alex",2013,CN Judizmendi,1:10.23,2026-06-14,Cto Álava Verano,M,33.95;36.28,,
100 Libre,"ANTOLIN CARDENAS, Asier",2014,CN Menditxo,1:12.76,2026-06-14,Cto Álava Verano,M,,,
100 Libre,"CASADO BAZAN, Alain",2013,CN Menditxo,1:13.46,2026-06-14,Cto Álava Verano,M,35.39;38.07,,
100 Libre,"MARTINEZ DE AGIRRE MARTINEZ, Oihu",2014,CN Menditxo,1:14.81,2026-06-14,Cto Álava Verano,M,37.19;37.62,,
100 Libre,"GARCIA MENDIA, Miguel",2013,CN Judizmendi,1:15.04,2026-06-14,Cto Álava Verano,M,35.54;39.50,,
100 Libre,"SORIGUREN FERNANDEZ, Markel",2013,CN Judizmendi,1:15.26,2026-06-14,Cto Álava Verano,M,35.69;39.57,,
100 Libre,"IBARRARAN RAMIREZ DE OCARIZ, Xabier",2014,CN Judizmendi,1:15.97,2026-06-14,Cto Álava Verano,M,36.72;39.25,,
100 Libre,"DEL CANTO APELLANIZ, Martin",2013,CN Judizmendi,1:16.19,2026-06-14,Cto Álava Verano,M,37.00;39.19,,
100 Libre,"GONZALEZ BERNARDO, Aritz",2013,CN Menditxo,1:18.19,2026-06-14,Cto Álava Verano,M,37.79;40.40,,
100 Libre,"PUENTE GOMEZ, Jon",2013,CN Judizmendi,1:20.37,2026-06-14,Cto Álava Verano,M,38.50;41.87,,
100 Libre,"SEDO MARTIN, Ibai",2014,CN Menditxo,1:24.57,2026-06-14,Cto Álava Verano,M,39.39;45.18,,
100 Libre,"MONTOYA ESCUDERO, Unax",2014,CN Menditxo,1:26.12,2026-06-14,Cto Álava Verano,M,41.16;44.96,,
200 Libre,"MORAL MIELGO, Nikko",2013,CN Judizmendi,2:33.02,2026-06-14,Cto Álava Verano,M,34.79;39.05;39.23;39.95,,
200 Libre,"CASADO BAZAN, Alain",2013,CN Menditxo,2:42.05,2026-06-14,Cto Álava Verano,M,36.92;41.35;42.36;41.42,,
200 Libre,"MARTINEZ ROJO, Diego",2013,CN Judizmendi,2:42.72,2026-06-14,Cto Álava Verano,M,37.61;41.58;42.78;40.75,,
200 Libre,"GARCIA MENDIA, Miguel",2013,CN Judizmendi,2:49.73,2026-06-14,Cto Álava Verano,M,37.31;43.67;45.55;43.20,,
200 Libre,"SORIGUREN FERNANDEZ, Markel",2013,CN Judizmendi,2:49.83,2026-06-14,Cto Álava Verano,M,38.69;43.79;44.62;42.73,,
200 Libre,"DIAZ DE CERIO ABASOLO, Eneko",2013,CN Judizmendi,2:52.49,2026-06-14,Cto Álava Verano,M,40.48;45.88;46.28;39.85,,
200 Libre,"IBARRARAN RAMIREZ DE OCARIZ, Xabier",2014,CN Judizmendi,2:56.69,2026-06-14,Cto Álava Verano,M,39.38;45.61;45.85;45.85,,
200 Libre,"GALARRETA SERRANO, Ibai",2013,CN Zadorra,3:08.89,2026-06-14,Cto Álava Verano,M,40.48;46.64;51.34;50.43,,
200 Libre,"GUTIERREZ ARTOLA, Hegoi",2013,CN Zadorra,3:11.28,2026-06-14,Cto Álava Verano,M,44.23;48.86;51.02;47.17,,
400 Libre,"CORRALEJO FRIAS, Alex",2013,CN Judizmendi,5:19.75,2026-06-14,Cto Álava Verano,M,,,
800 Libre,"GALARRETA SERRANO, Ibai",2013,CN Zadorra,13:52.95,2026-06-14,Cto Álava Verano,M,,,
800 Libre,"GUTIERREZ ARTOLA, Hegoi",2013,CN Zadorra,14:37.93,2026-06-14,Cto Álava Verano,M,,,
50 Espalda,"CORRALEJO FRIAS, Alex",2013,CN Judizmendi,37.23,2026-06-14,Cto Álava Verano,M,,,
50 Espalda,"SALOMAO ANTEPARA, Gabriel",2014,CN Menditxo,37.80,2026-06-14,Cto Álava Verano,M,,,
50 Espalda,"IBARRARAN RAMIREZ DE OCARIZ, Xabier",2014,CN Judizmendi,38.84,2026-06-14,Cto Álava Verano,M,,,
50 Espalda,"GARCIA MENDIA, Miguel",2013,CN Judizmendi,38.93,2026-06-14,Cto Álava Verano,M,,,
50 Espalda,"ALAVA DIAZ DE OTAZU, Oier",2014,CN Judizmendi,40.12,2026-06-14,Cto Álava Verano,M,,,
50 Espalda,"SEDO MARTIN, Ibai",2014,CN Menditxo,40.55,2026-06-14,Cto Álava Verano,M,,,
50 Espalda,"SORIGUREN FERNANDEZ, Markel",2013,CN Judizmendi,41.55,2026-06-14,Cto Álava Verano,M,,,
50 Espalda,"PUENTE GOMEZ, Jon",2013,CN Judizmendi,42.19,2026-06-14,Cto Álava Verano,M,,,
50 Espalda,"DEL CANTO APELLANIZ, Martin",2013,CN Judizmendi,42.85,2026-06-14,Cto Álava Verano,M,,,
100 Espalda,"CORRALEJO FRIAS, Alex",2013,CN Judizmendi,1:21.63,2026-06-14,Cto Álava Verano,M,39.85;41.78,,
100 Espalda,"ANTOLIN CARDENAS, Asier",2014,CN Menditxo,1:23.01,2026-06-14,Cto Álava Verano,M,39.58;43.43,,
100 Espalda,"GARCIA MENDIA, Miguel",2013,CN Judizmendi,1:25.53,2026-06-14,Cto Álava Verano,M,42.04;43.49,,
100 Espalda,"ALAVA DIAZ DE OTAZU, Oier",2014,CN Judizmendi,1:29.12,2026-06-14,Cto Álava Verano,M,43.95;45.17,,
100 Espalda,"SORIGUREN FERNANDEZ, Markel",2013,CN Judizmendi,1:29.94,2026-06-14,Cto Álava Verano,M,43.46;46.48,,
100 Espalda,"SEDO MARTIN, Ibai",2014,CN Menditxo,1:30.56,2026-06-14,Cto Álava Verano,M,44.43;46.13,,
100 Espalda,"GABILONDO IBÁÑEZ DE GAUNA, Ekai",2014,CN Judizmendi,1:32.15,2026-06-14,Cto Álava Verano,M,45.16;46.99,,
100 Espalda,"GIL LOPEZ, Erik",2014,CN Menditxo,1:35.59,2026-06-14,Cto Álava Verano,M,45.90;49.69,,
100 Espalda,"GUTIERREZ ARTOLA, Hegoi",2013,CN Zadorra,1:36.57,2026-06-14,Cto Álava Verano,M,48.06;48.51,,
100 Espalda,"ZERUKO CANTERA VAZQUEZ, Adrian",2014,CN Menditxo,1:36.60,2026-06-14,Cto Álava Verano,M,47.95;48.65,,
200 Espalda,"CASADO BAZAN, Alain",2013,CN Menditxo,3:02.01,2026-06-14,Cto Álava Verano,M,43.77;46.06;46.23;45.95,,
200 Espalda,"GARCIA MENDIA, Miguel",2013,CN Judizmendi,3:05.08,2026-06-14,Cto Álava Verano,M,43.38;47.37;48.95;45.38,,
200 Espalda,"GABILONDO IBÁÑEZ DE GAUNA, Ekai",2014,CN Judizmendi,3:07.82,2026-06-14,Cto Álava Verano,M,45.24;48.19;48.08;46.31,,
200 Espalda,"SORIGUREN FERNANDEZ, Markel",2013,CN Judizmendi,3:09.56,2026-06-14,Cto Álava Verano,M,44.30;48.91;49.65;46.70,,
200 Espalda,"SEDO MARTIN, Ibai",2014,CN Menditxo,3:13.04,2026-06-14,Cto Álava Verano,M,45.02;48.86;52.17;46.99,,
200 Espalda,"GIL LOPEZ, Erik",2014,CN Menditxo,3:18.58,2026-06-14,Cto Álava Verano,M,46.24;50.81;52.14;49.39,,
50 Braza,"MARTINEZ DE AGIRRE MARTINEZ, Oihu",2014,CN Menditxo,39.80,2026-06-14,Cto Álava Verano,M,,,
50 Braza,"ANTOLIN CARDENAS, Asier",2014,CN Menditxo,40.07,2026-06-14,Cto Álava Verano,M,,,
50 Braza,"MORAL MIELGO, Nikko",2013,CN Judizmendi,41.33,2026-06-14,Cto Álava Verano,M,,,
50 Braza,"GONZALEZ BERNARDO, Aritz",2013,CN Menditxo,43.06,2026-06-14,Cto Álava Verano,M,,,
50 Braza,"DIAZ DE CERIO ABASOLO, Eneko",2013,CN Judizmendi,46.18,2026-06-14,Cto Álava Verano,M,,,
50 Braza,"GABILONDO IBÁÑEZ DE GAUNA, Ekai",2014,CN Judizmendi,48.33,2026-06-14,Cto Álava Verano,M,,,
100 Braza,"MARTINEZ DE AGIRRE MARTINEZ, Oihu",2014,CN Menditxo,1:25.95,2026-06-14,Cto Álava Verano,M,41.98;43.97,,
100 Braza,"MORAL MIELGO, Nikko",2013,CN Judizmendi,1:31.71,2026-06-14,Cto Álava Verano,M,42.15;49.56,,
100 Braza,"DIAZ DE CERIO ABASOLO, Eneko",2013,CN Judizmendi,1:35.19,2026-06-14,Cto Álava Verano,M,45.35;49.84,,
100 Braza,"IBARRARAN RAMIREZ DE OCARIZ, Xabier",2014,CN Judizmendi,1:36.56,2026-06-14,Cto Álava Verano,M,45.53;51.03,,
100 Braza,"DEL CANTO APELLANIZ, Martin",2013,CN Judizmendi,1:41.31,2026-06-14,Cto Álava Verano,M,48.39;52.92,,
100 Braza,"GABILONDO IBÁÑEZ DE GAUNA, Ekai",2014,CN Judizmendi,1:42.36,2026-06-14,Cto Álava Verano,M,48.32;54.04,,
200 Braza,"MARTINEZ DE AGIRRE MARTINEZ, Oihu",2014,CN Menditxo,3:04.03,2026-06-14,Cto Álava Verano,M,43.77;46.99;46.56;46.71,,
200 Braza,"MORAL MIELGO, Nikko",2013,CN Judizmendi,3:16.65,2026-06-14,Cto Álava Verano,M,44.44;49.45;52.74;50.02,,
200 Braza,"DIAZ DE CERIO ABASOLO, Eneko",2013,CN Judizmendi,3:21.93,2026-06-14,Cto Álava Verano,M,47.23;52.55;51.23;50.92,,
200 Braza,"IBARRARAN RAMIREZ DE OCARIZ, Xabier",2014,CN Judizmendi,3:33.73,2026-06-14,Cto Álava Verano,M,48.32;55.58;55.02;54.81,,
200 Braza,"GABILONDO IBÁÑEZ DE GAUNA, Ekai",2014,CN Judizmendi,3:34.45,2026-06-14,Cto Álava Verano,M,49.47;55.17;55.74;54.07,,
200 Braza,"MARTINEZ ROJO, Diego",2013,CN Judizmendi,3:35.47,2026-06-14,Cto Álava Verano,M,51.58;54.68;56.15;53.06,,
200 Braza,"GALARRETA SERRANO, Ibai",2013,CN Zadorra,3:37.29,2026-06-14,Cto Álava Verano,M,50.10;56.13;55.48;55.58,,
50 Mariposa,"ANTOLIN CARDENAS, Asier",2014,CN Menditxo,34.98,2026-06-14,Cto Álava Verano,M,,,
50 Mariposa,"CORRALEJO FRIAS, Alex",2013,CN Judizmendi,37.84,2026-06-14,Cto Álava Verano,M,,,
50 Mariposa,"SORIGUREN FERNANDEZ, Markel",2013,CN Judizmendi,38.30,2026-06-14,Cto Álava Verano,M,,,
50 Mariposa,"MARTINEZ ROJO, Diego",2013,CN Judizmendi,38.53,2026-06-14,Cto Álava Verano,M,,,
50 Mariposa,"SALOMAO ANTEPARA, Gabriel",2014,CN Menditxo,38.54,2026-06-14,Cto Álava Verano,M,,,
50 Mariposa,"ALAVA DIAZ DE OTAZU, Oier",2014,CN Judizmendi,39.32,2026-06-14,Cto Álava Verano,M,,,
50 Mariposa,"GONZALEZ BERNARDO, Aritz",2013,CN Menditxo,39.94,2026-06-14,Cto Álava Verano,M,,,
50 Mariposa,"PUENTE GOMEZ, Jon",2013,CN Judizmendi,40.57,2026-06-14,Cto Álava Verano,M,,,
50 Mariposa,"ZERUKO CANTERA VAZQUEZ, Adrian",2014,CN Menditxo,40.82,2026-06-14,Cto Álava Verano,M,,,
50 Mariposa,"GARCIA MENDIA, Miguel",2013,CN Judizmendi,40.84,2026-06-14,Cto Álava Verano,M,,,
50 Mariposa,"MONTOYA ESCUDERO, Unax",2014,CN Menditxo,41.37,2026-06-14,Cto Álava Verano,M,,,
50 Mariposa,"GIL LOPEZ, Erik",2014,CN Menditxo,41.92,2026-06-14,Cto Álava Verano,M,,,
50 Mariposa,"GALARRETA SERRANO, Ibai",2013,CN Zadorra,43.58,2026-06-14,Cto Álava Verano,M,,,
50 Mariposa,"GUTIERREZ ARTOLA, Hegoi",2013,CN Zadorra,45.67,2026-06-14,Cto Álava Verano,M,,,
100 Mariposa,"CORRALEJO FRIAS, Alex",2013,CN Judizmendi,1:23.20,2026-06-14,Cto Álava Verano,M,38.73;44.47,,
100 Mariposa,"ALAVA DIAZ DE OTAZU, Oier",2014,CN Judizmendi,1:33.97,2026-06-14,Cto Álava Verano,M,44.38;49.59,,
100 Mariposa,"PUENTE GOMEZ, Jon",2013,CN Judizmendi,1:36.92,2026-06-14,Cto Álava Verano,M,45.01;51.91,,
200 Estilos,"MORAL MIELGO, Nikko",2013,CN Judizmendi,3:01.53,2026-06-14,Cto Álava Verano,M,41.81;47.20;51.62;40.90,,
200 Estilos,"DIAZ DE CERIO ABASOLO, Eneko",2013,CN Judizmendi,3:14.30,2026-06-14,Cto Álava Verano,M,46.75;50.95;51.59;45.01,,
200 Estilos,"GABILONDO IBÁÑEZ DE GAUNA, Ekai",2014,CN Judizmendi,3:19.86,2026-06-14,Cto Álava Verano,M,49.09;50.69;54.38;45.70,,
200 Estilos,"ZERUKO CANTERA VAZQUEZ, Adrian",2014,CN Menditxo,3:32.03,2026-06-14,Cto Álava Verano,M,49.05;54.48;1:02.69;45.81,,
400 Estilos,"SALOMAO ANTEPARA, Gabriel",2014,CN Menditxo,6:24.20,2026-06-14,Cto Álava Verano,M,42.57;53.85;47.58;44.91;55.75;55.32;44.32;39.90,,
50 Libre,"GONZALEZ SAENZ DE OLAZAGOITIA, Candela",2013,CN Judizmendi,31.96,2026-06-21,Cto Euskal Herria,F,,,
50 Libre,"FREIRE MARTIN, Haizea",2013,CN Menditxo,33.38,2026-06-21,Cto Euskal Herria,F,,,
50 Libre,"ALVAREZ SERRANO, Iraia",2014,CN Judizmendi,34.14,2026-06-21,Cto Euskal Herria,F,,,
50 Libre,"EGUIGUREN SANCHEZ, Carla",2014,CN Menditxo,34.59,2026-06-21,Cto Euskal Herria,F,,,
50 Libre,"HIJONA SANCHEZ, June",2014,CN Judizmendi,36.40,2026-06-21,Cto Euskal Herria,F,,,
100 Libre,"EGUIDON VARGAS, Maren",2013,CN Menditxo,1:08.04,2026-06-21,Cto Euskal Herria,F,32.78;35.26,,
100 Libre,"GONZALEZ SAENZ DE OLAZAGOITIA, Candela",2013,CN Judizmendi,1:09.02,2026-06-21,Cto Euskal Herria,F,32.94;36.08,,
100 Libre,"ALVAREZ SERRANO, Iraia",2014,CN Judizmendi,1:13.02,2026-06-21,Cto Euskal Herria,F,35.26;37.76,,
100 Libre,"FREIRE MARTIN, Haizea",2013,CN Menditxo,1:13.56,2026-06-21,Cto Euskal Herria,F,36.81;36.75,,
200 Libre,"ARAICO QUINTANA, Sara",2013,CN Judizmendi,2:32.06,2026-06-21,Cto Euskal Herria,F,34.99;38.18;39.62;39.27,,
200 Libre,"FREIRE MARTIN, Haizea",2013,CN Menditxo,2:38.38,2026-06-21,Cto Euskal Herria,F,37.82;41.19;41.67;37.70,,
200 Libre,"ALVAREZ SERRANO, Iraia",2014,CN Judizmendi,2:39.58,2026-06-21,Cto Euskal Herria,F,37.86;41.47;41.35;38.90,,
400 Libre,"ALVAREZ SERRANO, Iraia",2014,CN Judizmendi,5:31.04,2026-06-21,Cto Euskal Herria,F,37.62;41.64;42.52;42.71;42.28;41.28;42.18;40.81,,
400 Libre,"CASTRESANA LIÑÁN, Martina",2013,CN Judizmendi,5:37.45,2026-06-21,Cto Euskal Herria,F,37.91;41.92;42.70;43.09;43.43;43.02;43.18;42.20,,
800 Libre,"CASTRESANA LIÑÁN, Martina",2013,CN Judizmendi,11:15.22,2026-06-21,Cto Euskal Herria,F,38.47;41.42;42.63;42.34;42.70;42.76;43.07;42.71;43.38;42.57;43.18;42.72;42.48;43.03;41.80;39.96,,
50 Espalda,"GONZALEZ SAENZ DE OLAZAGOITIA, Candela",2013,CN Judizmendi,37.95,2026-06-21,Cto Euskal Herria,F,,,
50 Espalda,"EGUILUZ MANERO, Malen",2014,CN Judizmendi,40.49,2026-06-21,Cto Euskal Herria,F,,,
50 Espalda,"GRISALEÑA SAN JOSE, Olaia",2013,CN Menditxo,41.14,2026-06-21,Cto Euskal Herria,F,,,
100 Espalda,"DAQUANNO, Gaia",2014,CN Menditxo,1:24.74,2026-06-21,Cto Euskal Herria,F,41.73;43.01,,
100 Espalda,"EGUILUZ MANERO, Malen",2014,CN Judizmendi,1:28.04,2026-06-21,Cto Euskal Herria,F,42.13;45.91,,
100 Espalda,"MARCO GARCIA, June",2014,CN Menditxo,1:29.94,2026-06-21,Cto Euskal Herria,F,44.57;45.37,,
200 Espalda,"DAQUANNO, Gaia",2014,CN Menditxo,2:57.63,2026-06-21,Cto Euskal Herria,F,42.33;44.37;45.76;45.17,,
200 Espalda,"EGUILUZ MANERO, Malen",2014,CN Judizmendi,3:06.12,2026-06-21,Cto Euskal Herria,F,42.90;47.80;48.53;46.89,,
200 Espalda,"GRISALEÑA SAN JOSE, Olaia",2013,CN Menditxo,3:08.66,2026-06-21,Cto Euskal Herria,F,44.67;48.44;49.50;46.05,,
200 Espalda,"MARTÍNEZ DE ANTOÑANA VILLASANTE, Iraia",2014,CN Judizmendi,3:17.73,2026-06-21,Cto Euskal Herria,F,46.95;50.06;51.47;49.25,,
50 Braza,"ARAICO QUINTANA, Sara",2013,CN Judizmendi,38.27,2026-06-21,Cto Euskal Herria,F,,,
50 Braza,"PADILLA MOLDON, Maialen",2013,CN Judizmendi,42.57,2026-06-21,Cto Euskal Herria,F,,,
50 Braza,"HIJONA SANCHEZ, June",2014,CN Judizmendi,42.63,2026-06-21,Cto Euskal Herria,F,,,
50 Braza,"EGUIGUREN SANCHEZ, Carla",2014,CN Menditxo,45.10,2026-06-21,Cto Euskal Herria,F,,,
50 Braza,"RODRIGUEZ ZUBIAURRE, Ayla",2014,CN Judizmendi,45.73,2026-06-21,Cto Euskal Herria,F,,,
50 Braza,"GRISALEÑA SAN JOSE, Olaia",2013,CN Menditxo,46.96,2026-06-21,Cto Euskal Herria,F,,,
100 Braza,"ARAICO QUINTANA, Sara",2013,CN Judizmendi,1:22.61,2026-06-21,Cto Euskal Herria,F,38.44;44.17,,
100 Braza,"HIJONA SANCHEZ, June",2014,CN Judizmendi,1:32.43,2026-06-21,Cto Euskal Herria,F,43.04;49.39,,
100 Braza,"ARETXEDERRETA PALACIOS, Eider",2014,CN Menditxo,1:36.78,2026-06-21,Cto Euskal Herria,F,46.01;50.77,,
100 Braza,"RODRIGUEZ ZUBIAURRE, Ayla",2014,CN Judizmendi,1:40.17,2026-06-21,Cto Euskal Herria,F,48.20;51.97,,
100 Braza,"DAQUANNO, Gaia",2014,CN Menditxo,1:40.43,2026-06-21,Cto Euskal Herria,F,48.00;52.43,,
100 Braza,"EGUIGUREN SANCHEZ, Carla",2014,CN Menditxo,1:41.95,2026-06-21,Cto Euskal Herria,F,48.00;53.95,,
200 Braza,"ARAICO QUINTANA, Sara",2013,CN Judizmendi,2:59.92,2026-06-21,Cto Euskal Herria,F,41.40;45.08;46.38;47.06,,
200 Braza,"HIJONA SANCHEZ, June",2014,CN Judizmendi,3:23.95,2026-06-21,Cto Euskal Herria,F,43.57;50.30;54.97;55.11,,
200 Braza,"CASTRESANA LIÑÁN, Martina",2013,CN Judizmendi,3:24.82,2026-06-21,Cto Euskal Herria,F,47.05;51.26;52.95;53.56,,
200 Braza,"ARETXEDERRETA PALACIOS, Eider",2014,CN Menditxo,3:30.75,2026-06-21,Cto Euskal Herria,F,47.24;53.83;55.48;54.20,,
200 Braza,"RODRIGUEZ ZUBIAURRE, Ayla",2014,CN Judizmendi,3:30.89,2026-06-21,Cto Euskal Herria,F,48.16;53.73;54.99;54.01,,
50 Mariposa,"EGUIDON VARGAS, Maren",2013,CN Menditxo,32.63,2026-06-21,Cto Euskal Herria,F,,,
50 Mariposa,"SANTOS GARCIA, Uxue",2014,CN Menditxo,35.24,2026-06-21,Cto Euskal Herria,F,,,
50 Mariposa,"GONZALEZ SAENZ DE OLAZAGOITIA, Candela",2013,CN Judizmendi,35.81,2026-06-21,Cto Euskal Herria,F,,,
50 Mariposa,"EGUILUZ MANERO, Malen",2014,CN Judizmendi,37.82,2026-06-21,Cto Euskal Herria,F,,,
100 Mariposa,"EGUIDON VARGAS, Maren",2013,CN Menditxo,1:16.94,2026-06-21,Cto Euskal Herria,F,36.37;40.57,,
100 Mariposa,"SANTOS GARCIA, Uxue",2014,CN Menditxo,1:26.47,2026-06-21,Cto Euskal Herria,F,39.64;46.83,,
200 Mariposa,"EGUIDON VARGAS, Maren",2013,CN Menditxo,3:04.41,2026-06-21,Cto Euskal Herria,F,38.73;46.95;51.42;47.31,,
200 Estilos,"SANTOS GARCIA, Uxue",2014,CN Menditxo,3:03.71,2026-06-21,Cto Euskal Herria,F,39.65;49.65;55.22;39.19,,
200 Estilos,"CASTRESANA LIÑÁN, Martina",2013,CN Judizmendi,3:04.82,2026-06-21,Cto Euskal Herria,F,42.53;48.53;53.37;40.39,,
200 Estilos,"ARETXEDERRETA PALACIOS, Eider",2014,CN Menditxo,3:08.98,2026-06-21,Cto Euskal Herria,F,44.30;50.10;52.46;42.12,,
200 Estilos,"DAQUANNO, Gaia",2014,CN Menditxo,3:10.45,2026-06-21,Cto Euskal Herria,F,47.56;46.00;54.66;42.23,,
200 Estilos,"MARCO GARCIA, June",2014,CN Menditxo,3:13.43,2026-06-21,Cto Euskal Herria,F,46.83;49.36;56.40;40.84,,
400 Estilos,"SANTOS GARCIA, Uxue",2014,CN Menditxo,6:22.24,2026-06-21,Cto Euskal Herria,F,43.71;49.79;48.89;48.54;54.79;54.49;42.29;39.74,,
400 Estilos,"FREIRE MARTIN, Haizea",2013,CN Menditxo,6:23.73,2026-06-21,Cto Euskal Herria,F,49.47;52.58;48.37;46.39;53.90;54.46;41.04;37.52,,
400 Estilos,"MARCO GARCIA, June",2014,CN Menditxo,6:38.61,2026-06-21,Cto Euskal Herria,F,47.21;54.23;49.40;49.25;54.87;56.51;43.97;43.17,,
50 Libre,"ANTOLIN CARDENAS, Asier",2014,CN Menditxo,30.59,2026-06-21,Cto Euskal Herria,M,,,
50 Libre,"RIOS ANSOTEGUI, Iker",2014,CN Judizmendi,30.93,2026-06-21,Cto Euskal Herria,M,,,
100 Libre,"RIOS ANSOTEGUI, Iker",2014,CN Judizmendi,1:09.20,2026-06-21,Cto Euskal Herria,M,34.31;34.89,,
100 Libre,"ANTOLIN CARDENAS, Asier",2014,CN Menditxo,1:10.95,2026-06-21,Cto Euskal Herria,M,33.46;37.49,,
100 Libre,"MARTINEZ DE AGIRRE MARTINEZ, Oihu",2014,CN Menditxo,1:14.19,2026-06-21,Cto Euskal Herria,M,36.66;37.53,,
200 Libre,"CORRALEJO FRIAS, Alex",2013,CN Judizmendi,2:30.67,2026-06-21,Cto Euskal Herria,M,34.81;38.51;39.16;38.19,,
200 Libre,"MORAL MIELGO, Nikko",2013,CN Judizmendi,2:31.04,2026-06-21,Cto Euskal Herria,M,34.28;38.50;39.93;38.33,,
400 Libre,"MORAL MIELGO, Nikko",2013,CN Judizmendi,5:25.76,2026-06-21,Cto Euskal Herria,M,35.81;39.57;41.35;42.36;42.04;42.87;42.11;39.65,,
800 Libre,"CORRALEJO FRIAS, Alex",2013,CN Judizmendi,10:36.44,2026-06-21,Cto Euskal Herria,M,35.42;37.97;39.52;40.04;40.39;40.34;40.19;40.40;40.95;41.35;40.36;40.32;40.77;41.13;40.03;37.26,,
800 Libre,"MORAL MIELGO, Nikko",2013,CN Judizmendi,10:52.28,2026-06-21,Cto Euskal Herria,M,37.49;40.42;41.13;41.31;40.99;41.92;41.77;41.22;42.04;40.44;41.71;41.92;40.88;40.37;40.52;38.15,,
50 Espalda,"CORRALEJO FRIAS, Alex",2013,CN Judizmendi,37.69,2026-06-21,Cto Euskal Herria,M,,,
50 Espalda,"SALOMAO ANTEPARA, Gabriel",2014,CN Menditxo,37.73,2026-06-21,Cto Euskal Herria,M,,,
50 Espalda,"IBARRARAN RAMIREZ DE OCARIZ, Xabier",2014,CN Judizmendi,38.73,2026-06-21,Cto Euskal Herria,M,,,
50 Espalda,"ALAVA DIAZ DE OTAZU, Oier",2014,CN Judizmendi,39.56,2026-06-21,Cto Euskal Herria,M,,,
100 Espalda,"SALOMAO ANTEPARA, Gabriel",2014,CN Menditxo,1:20.84,2026-06-21,Cto Euskal Herria,M,39.84;41.00,,
100 Espalda,"IBARRARAN RAMIREZ DE OCARIZ, Xabier",2014,CN Judizmendi,1:23.63,2026-06-21,Cto Euskal Herria,M,40.49;43.14,,
100 Espalda,"ALAVA DIAZ DE OTAZU, Oier",2014,CN Judizmendi,1:27.28,2026-06-21,Cto Euskal Herria,M,42.26;45.02,,
100 Espalda,"SEDO MARTIN, Ibai",2014,CN Menditxo,1:31.00,2026-06-21,Cto Euskal Herria,M,45.52;45.48,,
200 Espalda,"SALOMAO ANTEPARA, Gabriel",2014,CN Menditxo,2:54.47,2026-06-21,Cto Euskal Herria,M,41.27;44.68;45.05;43.47,,
200 Espalda,"CORRALEJO FRIAS, Alex",2013,CN Judizmendi,2:59.33,2026-06-21,Cto Euskal Herria,M,42.39;45.49;47.17;44.28,,
200 Espalda,"ALAVA DIAZ DE OTAZU, Oier",2014,CN Judizmendi,3:03.68,2026-06-21,Cto Euskal Herria,M,43.25;47.45;47.15;45.83,,
200 Espalda,"IBARRARAN RAMIREZ DE OCARIZ, Xabier",2014,CN Judizmendi,3:05.08,2026-06-21,Cto Euskal Herria,M,42.36;47.62;48.66;46.44,,
200 Espalda,"SEDO MARTIN, Ibai",2014,CN Menditxo,3:13.64,2026-06-21,Cto Euskal Herria,M,44.70;49.33;51.68;47.93,,
200 Espalda,"GIL LOPEZ, Erik",2014,CN Menditxo,3:24.60,2026-06-21,Cto Euskal Herria,M,46.74;51.26;54.57;52.03,,
50 Braza,"ANTOLIN CARDENAS, Asier",2014,CN Menditxo,40.88,2026-06-21,Cto Euskal Herria,M,,,
50 Braza,"MARTINEZ DE AGIRRE MARTINEZ, Oihu",2014,CN Menditxo,41.29,2026-06-21,Cto Euskal Herria,M,,,
100 Braza,"MARTINEZ DE AGIRRE MARTINEZ, Oihu",2014,CN Menditxo,1:28.09,2026-06-21,Cto Euskal Herria,M,43.09;45.00,,
100 Braza,"IBARRARAN RAMIREZ DE OCARIZ, Xabier",2014,CN Judizmendi,1:33.37,2026-06-21,Cto Euskal Herria,M,44.58;48.79,,
200 Braza,"MARTINEZ DE AGIRRE MARTINEZ, Oihu",2014,CN Menditxo,3:06.91,2026-06-21,Cto Euskal Herria,M,44.02;48.41;47.31;47.17,,
50 Mariposa,"RIOS ANSOTEGUI, Iker",2014,CN Judizmendi,35.44,2026-06-21,Cto Euskal Herria,M,,,
50 Mariposa,"ANTOLIN CARDENAS, Asier",2014,CN Menditxo,35.68,2026-06-21,Cto Euskal Herria,M,,,
50 Mariposa,"ALAVA DIAZ DE OTAZU, Oier",2014,CN Judizmendi,38.14,2026-06-21,Cto Euskal Herria,M,,,
100 Mariposa,"RIOS ANSOTEGUI, Iker",2014,CN Judizmendi,1:22.24,2026-06-21,Cto Euskal Herria,M,38.71;43.53,,
400 Estilos,"MORAL MIELGO, Nikko",2013,CN Judizmendi,6:06.84,2026-06-21,Cto Euskal Herria,M,41.69;50.92;45.40;46.18;51.01;52.72;40.03;38.89,,
400 Estilos,"SALOMAO ANTEPARA, Gabriel",2014,CN Menditxo,6:34.56,2026-06-21,Cto Euskal Herria,M,45.38;54.88;47.51;47.02;57.61;58.06;44.52;39.58,,
100 Mariposa,"BUSTINZA ABAD, Lur",2014,CN Judizmendi,,2025-11-15,2ª Jornada Escolar DFA,F,,DSQ,Salida Anticipada
50 Espalda,"BUSTINZA ABAD, Lur",2014,CN Judizmendi,,2025-11-15,2ª Jornada Escolar DFA,F,,DSQ,Nado Irregular
100 Mariposa,"FREIRE MARTIN, Haizea",2013,CN Menditxo,,2025-11-15,2ª Jornada Escolar DFA,F,,DSQ,Nado Irregular
50 Espalda,"PUENTE GOMEZ, Jon",2013,CN Judizmendi,,2025-11-15,2ª Jornada Escolar DFA,M,,DSQ,Salida Anticipada
400 Libre,"SORIGUREN FERNANDEZ, Markel",2013,CN Judizmendi,,2025-11-15,2ª Jornada Escolar DFA,M,,DSQ,Salida Anticipada
50 Espalda,"SORIGUREN FERNANDEZ, Markel",2013,CN Judizmendi,,2025-11-15,2ª Jornada Escolar DFA,M,,DSQ,Salida Anticipada
50 Libre,"SANZ BASAGUREN, June",2014,CN Judizmendi,,2025-12-13,3ª Jornada Escolar DFA,F,,DSQ,Salida Anticipada
50 Libre,"PUENTE GOMEZ, Jon",2013,CN Judizmendi,,2025-12-13,3ª Jornada Escolar DFA,M,,DSQ,Salida Anticipada
200 Estilos,"DEL CANTO APELLANIZ, Martin",2013,CN Judizmendi,,2026-01-03,Trofeo Reyes Judizmendi,M,,DSQ,Viraje Irregular
200 Estilos,"IBARRARAN RAMIREZ DE OCARIZ, Xabier",2014,CN Judizmendi,,2026-01-03,Trofeo Reyes Judizmendi,M,,DSQ,Viraje Irregular
200 Estilos,"MORAL MIELGO, Nikko",2013,CN Judizmendi,,2026-01-03,Trofeo Reyes Judizmendi,M,,DSQ,Salida Anticipada
100 Espalda,"BASTON VARELA, Carla",2014,CN Menditxo,,2026-01-24,Cto Álava Invierno,F,,DSQ,Viraje Irregular
100 Mariposa,"BASTON VARELA, Carla",2014,CN Menditxo,,2026-01-24,Cto Álava Invierno,F,,DSQ,Nado Irregular
50 Libre,"CARPIO RODRIGUEZ, Ane",2014,CN Judizmendi,,2026-01-24,Cto Álava Invierno,F,,DSQ,Salida Anticipada
50 Libre,"EGUILUZ MANERO, Malen",2014,CN Judizmendi,,2026-01-24,Cto Álava Invierno,F,,DSQ,Salida Anticipada
100 Estilos,"FERNANDEZ MOREIRA, Haizea",2014,CN Menditxo,,2026-01-24,Cto Álava Invierno,F,,DSQ,Viraje Irregular
50 Braza,"HERRERO ALONSO, Miren",2013,CN Judizmendi,,2026-01-24,Cto Álava Invierno,F,,DSQ,Nado Irregular
50 Libre,"IBARRONDO ARRONIZ, Jone",2013,CN Judizmendi,,2026-01-24,Cto Álava Invierno,F,,DSQ,Salida Anticipada
100 Espalda,"MENDIBE SAN JUAN, Maider",2014,CN Menditxo,,2026-01-24,Cto Álava Invierno,F,,DSQ,Viraje Irregular
50 Libre,"MONTES LOPEZ, Ane",2013,CN Urgain,,2026-01-24,Cto Álava Invierno,F,,DSQ,Salida Anticipada
100 Braza,"ANTOLIN CARDENAS, Asier",2014,CN Menditxo,,2026-01-24,Cto Álava Invierno,M,,DSQ,Nado Irregular
200 Estilos,"GALARRETA SERRANO, Ibai",2013,CN Zadorra,,2026-01-24,Cto Álava Invierno,M,,DSQ,Viraje Irregular
200 Espalda,"GIL LOPEZ, Erik",2014,CN Menditxo,,2026-01-24,Cto Álava Invierno,M,,DSQ,Viraje Irregular
200 Estilos,"GIL LOPEZ, Erik",2014,CN Menditxo,,2026-01-24,Cto Álava Invierno,M,,DSQ,Viraje Irregular
100 Braza,"MORAL MIELGO, Nikko",2013,CN Judizmendi,,2026-01-24,Cto Álava Invierno,M,,DSQ,Nado Irregular
200 Braza,"MORAL MIELGO, Nikko",2013,CN Judizmendi,,2026-01-24,Cto Álava Invierno,M,,DSQ,Nado Irregular
50 Braza,"MORAL MIELGO, Nikko",2013,CN Judizmendi,,2026-01-24,Cto Álava Invierno,M,,DSQ,Nado Irregular
50 Espalda,"MURGUIA GAINZARAIN, Unax",2014,CN Zadorra,,2026-01-24,Cto Álava Invierno,M,,DSQ,Llegada Irregular
50 Braza,"PAIVA ALFONZO, Santiago Rafael",2014,CN Zadorra,,2026-01-24,Cto Álava Invierno,M,,DSQ,Nado Irregular
50 Espalda,"PAIVA ALFONZO, Santiago Rafael",2014,CN Zadorra,,2026-01-24,Cto Álava Invierno,M,,DSQ,Viraje Irregular
100 Mariposa,"CASADO BAZAN, Alain",2013,CN Menditxo,,2026-02-21,4ª Jornada Escolar DFA,M,,DSQ,Nado Irregular
100 Espalda,"MORAL MIELGO, Nikko",2013,CN Judizmendi,,2026-02-21,4ª Jornada Escolar DFA,M,,DSQ,Viraje Irregular
50 Braza,"PAIVA ALFONZO, Santiago Rafael",2014,CN Zadorra,,2026-02-21,4ª Jornada Escolar DFA,M,,DSQ,Viraje Irregular
100 Mariposa,"BASTON VARELA, Carla",2014,CN Menditxo,,2026-03-07,36 Trofeo IT Laudio,F,,DSQ,Viraje Irregular
50 Braza,"FERNANDEZ MOREIRA, Haizea",2014,CN Menditxo,,2026-03-07,36 Trofeo IT Laudio,F,,DSQ,Nado Irregular
50 Mariposa,"MUGICA DOLK, Greta",2014,CN Judizmendi,,2026-03-07,36 Trofeo IT Laudio,F,,DSQ,Viraje Irregular
50 Espalda,"GIL LOPEZ, Erik",2014,CN Menditxo,,2026-03-07,36 Trofeo IT Laudio,M,,DSQ,Llegada Irregular
50 Braza,"MORAL MIELGO, Nikko",2013,CN Judizmendi,,2026-03-07,36 Trofeo IT Laudio,M,,DSQ,Nado Irregular
100 Espalda,"SEDO MARTIN, Ibai",2014,CN Menditxo,,2026-03-07,36 Trofeo IT Laudio,M,,DSQ,Viraje Irregular
100 Braza,"FUENTE COLINO, Jone",2014,CN Zadorra,,2026-03-14,5ª Jornada Escolar,F,,DSQ,Viraje Irregular
100 Mariposa,"MENDIBE SAN JUAN, Maider",2014,CN Menditxo,,2026-03-14,5ª Jornada Escolar,F,,DSQ,Viraje Irregular
50 Mariposa,"ALAVA DIAZ DE OTAZU, Oier",2014,CN Judizmendi,,2026-04-18,6ª Jornada Escolar,M,,DSQ,
400 Estilos,"BASTON VARELA, Carla",2014,CN Menditxo,,2026-05-16,7ª Jornada Escolar,F,,DSQ,
100 Estilos,"CARPIO RODRIGUEZ, Ane",2014,CN Judizmendi,,2026-05-16,7ª Jornada Escolar,F,,DSQ,
400 Estilos,"CASTRESANA LIÑÁN, Martina",2013,CN Judizmendi,,2026-05-16,7ª Jornada Escolar,F,,DSQ,
400 Estilos,"EGUIGUREN SANCHEZ, Carla",2014,CN Menditxo,,2026-05-16,7ª Jornada Escolar,F,,DSQ,
50 Libre,"FUENTE COLINO, Jone",2014,CN Zadorra,,2026-05-16,7ª Jornada Escolar,F,,DSQ,
400 Estilos,"MARCO GARCIA, June",2014,CN Menditxo,,2026-05-16,7ª Jornada Escolar,F,,DSQ,
400 Estilos,"PRIETO BOTO, Olatz",2014,CN Menditxo,,2026-05-16,7ª Jornada Escolar,F,,DSQ,
100 Estilos,"SANZ BASAGUREN, June",2014,CN Judizmendi,,2026-05-16,7ª Jornada Escolar,F,,DSQ,
400 Estilos,"ARENAS LOPEZ, Ander",2014,CN Menditxo,,2026-05-16,7ª Jornada Escolar,M,,DSQ,
400 Estilos,"GIL LOPEZ, Erik",2014,CN Menditxo,,2026-05-16,7ª Jornada Escolar,M,,DSQ,
400 Estilos,"GONZALEZ BERNARDO, Aritz",2013,CN Menditxo,,2026-05-16,7ª Jornada Escolar,M,,DSQ,
400 Estilos,"MARTINEZ ROJO, Diego",2013,CN Judizmendi,,2026-05-16,7ª Jornada Escolar,M,,DSQ,
400 Estilos,"MONTOYA ESCUDERO, Unax",2014,CN Menditxo,,2026-05-16,7ª Jornada Escolar,M,,DSQ,
400 Estilos,"RIOS ANSOTEGUI, Iker",2014,CN Judizmendi,,2026-05-16,7ª Jornada Escolar,M,,DSQ,
400 Estilos,"SALOMAO ANTEPARA, Gabriel",2014,CN Menditxo,,2026-05-16,7ª Jornada Escolar,M,,DSQ,
100 Mariposa,"BASTON VARELA, Carla",2014,CN Menditxo,,2026-06-14,Cto Álava Verano,F,,DSQ,Nado Irregular
400 Estilos,"SANTOS GARCIA, Uxue",2014,CN Menditxo,,2026-06-14,Cto Álava Verano,F,,DSQ,Nado Irregular
100 Espalda,"CASADO BAZAN, Alain",2013,CN Menditxo,,2026-06-14,Cto Álava Verano,M,,DSQ,Viraje Irregular
200 Estilos,"GIL LOPEZ, Erik",2014,CN Menditxo,,2026-06-14,Cto Álava Verano,M,,DSQ,Nado Irregular
50 Braza,"GIL LOPEZ, Erik",2014,CN Menditxo,,2026-06-14,Cto Álava Verano,M,,DSQ,Nado Irregular
50 Libre,"PUENTE GOMEZ, Jon",2013,CN Judizmendi,,2026-06-14,Cto Álava Verano,M,,DSQ,Salida Anticipada
100 Espalda,"ARETXEDERRETA PALACIOS, Eider",2014,CN Menditxo,,2026-06-21,Cto Euskal Herria,F,,DSQ,
200 Espalda,"MARCO GARCIA, June",2014,CN Menditxo,,2026-06-21,Cto Euskal Herria,F,,DSQ,
50 Espalda,"SEDO MARTIN, Ibai",2014,CN Menditxo,,2026-06-21,Cto Euskal Herria,M,,DSQ,
800 Libre,"SORIGUREN FERNANDEZ, Markel",2013,CN Judizmendi,12:14.87,2026-05-30,Juegos Escolares Euskadi,M,39.21;44.09;46.47;46.65;46.44;47.56;46.88;46.44;46.68;46.22;47.07;47.34;47.00;47.34;46.47;43.01,,
800 Libre,"CASADO BAZAN, Alain",2013,CN Menditxo,12:21.31,2026-05-30,Juegos Escolares Euskadi,M,41.49;45.65;46.06;46.75;46.57;46.53;46.87;47.35;46.93;47.85;47.37;47.57;47.31;46.59;46.60;43.82,,
400 Libre,"ALVAREZ SERRANO, Iraia",2014,CN Judizmendi,5:32.00,2026-05-30,Juegos Escolares Euskadi,F,,,
400 Libre,"CASTRESANA LIÑÁN, Martina",2013,CN Judizmendi,5:32.66,2026-05-30,Juegos Escolares Euskadi,F,37.31;40.87;42.41;42.59;42.56;42.75;42.47;41.70,,
400 Libre,"FREIRE MARTIN, Haizea",2013,CN Menditxo,5:38.47,2026-05-30,Juegos Escolares Euskadi,F,38.84;43.31;43.62;43.47;44.50;43.88;42.62;38.23,,
100 Mariposa,"CORRALEJO FRIAS, Alex",2013,CN Judizmendi,1:23.63,2026-05-30,Juegos Escolares Euskadi,M,37.90;45.73,,
100 Mariposa,"GONZALEZ BERNARDO, Aritz",2013,CN Menditxo,1:36.31,2026-05-30,Juegos Escolares Euskadi,M,45.02;51.29,,
100 Mariposa,"GALARRETA SERRANO, Ibai",2013,CN Zadorra,1:45.87,2026-05-30,Juegos Escolares Euskadi,M,47.14;58.73,,
100 Mariposa,"EGUIDON VARGAS, Maren",2013,CN Menditxo,1:20.53,2026-05-30,Juegos Escolares Euskadi,F,36.77;43.76,,
100 Mariposa,"SANTOS GARCIA, Uxue",2014,CN Menditxo,1:28.87,2026-05-30,Juegos Escolares Euskadi,F,41.14;47.73,,
100 Mariposa,"RODRIGUEZ ZUBIAURRE, Ayla",2014,CN Judizmendi,,2026-05-30,Juegos Escolares Euskadi,F,,DSQ,Llegada Irregular
200 Espalda,"GARCIA MENDIA, Miguel",2013,CN Judizmendi,3:13.19,2026-05-30,Juegos Escolares Euskadi,M,45.05;49.88;50.56;47.70,,
200 Espalda,"DEL CANTO APELLANIZ, Martin",2013,CN Judizmendi,3:16.94,2026-05-30,Juegos Escolares Euskadi,M,46.80;50.88;51.34;47.92,,
200 Espalda,"DAQUANNO, Gaia",2014,CN Menditxo,2:57.62,2026-05-30,Juegos Escolares Euskadi,F,42.43;45.78;45.69;43.72,,
100 Braza,"MORAL MIELGO, Nikko",2013,CN Judizmendi,1:33.68,2026-05-30,Juegos Escolares Euskadi,M,44.55;49.13,,
100 Braza,"DEL VALLE GARCIA, Hugo",2013,CN Zadorra,1:53.75,2026-05-30,Juegos Escolares Euskadi,M,54.99;58.76,,
100 Braza,"ARAICO QUINTANA, Sara",2013,CN Judizmendi,1:23.22,2026-05-30,Juegos Escolares Euskadi,F,39.83;43.39,,
100 Braza,"HIJONA SANCHEZ, June",2014,CN Judizmendi,1:35.68,2026-05-30,Juegos Escolares Euskadi,F,43.48;52.20,,
100 Braza,"PADILLA MOLDON, Maialen",2013,CN Judizmendi,,2026-05-30,Juegos Escolares Euskadi,F,,DSQ,Nado Irregular
200 Libre,"MARTINEZ ROJO, Diego",2013,CN Judizmendi,2:44.78,2026-05-30,Juegos Escolares Euskadi,M,38.80;42.25;42.65;41.08,,
200 Libre,"GUTIERREZ ARTOLA, Hegoi",2013,CN Zadorra,3:04.72,2026-05-30,Juegos Escolares Euskadi,M,41.46;48.66;49.31;45.29,,
200 Libre,"GONZALEZ SAENZ DE OLAZAGOITIA, Candela",2013,CN Judizmendi,2:32.91,2026-05-30,Juegos Escolares Euskadi,F,35.46;38.38;40.03;39.04,,
200 Libre,"HERRERO ALONSO, Miren",2013,CN Judizmendi,2:51.38,2026-05-30,Juegos Escolares Euskadi,F,39.83;43.29;45.78;42.48,,
200 Estilos,"PUENTE GOMEZ, Jon",2013,CN Judizmendi,3:14.47,2026-05-30,Juegos Escolares Euskadi,M,42.71;50.28;59.09;42.39,,
200 Estilos,"DIAZ DE CERIO ABASOLO, Eneko",2013,CN Judizmendi,,2026-05-30,Juegos Escolares Euskadi,M,,DSQ,Nado Irregular
200 Estilos,"ARETXEDERRETA PALACIOS, Eider",2014,CN Menditxo,3:07.78,2026-05-30,Juegos Escolares Euskadi,F,41.46;49.34;54.72;42.26,,
200 Estilos,"EGUILUZ MANERO, Malen",2014,CN Judizmendi,3:12.88,2026-05-30,Juegos Escolares Euskadi,F,43.12;50.34;57.28;42.14,,
200 Estilos,"MARCO GARCIA, June",2014,CN Menditxo,3:17.47,2026-05-30,Juegos Escolares Euskadi,F,44.93;51.65;57.79;43.10,,
800 Libre,"CASTRESANA LIÑÁN, Martina",2013,CN Judizmendi,11:32.43,2026-05-30,Juegos Escolares Euskadi,F,38.61;42.41;44.03;43.47;43.59;43.03;43.85;44.43;43.00;44.25;44.60;44.28;43.75;43.78;43.91;41.44,,
800 Libre,"HERRERO ALONSO, Miren",2013,CN Judizmendi,12:04.12,2026-05-30,Juegos Escolares Euskadi,F,40.33;44.59;45.44;43.63;44.21;46.25;45.63;45.75;46.28;46.44;46.62;45.94;46.84;46.85;47.59;41.73,,
800 Libre,"CARPIO RODRIGUEZ, Ane",2014,CN Judizmendi,12:30.54,2026-05-30,Juegos Escolares Euskadi,F,41.49;45.35;46.47;46.40;47.88;47.62;47.41;48.47;48.84;47.19;47.78;47.62;47.44;48.88;48.03;43.67,,
800 Libre,"GOMEZ ARTOLA, Ilargi",2013,CN Urgain,13:22.24,2026-05-30,Juegos Escolares Euskadi,F,42.05;47.47;49.69;50.47;49.90;52.10;51.78;51.69;51.15;52.22;52.53;51.81;52.00;50.47;48.85;48.06,,
800 Libre,"DIAZ CEBALLOS, Laida",2013,CN Urgain,13:55.00,2026-05-30,Juegos Escolares Euskadi,F,44.14;48.66;52.12;54.13;50.75;52.78;52.06;53.13;53.12;55.97;53.91;54.12;54.28;54.82;52.46;48.55,,
400 Libre,"CASADO BAZAN, Alain",2013,CN Menditxo,5:48.41,2026-05-30,Juegos Escolares Euskadi,M,39.74;43.28;44.57;44.59;44.59;44.60;44.28;42.76,,
400 Libre,"MARTINEZ ROJO, Diego",2013,CN Judizmendi,5:50.40,2026-05-30,Juegos Escolares Euskadi,M,39.49;44.62;44.88;46.25;44.46;44.10;44.00;42.60,,
400 Libre,"GONZALEZ BERNARDO, Aritz",2013,CN Menditxo,5:59.44,2026-05-30,Juegos Escolares Euskadi,M,42.46;45.44;46.03;45.31;46.72;46.12;44.19;43.17,,
400 Libre,"GALARRETA SERRANO, Ibai",2013,CN Zadorra,6:56.03,2026-05-30,Juegos Escolares Euskadi,M,44.55;50.78;53.22;54.22;54.78;54.13;54.09;50.26,,
50 Espalda,"IBISATE GONZALEZ, Udane",2014,CN Judizmendi,49.12,2026-05-30,Juegos Escolares Euskadi,F,,,
100 Estilos,"ARETXEDERRETA PALACIOS, Eider",2014,CN Menditxo,1:25.49,2026-05-30,Juegos Escolares Euskadi,F,41.83;43.66,,
100 Estilos,"RODRIGUEZ ZUBIAURRE, Ayla",2014,CN Judizmendi,1:34.16,2026-05-30,Juegos Escolares Euskadi,F,46.71;47.45,,
100 Estilos,"MENDIBE SAN JUAN, Maider",2014,CN Menditxo,1:41.15,2026-05-30,Juegos Escolares Euskadi,F,51.42;49.73,,
100 Estilos,"BASTON VARELA, Carla",2014,CN Menditxo,1:41.94,2026-05-30,Juegos Escolares Euskadi,F,48.52;53.42,,
100 Estilos,"SANZ BASAGUREN, June",2014,CN Judizmendi,1:45.75,2026-05-30,Juegos Escolares Euskadi,F,53.15;52.60,,
100 Estilos,"DEL CANTO APELLANIZ, Martin",2013,CN Judizmendi,1:30.16,2026-05-30,Juegos Escolares Euskadi,M,43.74;46.42,,
100 Estilos,"GUTIERREZ ARTOLA, Hegoi",2013,CN Zadorra,1:41.82,2026-05-30,Juegos Escolares Euskadi,M,47.21;54.61,,
200 Mariposa,"EGUIDON VARGAS, Maren",2013,CN Menditxo,3:06.37,2026-05-30,Juegos Escolares Euskadi,F,39.55;47.22;50.93;48.67,,
200 Mariposa,"ALVAREZ SERRANO, Iraia",2014,CN Judizmendi,3:23.56,2026-05-30,Juegos Escolares Euskadi,F,42.21;50.62;55.60;55.13,,
200 Mariposa,"SANTOS GARCIA, Uxue",2014,CN Menditxo,3:24.40,2026-05-30,Juegos Escolares Euskadi,F,45.61;53.75;53.81;51.23,,
100 Espalda,"DAQUANNO, Gaia",2014,CN Menditxo,1:24.25,2026-05-30,Juegos Escolares Euskadi,F,41.21;43.04,,
100 Espalda,"MARCO GARCIA, June",2014,CN Menditxo,1:33.47,2026-05-30,Juegos Escolares Euskadi,F,47.02;46.45,,
100 Espalda,"CORRALEJO FRIAS, Alex",2013,CN Judizmendi,1:23.97,2026-05-30,Juegos Escolares Euskadi,M,40.14;43.83,,
100 Espalda,"GARCIA MENDIA, Miguel",2013,CN Judizmendi,1:28.00,2026-05-30,Juegos Escolares Euskadi,M,41.84;46.16,,
200 Braza,"ARAICO QUINTANA, Sara",2013,CN Judizmendi,3:00.94,2026-05-30,Juegos Escolares Euskadi,F,41.87;46.34;46.53;46.20,,
200 Braza,"IBARRONDO ARRONIZ, Jone",2013,CN Judizmendi,3:43.13,2026-05-30,Juegos Escolares Euskadi,F,52.90;56.78;56.37;57.08,,
200 Braza,"MORAL MIELGO, Nikko",2013,CN Judizmendi,3:20.85,2026-05-30,Juegos Escolares Euskadi,M,45.84;51.56;52.34;51.11,,
200 Braza,"DIAZ DE CERIO ABASOLO, Eneko",2013,CN Judizmendi,3:23.21,2026-05-30,Juegos Escolares Euskadi,M,45.55;52.90;53.00;51.76,,
100 Libre,"GONZALEZ SAENZ DE OLAZAGOITIA, Candela",2013,CN Judizmendi,1:09.75,2026-05-30,Juegos Escolares Euskadi,F,33.56;36.19,,
100 Libre,"HIJONA SANCHEZ, June",2014,CN Judizmendi,1:18.67,2026-05-30,Juegos Escolares Euskadi,F,36.39;42.28,,
100 Libre,"SORIGUREN FERNANDEZ, Markel",2013,CN Judizmendi,1:17.02,2026-05-30,Juegos Escolares Euskadi,M,36.65;40.37,,
100 Libre,"PUENTE GOMEZ, Jon",2013,CN Judizmendi,1:21.81,2026-05-30,Juegos Escolares Euskadi,M,38.71;43.10,,
400 Estilos,"FREIRE MARTIN, Haizea",2013,CN Menditxo,6:31.47,2026-05-30,Juegos Escolares Euskadi,F,45.71;53.75;50.31;48.72;55.31;55.25;43.19;39.23,,
400 Estilos,"EGUILUZ MANERO, Malen",2014,CN Judizmendi,6:53.88,2026-05-30,Juegos Escolares Euskadi,F,45.43;56.59;52.91;53.18;58.00;59.41;45.97;42.39,,
50 Libre,"IBISATE GONZALEZ, Udane",2014,CN Judizmendi,43.22,2026-05-30,Juegos Escolares Euskadi,F,,,
100 Estilos,"MARTÍNEZ DE ANTOÑANA VILLASANTE, Iraia",2014,CN Judizmendi,1:35.18,2026-05-30,Juegos Escolares Euskadi,F,45.92;49.26,,
100 Estilos,"FERNANDEZ DE ROMARATEGUI RUIZ DE EGUINO, A.",2013,CN Urgain,1:47.06,2026-05-30,Juegos Escolares Euskadi,M,53.65;53.41,,
400 Estilos,"MARCO GARCIA, June",2014,CN Menditxo,7:14.56,2026-06-07,Trofeo Getxo (50 m),F,,,
200 Libre,"EGUIDON VARGAS, Maren",2013,CN Menditxo,2:40.13,2026-06-07,Trofeo Getxo (50 m),F,35.78;40.98;43.29;40.08,,
200 Libre,"FREIRE MARTIN, Haizea",2013,CN Menditxo,2:43.32,2026-06-07,Trofeo Getxo (50 m),F,38.68;43.17;44.09;37.38,,
200 Libre,"SANTOS GARCIA, Uxue",2014,CN Menditxo,2:51.78,2026-06-07,Trofeo Getxo (50 m),F,40.90;45.07;45.15;40.66,,
200 Libre,"MENDIBE SAN JUAN, Maider",2014,CN Menditxo,3:24.50,2026-06-07,Trofeo Getxo (50 m),F,49.40;54.13;52.33;48.64,,
200 Libre,"BALSATEGUI SANCHEZ, Maialen",2013,CN Menditxo,3:25.48,2026-06-07,Trofeo Getxo (50 m),F,49.21;53.54;53.60;49.13,,
200 Libre,"CASADO BAZAN, Alain",2013,CN Menditxo,2:47.49,2026-06-07,Trofeo Getxo (50 m),M,37.78;42.80;44.15;42.76,,
200 Libre,"MARTINEZ DE AGIRRE MARTINEZ, Oihu",2014,CN Menditxo,2:52.92,2026-06-07,Trofeo Getxo (50 m),M,39.65;45.99;43.76;43.52,,
200 Libre,"GONZALEZ BERNARDO, Aritz",2013,CN Menditxo,2:54.48,2026-06-07,Trofeo Getxo (50 m),M,,,
200 Libre,"GIL LOPEZ, Erik",2014,CN Menditxo,3:32.72,2026-06-07,Trofeo Getxo (50 m),M,44.77;54.14;58.60;55.21,,
100 Espalda,"DAQUANNO, Gaia",2014,CN Menditxo,1:26.54,2026-06-07,Trofeo Getxo (50 m),F,,,
100 Espalda,"GRISALEÑA SAN JOSE, Olaia",2013,CN Menditxo,1:30.80,2026-06-07,Trofeo Getxo (50 m),F,44.65;46.15,,
100 Espalda,"MARCO GARCIA, June",2014,CN Menditxo,1:37.99,2026-06-07,Trofeo Getxo (50 m),F,,,
100 Espalda,"SALOMAO ANTEPARA, Gabriel",2014,CN Menditxo,1:25.84,2026-06-07,Trofeo Getxo (50 m),M,40.87;44.97,,
100 Espalda,"CASADO BAZAN, Alain",2013,CN Menditxo,1:32.34,2026-06-07,Trofeo Getxo (50 m),M,,,
100 Espalda,"ZERUKO CANTERA VAZQUEZ, Adrian",2014,CN Menditxo,1:40.07,2026-06-07,Trofeo Getxo (50 m),M,,,
100 Braza,"GRISALEÑA SAN JOSE, Olaia",2013,CN Menditxo,1:40.40,2026-06-07,Trofeo Getxo (50 m),F,47.41;52.99,,
100 Braza,"DAQUANNO, Gaia",2014,CN Menditxo,1:41.38,2026-06-07,Trofeo Getxo (50 m),F,48.59;52.79,,
100 Braza,"MENDIBE SAN JUAN, Maider",2014,CN Menditxo,1:52.07,2026-06-07,Trofeo Getxo (50 m),F,53.05;59.02,,
100 Braza,"MARTINEZ DE AGIRRE MARTINEZ, Oihu",2014,CN Menditxo,1:31.63,2026-06-07,Trofeo Getxo (50 m),M,,,
100 Braza,"SALOMAO ANTEPARA, Gabriel",2014,CN Menditxo,1:39.50,2026-06-07,Trofeo Getxo (50 m),M,46.71;52.79,,
100 Braza,"GIL LOPEZ, Erik",2014,CN Menditxo,1:58.09,2026-06-07,Trofeo Getxo (50 m),M,55.58;1:02.51,,
400 Libre,"FREIRE MARTIN, Haizea",2013,CN Menditxo,5:56.19,2026-06-07,Trofeo Getxo (50 m),F,40.87;45.80;46.91;46.55;45.31;46.50;44.77;39.48,,
100 Mariposa,"EGUIDON VARGAS, Maren",2013,CN Menditxo,1:21.75,2026-06-07,Trofeo Getxo (50 m),F,,,
100 Mariposa,"SANTOS GARCIA, Uxue",2014,CN Menditxo,1:32.13,2026-06-07,Trofeo Getxo (50 m),F,,,
100 Mariposa,"GONZALEZ BERNARDO, Aritz",2013,CN Menditxo,1:36.90,2026-06-07,Trofeo Getxo (50 m),M,44.35;52.55,,
100 Mariposa,"CASADO BAZAN, Alain",2013,CN Menditxo,1:44.07,2026-06-07,Trofeo Getxo (50 m),M,,,
100 Mariposa,"ZERUKO CANTERA VAZQUEZ, Adrian",2014,CN Menditxo,1:44.70,2026-06-07,Trofeo Getxo (50 m),M,47.37;57.33,,
200 Espalda,"GRISALEÑA SAN JOSE, Olaia",2013,CN Menditxo,3:05.43,2026-06-07,Trofeo Getxo (50 m),F,44.04;47.40;47.68;46.31,,
200 Espalda,"DAQUANNO, Gaia",2014,CN Menditxo,3:07.39,2026-06-07,Trofeo Getxo (50 m),F,,,
200 Espalda,"MARCO GARCIA, June",2014,CN Menditxo,3:18.39,2026-06-07,Trofeo Getxo (50 m),F,46.93;51.22;50.83;49.41,,
200 Espalda,"SALOMAO ANTEPARA, Gabriel",2014,CN Menditxo,3:00.31,2026-06-07,Trofeo Getxo (50 m),M,42.16;46.62;46.51;45.02,,
100 Libre,"EGUIDON VARGAS, Maren",2013,CN Menditxo,1:12.79,2026-06-07,Trofeo Getxo (50 m),F,34.71;38.08,,
100 Libre,"FREIRE MARTIN, Haizea",2013,CN Menditxo,1:14.00,2026-06-07,Trofeo Getxo (50 m),F,36.82;37.18,,
100 Libre,"BALSATEGUI SANCHEZ, Maialen",2013,CN Menditxo,1:28.58,2026-06-07,Trofeo Getxo (50 m),F,43.37;45.21,,
100 Libre,"CASADO BAZAN, Alain",2013,CN Menditxo,1:14.36,2026-06-07,Trofeo Getxo (50 m),M,,,
100 Libre,"GONZALEZ BERNARDO, Aritz",2013,CN Menditxo,1:17.71,2026-06-07,Trofeo Getxo (50 m),M,,,
100 Libre,"MONTOYA ESCUDERO, Unax",2014,CN Menditxo,1:23.52,2026-06-07,Trofeo Getxo (50 m),M,,,
100 Libre,"GIL LOPEZ, Erik",2014,CN Menditxo,1:32.99,2026-06-07,Trofeo Getxo (50 m),M,44.09;48.90,,
200 Braza,"MENDIBE SAN JUAN, Maider",2014,CN Menditxo,3:59.24,2026-06-07,Trofeo Getxo (50 m),F,55.68;1:02.73;1:01.16;59.67,,
200 Braza,"MARTINEZ DE AGIRRE MARTINEZ, Oihu",2014,CN Menditxo,3:13.78,2026-06-07,Trofeo Getxo (50 m),M,,,
200 Estilos,"SANTOS GARCIA, Uxue",2014,CN Menditxo,3:09.92,2026-06-07,Trofeo Getxo (50 m),F,41.61;51.34;55.91;41.06,,
200 Estilos,"DAQUANNO, Gaia",2014,CN Menditxo,3:10.12,2026-06-07,Trofeo Getxo (50 m),F,,,
200 Estilos,"MARCO GARCIA, June",2014,CN Menditxo,3:22.74,2026-06-07,Trofeo Getxo (50 m),F,,,
200 Estilos,"ZERUKO CANTERA VAZQUEZ, Adrian",2014,CN Menditxo,3:43.52,2026-06-07,Trofeo Getxo (50 m),M,55.73;56.20;1:05.57;46.02,,
50 Libre,"AGUIRREGOMEZCORTA ALIAS, Olatz",2011,CN Menditxo,37.29,2025-10-18,1ª Jornada Federada,F,,,
50 Libre,"COLLADO MORENO, Cristina",2011,CN Urgain,34.00,2025-10-18,1ª Jornada Federada,F,,,
50 Libre,"DIAZ RUIZ DE AZUA, Olaia",2012,CN Menditxo,32.60,2025-10-18,1ª Jornada Federada,F,,,
50 Libre,"DURANA ANDA, Martina",2011,CN Judizmendi,32.22,2025-10-18,1ª Jornada Federada,F,,,
50 Libre,"FDZ. DE LABASTIDA DIAZ, Ainhize",2011,CN Menditxo,32.04,2025-10-18,1ª Jornada Federada,F,,,
50 Libre,"FERNANDEZ CABRERA, Mara",2012,CN Menditxo,33.66,2025-10-18,1ª Jornada Federada,F,,,
50 Libre,"GARAY SAENZ, Ixone",2011,CN Judizmendi,29.62,2025-10-18,1ª Jornada Federada,F,,,
50 Libre,"GONZALEZ ELIZBURU, Leire",2012,CN Judizmendi,33.74,2025-10-18,1ª Jornada Federada,F,,,
50 Libre,"GONZALEZ SANCHEZ, Miren",2012,CN Judizmendi,,2025-10-18,1ª Jornada Federada,F,,DSQ,Salida Anticipada
50 Libre,"GOYARROLA ARTOLA, Ayala",2012,CN Judizmendi,31.60,2025-10-18,1ª Jornada Federada,F,,,
50 Libre,"IBARRA FERNANDEZ, Iris",2012,CN Menditxo,35.02,2025-10-18,1ª Jornada Federada,F,,,
50 Libre,"MARTINEZ DE MURGUIA ALVAREZ, Izaro",2012,CN Judizmendi,35.90,2025-10-18,1ª Jornada Federada,F,,,
50 Libre,"MENDIBE SAN JUAN, Amaia",2011,CN Menditxo,33.22,2025-10-18,1ª Jornada Federada,F,,,
50 Libre,"ARMIÑO CRUCELEGUI, Alex",2011,CN Judizmendi,31.50,2025-10-18,1ª Jornada Federada,M,,,
50 Libre,"CARPIO RODRIGUEZ, Urko",2012,CN Judizmendi,36.47,2025-10-18,1ª Jornada Federada,M,,,
50 Libre,"COLLADO ARRANZ, Hegoi",2011,CN Judizmendi,31.09,2025-10-18,1ª Jornada Federada,M,,,
50 Libre,"CORTINA FERNANDEZ DE LIGER, Xabier",2012,CN Judizmendi,29.49,2025-10-18,1ª Jornada Federada,M,,,
50 Libre,"FDZ. DE RETANA GONZALEZ DE HEREDIA, Xabier",2011,CN Judizmendi,29.62,2025-10-18,1ª Jornada Federada,M,,,
50 Libre,"HERNANDEZ QUEREJAZU, John",2011,CN Menditxo,30.51,2025-10-18,1ª Jornada Federada,M,,,
50 Libre,"IBARRARAN RAMIREZ DE OCARIZ, Jon",2012,CN Judizmendi,30.80,2025-10-18,1ª Jornada Federada,M,,,
50 Libre,"MARTINEZ YOLDI, Gorka",2012,CN Judizmendi,32.77,2025-10-18,1ª Jornada Federada,M,,,
50 Libre,"ORTEGA ENRIQUE, Yeray",2012,CN Menditxo,27.48,2025-10-18,1ª Jornada Federada,M,,,
50 Libre,"ORTIZ DE BARRON TENA, Jon",2011,CN Judizmendi,30.47,2025-10-18,1ª Jornada Federada,M,,,
50 Libre,"PUERTAS RIVAS, Aratz",2011,CN Judizmendi,29.43,2025-10-18,1ª Jornada Federada,M,,,
50 Libre,"RAMIREZ DE OCARIZ VILOR, Markel",2012,CN Judizmendi,33.54,2025-10-18,1ª Jornada Federada,M,,,
50 Libre,"VARA DIAZ DE GARAYO, Aimar",2011,CN Menditxo,29.00,2025-10-18,1ª Jornada Federada,M,,,
100 Libre,"AGUIRREGOMEZCORTA ALIAS, Olatz",2011,CN Menditxo,1:27.03,2025-10-18,1ª Jornada Federada,F,41.63;45.40,,
100 Libre,"DIAZ RUIZ DE AZUA, Olaia",2012,CN Menditxo,1:12.76,2025-10-18,1ª Jornada Federada,F,35.01;37.75,,
100 Libre,"FDZ. DE LABASTIDA DIAZ, Ainhize",2011,CN Menditxo,1:12.13,2025-10-18,1ª Jornada Federada,F,34.91;37.22,,
100 Libre,"FERNANDEZ CABRERA, Mara",2012,CN Menditxo,1:16.04,2025-10-18,1ª Jornada Federada,F,35.87;40.17,,
100 Libre,"GONZALEZ ELIZBURU, Leire",2012,CN Judizmendi,1:16.73,2025-10-18,1ª Jornada Federada,F,37.73;39.00,,
100 Libre,"GUTIERREZ BERMUDEZ, Lucia",2011,CN Zadorra,1:23.47,2025-10-18,1ª Jornada Federada,F,39.30;44.17,,
100 Libre,"IBARRA FERNANDEZ, Iris",2012,CN Menditxo,1:20.55,2025-10-18,1ª Jornada Federada,F,38.36;42.19,,
100 Libre,"MARTINEZ ROJO, Leire",2012,CN Judizmendi,1:17.71,2025-10-18,1ª Jornada Federada,F,37.14;40.57,,
100 Libre,"MUÑOZ FELIPE, Oihane",2011,CN Menditxo,1:09.99,2025-10-18,1ª Jornada Federada,F,33.38;36.61,,
100 Libre,"ORTIZ DE ZARATE VILLEN, Leizuri",2012,CN Menditxo,1:10.85,2025-10-18,1ª Jornada Federada,F,34.15;36.70,,
100 Libre,"PINILLA SOLETO, Naia",2011,CN Menditxo,1:10.74,2025-10-18,1ª Jornada Federada,F,33.60;37.14,,
100 Libre,"PULIDO CRESPO, Nahia",2011,CN Menditxo,1:12.67,2025-10-18,1ª Jornada Federada,F,34.71;37.96,,
100 Libre,"RODRÍGUEZ LÓPEZ DE VICUÑA, Nora",2012,CN Judizmendi,1:14.11,2025-10-18,1ª Jornada Federada,F,35.89;38.22,,
100 Libre,"SAEZ DE ASTEASU ALTZAGA, Maddi",2012,CN Urgain,1:16.26,2025-10-18,1ª Jornada Federada,F,37.17;39.09,,
100 Libre,"TABARES LERMA, Getari",2012,CN Zadorra,1:25.03,2025-10-18,1ª Jornada Federada,F,40.27;44.76,,
100 Libre,"ARMIÑO CRUCELEGUI, Alex",2011,CN Judizmendi,1:10.84,2025-10-18,1ª Jornada Federada,M,34.52;36.32,,
100 Libre,"ETXEBARRIA SAEZ DE UGARTE, Eneko",2011,CN Judizmendi,1:09.98,2025-10-18,1ª Jornada Federada,M,33.01;36.97,,
100 Libre,"FERNANDEZ SAEZ, Martin",2011,CN Judizmendi,1:10.96,2025-10-18,1ª Jornada Federada,M,33.90;37.06,,
100 Libre,"HERNANDEZ QUEREJAZU, John",2011,CN Menditxo,1:10.39,2025-10-18,1ª Jornada Federada,M,34.71;35.68,,
100 Libre,"LOPEZ DE MUNAIN SEDANO, Oier",2011,CN Menditxo,1:11.68,2025-10-18,1ª Jornada Federada,M,34.07;37.61,,
100 Libre,"MENDIA GAINZARAIN, Oihan",2011,CN Menditxo,1:06.71,2025-10-18,1ª Jornada Federada,M,32.70;34.01,,
100 Libre,"ORTEGA ENRIQUE, Yeray",2012,CN Menditxo,1:01.89,2025-10-18,1ª Jornada Federada,M,29.57;32.32,,
100 Libre,"RAMIREZ DE OCARIZ VILOR, Markel",2012,CN Judizmendi,1:18.55,2025-10-18,1ª Jornada Federada,M,36.12;42.43,,
100 Libre,"VARA DIAZ DE GARAYO, Aimar",2011,CN Menditxo,1:05.95,2025-10-18,1ª Jornada Federada,M,31.26;34.69,,
50 Espalda,"ALONSO GARCIA, Adriana",2012,CN Zadorra,42.64,2025-10-18,1ª Jornada Federada,F,,,
50 Espalda,"DAQUANNO, Giorgia",2012,CN Menditxo,35.67,2025-10-18,1ª Jornada Federada,F,,,
50 Espalda,"GOMEZ MORAN, Naroa",2011,CN Urgain,38.05,2025-10-18,1ª Jornada Federada,F,,,
50 Espalda,"GONZALEZ FERNANDEZ, Laia",2012,CN Judizmendi,38.30,2025-10-18,1ª Jornada Federada,F,,,
50 Espalda,"GUTIERREZ BERMUDEZ, Lucia",2011,CN Zadorra,43.98,2025-10-18,1ª Jornada Federada,F,,,
50 Espalda,"HERRANZ FDZ DE LANDA, Haizea",2011,CN Menditxo,34.29,2025-10-18,1ª Jornada Federada,F,,,
50 Espalda,"HERRERO ALONSO, Izaro",2012,CN Judizmendi,40.09,2025-10-18,1ª Jornada Federada,F,,,
50 Espalda,"MARTINEZ DE MURGUIA ALVAREZ, Izaro",2012,CN Judizmendi,42.98,2025-10-18,1ª Jornada Federada,F,,,
50 Espalda,"MARTINEZ ESCOLAR, Ainhoa",2012,CN Zadorra,42.47,2025-10-18,1ª Jornada Federada,F,,,
50 Espalda,"MARTINEZ ROJO, Leire",2012,CN Judizmendi,38.06,2025-10-18,1ª Jornada Federada,F,,,
50 Espalda,"NUÑEZ ASPIAZU, Miren",2011,CN Zadorra,42.54,2025-10-18,1ª Jornada Federada,F,,,
50 Espalda,"SAINZ MONGE, Idurre",2011,CN Menditxo,38.67,2025-10-18,1ª Jornada Federada,F,,,
50 Espalda,"CARPIO RODRIGUEZ, Urko",2012,CN Judizmendi,42.20,2025-10-18,1ª Jornada Federada,M,,,
50 Espalda,"ETXEBARRIA SAEZ DE UGARTE, Eneko",2011,CN Judizmendi,36.25,2025-10-18,1ª Jornada Federada,M,,,
50 Espalda,"FERNANDEZ SAEZ, Martin",2011,CN Judizmendi,37.65,2025-10-18,1ª Jornada Federada,M,,,
50 Espalda,"LOPEZ DE MUNAIN SEDANO, Oier",2011,CN Menditxo,35.78,2025-10-18,1ª Jornada Federada,M,,,
50 Espalda,"ORTEGA ENRIQUE, Yeray",2012,CN Menditxo,30.51,2025-10-18,1ª Jornada Federada,M,,,
50 Espalda,"RAMIREZ DE OCARIZ VILOR, Markel",2012,CN Judizmendi,41.34,2025-10-18,1ª Jornada Federada,M,,,
100 Espalda,"ALONSO GARCIA, Adriana",2012,CN Zadorra,1:31.72,2025-10-18,1ª Jornada Federada,F,43.97;47.75,,
100 Espalda,"DAQUANNO, Giorgia",2012,CN Menditxo,1:17.33,2025-10-18,1ª Jornada Federada,F,37.62;39.71,,
100 Espalda,"GONZALEZ ELIZBURU, Leire",2012,CN Judizmendi,1:28.04,2025-10-18,1ª Jornada Federada,F,43.83;44.21,,
100 Espalda,"GONZALEZ FERNANDEZ, Laia",2012,CN Judizmendi,1:23.39,2025-10-18,1ª Jornada Federada,F,40.09;43.30,,
100 Espalda,"GONZALEZ SANCHEZ, Miren",2012,CN Judizmendi,1:29.03,2025-10-18,1ª Jornada Federada,F,43.44;45.59,,
100 Espalda,"MARTINEZ DE MURGUIA ALVAREZ, Izaro",2012,CN Judizmendi,1:36.15,2025-10-18,1ª Jornada Federada,F,46.97;49.18,,
100 Espalda,"ARMIÑO CRUCELEGUI, Alex",2011,CN Judizmendi,1:23.50,2025-10-18,1ª Jornada Federada,M,41.04;42.46,,
100 Espalda,"BASABEA OLABE, Ekain",2012,CN Judizmendi,1:26.92,2025-10-18,1ª Jornada Federada,M,41.85;45.07,,
100 Espalda,"CARPIO RODRIGUEZ, Urko",2012,CN Judizmendi,1:30.61,2025-10-18,1ª Jornada Federada,M,43.98;46.63,,
100 Espalda,"COLLADO ARRANZ, Hegoi",2011,CN Judizmendi,1:24.70,2025-10-18,1ª Jornada Federada,M,42.00;42.70,,
100 Espalda,"CORTINA FERNANDEZ DE LIGER, Xabier",2012,CN Judizmendi,1:15.83,2025-10-18,1ª Jornada Federada,M,37.76;38.07,,
100 Espalda,"MARTINEZ YOLDI, Gorka",2012,CN Judizmendi,1:27.49,2025-10-18,1ª Jornada Federada,M,42.01;45.48,,
100 Espalda,"ORTEGA ARANGO, Ander",2012,CN Judizmendi,1:30.02,2025-10-18,1ª Jornada Federada,M,43.95;46.07,,
100 Espalda,"PUERTAS RIVAS, Aratz",2011,CN Judizmendi,1:12.52,2025-10-18,1ª Jornada Federada,M,35.01;37.51,,
50 Braza,"ABAITUA PIPAON, Malen",2011,CN Judizmendi,38.89,2025-10-18,1ª Jornada Federada,F,,,
50 Braza,"AGUIRRE SANCHEZ, Eider",2011,CN Judizmendi,39.71,2025-10-18,1ª Jornada Federada,F,,,
50 Braza,"ANGULO SANTAMARIA, Irune",2011,CN Menditxo,38.39,2025-10-18,1ª Jornada Federada,F,,,
50 Braza,"DURANA ANDA, Martina",2011,CN Judizmendi,41.31,2025-10-18,1ª Jornada Federada,F,,,
50 Braza,"GARAY SAENZ, Ixone",2011,CN Judizmendi,41.77,2025-10-18,1ª Jornada Federada,F,,,
50 Braza,"GOMEZ MORAN, Naroa",2011,CN Urgain,41.95,2025-10-18,1ª Jornada Federada,F,,,
50 Braza,"GONZALEZ FERNANDEZ, Laia",2012,CN Judizmendi,44.04,2025-10-18,1ª Jornada Federada,F,,,
50 Braza,"GOYARROLA ARTOLA, Ayala",2012,CN Judizmendi,42.74,2025-10-18,1ª Jornada Federada,F,,,
50 Braza,"MARTINEZ ESCOLAR, Ainhoa",2012,CN Zadorra,43.65,2025-10-18,1ª Jornada Federada,F,,,
50 Braza,"MENDIBE SAN JUAN, Amaia",2011,CN Menditxo,44.32,2025-10-18,1ª Jornada Federada,F,,,
50 Braza,"ZUFIAUR GOMEZ, Maite",2011,CN Menditxo,39.80,2025-10-18,1ª Jornada Federada,F,,,
50 Braza,"ANTON BELTRAN DE GUEVARA, Alex",2012,CN Judizmendi,41.87,2025-10-18,1ª Jornada Federada,M,,,
50 Braza,"COLLADO ARRANZ, Hegoi",2011,CN Judizmendi,42.88,2025-10-18,1ª Jornada Federada,M,,,
50 Braza,"CORTINA FERNANDEZ DE LIGER, Xabier",2012,CN Judizmendi,,2025-10-18,1ª Jornada Federada,M,,DSQ,Nado Irregular
50 Braza,"FDZ. DE RETANA GONZALEZ DE HEREDIA, Xabier",2011,CN Judizmendi,37.94,2025-10-18,1ª Jornada Federada,M,,,
50 Braza,"IBARRARAN RAMIREZ DE OCARIZ, Jon",2012,CN Judizmendi,41.19,2025-10-18,1ª Jornada Federada,M,,,
50 Braza,"MARTINEZ MUZAS, Unax",2012,CN Judizmendi,48.87,2025-10-18,1ª Jornada Federada,M,,,
50 Braza,"ORTIZ DE BARRON TENA, Jon",2011,CN Judizmendi,37.38,2025-10-18,1ª Jornada Federada,M,,,
50 Braza,"RODRIGUEZ ZUBIAURRE, Luka",2012,CN Judizmendi,43.90,2025-10-18,1ª Jornada Federada,M,,,
100 Braza,"AGUIRRE SANCHEZ, Eider",2011,CN Judizmendi,1:25.02,2025-10-18,1ª Jornada Federada,F,41.15;43.87,,
100 Braza,"COLLADO MORENO, Cristina",2011,CN Urgain,,2025-10-18,1ª Jornada Federada,F,,DSQ,Nado Irregular
100 Braza,"HERRERO ALONSO, Izaro",2012,CN Judizmendi,1:50.25,2025-10-18,1ª Jornada Federada,F,52.23;58.02,,
100 Braza,"LLAMAS FERNANDEZ, Irati",2012,CN Judizmendi,1:36.59,2025-10-18,1ª Jornada Federada,F,46.00;50.59,,
100 Braza,"PINILLA SOLETO, Naia",2011,CN Menditxo,1:26.37,2025-10-18,1ª Jornada Federada,F,40.64;45.73,,
100 Braza,"RODRÍGUEZ LÓPEZ DE VICUÑA, Nora",2012,CN Judizmendi,1:34.50,2025-10-18,1ª Jornada Federada,F,45.20;49.30,,
100 Braza,"ZUFIAUR GOMEZ, Maite",2011,CN Menditxo,1:26.33,2025-10-18,1ª Jornada Federada,F,40.41;45.92,,
100 Braza,"BASABEA OLABE, Ekain",2012,CN Judizmendi,1:35.00,2025-10-18,1ª Jornada Federada,M,44.24;50.76,,
100 Braza,"IBARRARAN RAMIREZ DE OCARIZ, Jon",2012,CN Judizmendi,1:27.24,2025-10-18,1ª Jornada Federada,M,41.87;45.37,,
100 Braza,"MARTINEZ MUZAS, Unax",2012,CN Judizmendi,1:46.04,2025-10-18,1ª Jornada Federada,M,49.26;56.78,,
100 Braza,"RODRIGUEZ ZUBIAURRE, Luka",2012,CN Judizmendi,1:35.72,2025-10-18,1ª Jornada Federada,M,45.56;50.16,,
100 Braza,"UBIRIA APRAIZ, Julen",2012,CN Judizmendi,,2025-10-18,1ª Jornada Federada,M,,DSQ,Nado Irregular
100 Braza,"VARA DIAZ DE GARAYO, Aimar",2011,CN Menditxo,1:33.59,2025-10-18,1ª Jornada Federada,M,43.33;50.26,,
50 Mariposa,"AGUIRRE SANCHEZ, Eider",2011,CN Judizmendi,29.79,2025-10-18,1ª Jornada Federada,F,,,
50 Mariposa,"HERRERO ALONSO, Izaro",2012,CN Judizmendi,45.23,2025-10-18,1ª Jornada Federada,F,,,
50 Mariposa,"LLAMAS FERNANDEZ, Irati",2012,CN Judizmendi,41.57,2025-10-18,1ª Jornada Federada,F,,,
50 Mariposa,"MARTINEZ ROJO, Leire",2012,CN Judizmendi,39.39,2025-10-18,1ª Jornada Federada,F,,,
50 Mariposa,"MENDIBE SAN JUAN, Amaia",2011,CN Menditxo,40.95,2025-10-18,1ª Jornada Federada,F,,,
50 Mariposa,"RODRÍGUEZ LÓPEZ DE VICUÑA, Nora",2012,CN Judizmendi,40.20,2025-10-18,1ª Jornada Federada,F,,,
50 Mariposa,"SAEZ DE ASTEASU ALTZAGA, Maddi",2012,CN Urgain,45.02,2025-10-18,1ª Jornada Federada,F,,,
50 Mariposa,"TABARES LERMA, Getari",2012,CN Zadorra,40.53,2025-10-18,1ª Jornada Federada,F,,,
50 Mariposa,"ETXEBARRIA SAEZ DE UGARTE, Eneko",2011,CN Judizmendi,,2025-10-18,1ª Jornada Federada,M,,DSQ,Salida Anticipada
50 Mariposa,"FERNANDEZ SAEZ, Martin",2011,CN Judizmendi,,2025-10-18,1ª Jornada Federada,M,,DSQ,Salida Anticipada
50 Mariposa,"MENDIA GAINZARAIN, Oihan",2011,CN Menditxo,32.50,2025-10-18,1ª Jornada Federada,M,,,
50 Mariposa,"RODRIGUEZ ZUBIAURRE, Luka",2012,CN Judizmendi,40.63,2025-10-18,1ª Jornada Federada,M,,,
50 Mariposa,"UBIRIA APRAIZ, Julen",2012,CN Judizmendi,,2025-10-18,1ª Jornada Federada,M,,DSQ,Nado Irregular
100 Mariposa,"ABAITUA PIPAON, Malen",2011,CN Judizmendi,1:16.78,2025-10-18,1ª Jornada Federada,F,35.29;41.49,,
100 Mariposa,"DURANA ANDA, Martina",2011,CN Judizmendi,1:19.81,2025-10-18,1ª Jornada Federada,F,37.29;42.52,,
100 Mariposa,"GARAY SAENZ, Ixone",2011,CN Judizmendi,1:17.44,2025-10-18,1ª Jornada Federada,F,35.35;42.09,,
100 Mariposa,"GONZALEZ SANCHEZ, Miren",2012,CN Judizmendi,1:31.62,2025-10-18,1ª Jornada Federada,F,41.10;50.52,,
100 Mariposa,"GOYARROLA ARTOLA, Ayala",2012,CN Judizmendi,1:32.23,2025-10-18,1ª Jornada Federada,F,40.46;51.77,,
100 Mariposa,"TABARES LERMA, Getari",2012,CN Zadorra,1:33.58,2025-10-18,1ª Jornada Federada,F,40.88;52.70,,
100 Mariposa,"ANTON BELTRAN DE GUEVARA, Alex",2012,CN Judizmendi,1:25.23,2025-10-18,1ª Jornada Federada,M,40.17;45.06,,
100 Mariposa,"FDZ. DE RETANA GONZALEZ DE HEREDIA, Xabier",2011,CN Judizmendi,1:17.42,2025-10-18,1ª Jornada Federada,M,35.65;41.77,,
100 Mariposa,"MARTINEZ MUZAS, Unax",2012,CN Judizmendi,1:40.41,2025-10-18,1ª Jornada Federada,M,45.26;55.15,,
100 Mariposa,"MARTINEZ YOLDI, Gorka",2012,CN Judizmendi,1:34.79,2025-10-18,1ª Jornada Federada,M,41.54;53.25,,
100 Mariposa,"ORTEGA ARANGO, Ander",2012,CN Judizmendi,1:30.41,2025-10-18,1ª Jornada Federada,M,42.15;48.26,,
100 Mariposa,"ORTIZ DE BARRON TENA, Jon",2011,CN Judizmendi,1:27.15,2025-10-18,1ª Jornada Federada,M,40.35;46.80,,
100 Mariposa,"PUERTAS RIVAS, Aratz",2011,CN Judizmendi,1:26.69,2025-10-18,1ª Jornada Federada,M,38.68;48.01,,
100 Estilos,"ABAITUA PIPAON, Malen",2011,CN Judizmendi,1:12.72,2025-10-18,1ª Jornada Federada,F,32.55;40.17,,
100 Estilos,"ALONSO GARCIA, Adriana",2012,CN Zadorra,1:11.58,2025-10-18,1ª Jornada Federada,F,32.18;39.40,,
100 Estilos,"ANGULO SANTAMARIA, Irune",2011,CN Menditxo,1:17.58,2025-10-18,1ª Jornada Federada,F,36.66;40.92,,
100 Estilos,"GOMEZ MORAN, Naroa",2011,CN Urgain,1:22.15,2025-10-18,1ª Jornada Federada,F,37.19;44.96,,
100 Estilos,"HERRANZ FDZ DE LANDA, Haizea",2011,CN Menditxo,1:17.31,2025-10-18,1ª Jornada Federada,F,34.75;42.56,,
100 Estilos,"MARTINEZ ESCOLAR, Ainhoa",2012,CN Zadorra,1:30.82,2025-10-18,1ª Jornada Federada,F,44.27;46.55,,
100 Estilos,"MUÑOZ FELIPE, Oihane",2011,CN Menditxo,1:18.83,2025-10-18,1ª Jornada Federada,F,35.92;42.91,,
100 Estilos,"ORTIZ DE ZARATE VILLEN, Leizuri",2012,CN Menditxo,1:22.39,2025-10-18,1ª Jornada Federada,F,36.96;45.43,,
100 Estilos,"PULIDO CRESPO, Nahia",2011,CN Menditxo,1:23.98,2025-10-18,1ª Jornada Federada,F,38.13;45.85,,
100 Estilos,"SAINZ MONGE, Idurre",2011,CN Menditxo,1:24.84,2025-10-18,1ª Jornada Federada,F,38.93;45.91,,
50 Libre,"ABAITUA PIPAON, Malen",2011,CN Judizmendi,29.70,2025-11-08,2ª Jornada Federada,F,,,
50 Libre,"ANGULO SANTAMARIA, Irune",2011,CN Menditxo,31.44,2025-11-08,2ª Jornada Federada,F,,,
50 Libre,"CARAZO ARISTIMUÑO, Nerea",2011,CN Zadorra,33.13,2025-11-08,2ª Jornada Federada,F,,,
50 Libre,"DIAZ RUIZ DE AZUA, Olaia",2012,CN Menditxo,32.85,2025-11-08,2ª Jornada Federada,F,,,
50 Libre,"FERNANDEZ CABRERA, Mara",2012,CN Menditxo,33.15,2025-11-08,2ª Jornada Federada,F,,,
50 Libre,"GOMEZ MORAN, Naroa",2011,CN Urgain,32.96,2025-11-08,2ª Jornada Federada,F,,,
50 Libre,"GONZALEZ SANCHEZ, Miren",2012,CN Judizmendi,31.83,2025-11-08,2ª Jornada Federada,F,,,
50 Libre,"GUTIERREZ BERMUDEZ, Lucia",2011,CN Zadorra,37.61,2025-11-08,2ª Jornada Federada,F,,,
50 Libre,"HERRERO ALONSO, Izaro",2012,CN Judizmendi,34.97,2025-11-08,2ª Jornada Federada,F,,,
50 Libre,"LLAMAS FERNANDEZ, Irati",2012,CN Judizmendi,34.56,2025-11-08,2ª Jornada Federada,F,,,
50 Libre,"MARTINEZ ESCOLAR, Ainhoa",2012,CN Zadorra,36.72,2025-11-08,2ª Jornada Federada,F,,,
50 Libre,"NUÑEZ ASPIAZU, Miren",2011,CN Zadorra,36.19,2025-11-08,2ª Jornada Federada,F,,,
50 Libre,"RODRIGUEZ GUINEA, Ane",2011,CN Zadorra,38.13,2025-11-08,2ª Jornada Federada,F,,,
50 Libre,"CARPIO RODRIGUEZ, Urko",2012,CN Judizmendi,34.62,2025-11-08,2ª Jornada Federada,M,,,
50 Libre,"FERNANDEZ SAEZ, Martin",2011,CN Judizmendi,32.70,2025-11-08,2ª Jornada Federada,M,,,
50 Libre,"MARTINEZ GARRIDO, Fermin",2011,CN Judizmendi,29.61,2025-11-08,2ª Jornada Federada,M,,,
50 Libre,"ORTIZ DE BARRON TENA, Jon",2011,CN Judizmendi,30.53,2025-11-08,2ª Jornada Federada,M,,,
50 Libre,"RODRIGUEZ ZUBIAURRE, Luka",2012,CN Judizmendi,31.56,2025-11-08,2ª Jornada Federada,M,,,
50 Libre,"UBIRIA APRAIZ, Julen",2012,CN Judizmendi,32.65,2025-11-08,2ª Jornada Federada,M,,,
200 Libre,"ABAITUA PIPAON, Malen",2011,CN Judizmendi,2:18.39,2025-11-08,2ª Jornada Federada,F,32.03;35.51;35.09;35.76,,
200 Libre,"GARAY SAENZ, Ixone",2011,CN Judizmendi,2:18.65,2025-11-08,2ª Jornada Federada,F,33.55;35.59;35.26;34.25,,
200 Libre,"GONZALEZ ELIZBURU, Leire",2012,CN Judizmendi,2:45.60,2025-11-08,2ª Jornada Federada,F,37.67;41.97;44.11;41.85,,
200 Libre,"GONZALEZ SANCHEZ, Miren",2012,CN Judizmendi,2:39.98,2025-11-08,2ª Jornada Federada,F,38.51;39.84;41.64;39.99,,
200 Libre,"HERRANZ FDZ DE LANDA, Haizea",2011,CN Menditxo,2:28.53,2025-11-08,2ª Jornada Federada,F,34.63;37.74;38.92;37.24,,
200 Libre,"HERRERO ALONSO, Izaro",2012,CN Judizmendi,2:49.60,2025-11-08,2ª Jornada Federada,F,39.52;43.47;44.54;42.07,,
200 Libre,"LLAMAS FERNANDEZ, Irati",2012,CN Judizmendi,2:47.00,2025-11-08,2ª Jornada Federada,F,38.17;42.45;43.80;42.58,,
200 Libre,"MARTINEZ DE MURGUIA ALVAREZ, Izaro",2012,CN Judizmendi,2:53.79,2025-11-08,2ª Jornada Federada,F,38.67;44.25;47.05;43.82,,
200 Libre,"MARTINEZ ROJO, Leire",2012,CN Judizmendi,2:46.05,2025-11-08,2ª Jornada Federada,F,38.21;42.38;43.73;41.73,,
200 Libre,"ARMIÑO CRUCELEGUI, Alex",2011,CN Judizmendi,2:34.36,2025-11-08,2ª Jornada Federada,M,35.75;41.12;41.42;36.07,,
200 Libre,"BASABEA OLABE, Ekain",2012,CN Judizmendi,2:36.07,2025-11-08,2ª Jornada Federada,M,36.75;41.60;40.17;37.55,,
200 Libre,"CARPIO RODRIGUEZ, Urko",2012,CN Judizmendi,2:46.31,2025-11-08,2ª Jornada Federada,M,38.24;43.26;43.15;41.66,,
200 Libre,"COLLADO ARRANZ, Hegoi",2011,CN Judizmendi,2:33.06,2025-11-08,2ª Jornada Federada,M,33.94;39.19;40.30;39.63,,
200 Libre,"ETXEBARRIA SAEZ DE UGARTE, Eneko",2011,CN Judizmendi,2:30.54,2025-11-08,2ª Jornada Federada,M,35.01;38.13;39.42;37.98,,
200 Libre,"FERNANDEZ SAEZ, Martin",2011,CN Judizmendi,2:33.32,2025-11-08,2ª Jornada Federada,M,35.87;40.14;40.26;37.05,,
200 Libre,"MARTINEZ GARRIDO, Fermin",2011,CN Judizmendi,2:33.72,2025-11-08,2ª Jornada Federada,M,36.39;40.63;40.08;36.62,,
200 Libre,"MARTINEZ YOLDI, Gorka",2012,CN Judizmendi,2:33.80,2025-11-08,2ª Jornada Federada,M,36.84;40.43;39.80;36.73,,
200 Libre,"RODRIGUEZ BLANCO, Unax",2012,CN Judizmendi,2:48.38,2025-11-08,2ª Jornada Federada,M,38.97;44.09;43.53;41.79,,
200 Libre,"RODRIGUEZ ZUBIAURRE, Luka",2012,CN Judizmendi,2:34.84,2025-11-08,2ª Jornada Federada,M,37.18;40.10;40.60;36.96,,
200 Libre,"VARA DIAZ DE GARAYO, Aimar",2011,CN Menditxo,2:25.36,2025-11-08,2ª Jornada Federada,M,32.45;37.67;38.93;36.31,,
800 Libre,"ALONSO GARCIA, Adriana",2012,CN Zadorra,13:10.11,2025-11-08,2ª Jornada Federada,F,42.49;46.54;47.64;48.78;49.67;50.36;50.01;50.67;50.90;51.01;50.60;50.52;50.61;50.93;50.62;48.76,,
800 Libre,"FDZ. DE LABASTIDA DIAZ, Ainhize",2011,CN Menditxo,11:58.90,2025-11-08,2ª Jornada Federada,F,38.02;43.18;43.97;44.88;45.41;44.80;46.05;46.99;46.33;45.94;46.88;46.22;46.62;45.70;46.12;41.79,,
800 Libre,"GONZALEZ FERNANDEZ, Laia",2012,CN Judizmendi,11:22.55,2025-11-08,2ª Jornada Federada,F,37.34;41.26;42.44;42.71;43.68;43.32;44.26;43.70;43.80;42.84;43.11;42.96;43.82;43.41;43.48;40.42,,
800 Libre,"GOYARROLA ARTOLA, Ayala",2012,CN Judizmendi,11:04.36,2025-11-08,2ª Jornada Federada,F,36.87;40.65;41.40;42.07;42.12;41.91;42.24;42.01;42.55;42.59;42.56;42.13;41.97;42.37;41.47;39.45,,
800 Libre,"MUÑOZ FELIPE, Oihane",2011,CN Menditxo,11:06.14,2025-11-08,2ª Jornada Federada,F,36.91;40.61;41.40;41.83;42.00;42.75;42.59;43.07;43.02;42.42;42.03;41.76;42.10;42.50;42.21;38.94,,
800 Libre,"ORTIZ DE ZARATE VILLEN, Leizuri",2012,CN Menditxo,11:08.80,2025-11-08,2ª Jornada Federada,F,36.97;40.76;41.58;42.07;42.42;43.33;42.83;43.39;42.34;41.97;42.25;42.21;42.37;42.64;42.21;39.46,,
800 Libre,"RODRÍGUEZ LÓPEZ DE VICUÑA, Nora",2012,CN Judizmendi,11:22.23,2025-11-08,2ª Jornada Federada,F,38.49;41.68;42.32;43.11;42.89;43.44;43.30;44.06;43.19;43.33;43.00;43.67;43.28;43.58;43.07;39.82,,
800 Libre,"SAEZ DE ASTEASU ALTZAGA, Maddi",2012,CN Urgain,12:32.82,2025-11-08,2ª Jornada Federada,F,38.63;43.61;46.15;48.03;47.91;48.03;49.03;48.77;48.02;48.68;47.60;47.76;48.57;48.45;48.24;45.34,,
800 Libre,"SAINZ MONGE, Idurre",2011,CN Menditxo,11:29.28,2025-11-08,2ª Jornada Federada,F,37.30;41.91;42.50;43.21;42.98;42.15;43.98;43.99;43.59;44.51;44.84;44.37;44.78;44.08;43.41;41.68,,
800 Libre,"ANTON BELTRAN DE GUEVARA, Alex",2012,CN Judizmendi,10:45.50,2025-11-08,2ª Jornada Federada,M,35.73;39.59;40.90;41.57;40.21;41.12;42.08;41.29;41.49;40.27;41.43;41.46;40.80;40.49;39.81;37.26,,
800 Libre,"CORTINA FERNANDEZ DE LIGER, Xabier",2012,CN Judizmendi,10:49.01,2025-11-08,2ª Jornada Federada,M,35.57;39.18;40.22;41.05;40.98;40.90;41.20;41.48;41.92;41.37;41.33;41.59;41.32;40.90;41.00;39.00,,
800 Libre,"FDZ. DE RETANA GONZALEZ DE HEREDIA, Xabier",2011,CN Judizmendi,9:36.34,2025-11-08,2ª Jornada Federada,M,32.39;35.81;36.14;36.14;36.28;36.64;37.21;37.08;36.67;36.79;36.84;36.46;36.28;35.74;35.80;34.07,,
800 Libre,"IBARRARAN RAMIREZ DE OCARIZ, Jon",2012,CN Judizmendi,10:54.58,2025-11-08,2ª Jornada Federada,M,36.18;39.81;40.44;41.27;41.13;41.12;41.81;42.11;41.92;42.00;42.01;41.74;42.13;41.02;41.60;38.29,,
800 Libre,"MENDIA GAINZARAIN, Oihan",2011,CN Menditxo,10:34.88,2025-11-08,2ª Jornada Federada,M,,,
800 Libre,"PUERTAS RIVAS, Aratz",2011,CN Judizmendi,9:50.30,2025-11-08,2ª Jornada Federada,M,33.15;35.81;36.70;36.38;37.08;37.70;37.93;37.48;37.82;38.06;37.63;37.85;37.01;37.57;37.02;35.11,,
800 Libre,"REBEJA CRACIUN, Erik Daniel",2012,CI Laudio,14:21.83,2025-11-08,2ª Jornada Federada,M,42.30;50.72;52.49;54.65;55.49;56.03;56.17;53.19;56.99;57.51;55.38;55.48;56.29;56.63;54.65;47.86,,
800 Libre,"ROS IRIARTE, Ekhi",2012,CN Urgain,12:35.62,2025-11-08,2ª Jornada Federada,M,40.89;44.43;47.05;47.30;47.65;49.17;49.18;48.06;48.75;48.25;47.94;48.45;46.91;49.05;48.05;44.49,,
100 Espalda,"DIAZ RUIZ DE AZUA, Olaia",2012,CN Menditxo,1:24.97,2025-11-08,2ª Jornada Federada,F,42.37;42.60,,
100 Espalda,"FERNANDEZ CABRERA, Mara",2012,CN Menditxo,1:25.16,2025-11-08,2ª Jornada Federada,F,41.46;43.70,,
100 Espalda,"PULIDO CRESPO, Nahia",2011,CN Menditxo,1:25.49,2025-11-08,2ª Jornada Federada,F,40.92;44.57,,
100 Espalda,"LOPEZ DE MUNAIN SEDANO, Oier",2011,CN Menditxo,1:20.13,2025-11-08,2ª Jornada Federada,M,38.59;41.54,,
100 Espalda,"MARTINEZ MUZAS, Unax",2012,CN Judizmendi,,2025-11-08,2ª Jornada Federada,M,,DSQ,
200 Espalda,"DURANA ANDA, Martina",2011,CN Judizmendi,2:50.98,2025-11-08,2ª Jornada Federada,F,39.88;43.44;45.11;42.55,,
200 Espalda,"GOMEZ MORAN, Naroa",2011,CN Urgain,3:09.24,2025-11-08,2ª Jornada Federada,F,44.08;47.87;50.00;47.29,,
200 Espalda,"GONZALEZ ELIZBURU, Leire",2012,CN Judizmendi,3:07.38,2025-11-08,2ª Jornada Federada,F,44.66;47.86;50.12;44.74,,
200 Espalda,"GUTIERREZ BERMUDEZ, Lucia",2011,CN Zadorra,3:25.44,2025-11-08,2ª Jornada Federada,F,48.77;50.80;53.26;52.61,,
200 Espalda,"HERRERO ALONSO, Izaro",2012,CN Judizmendi,3:04.70,2025-11-08,2ª Jornada Federada,F,44.05;47.41;49.17;44.07,,
200 Espalda,"MARTINEZ ESCOLAR, Ainhoa",2012,CN Zadorra,3:20.66,2025-11-08,2ª Jornada Federada,F,46.45;50.54;51.89;51.78,,
200 Espalda,"ORTEGA ARANGO, Ander",2012,CN Judizmendi,3:08.13,2025-11-08,2ª Jornada Federada,M,45.13;47.56;48.65;46.79,,
200 Espalda,"PUERTAS RIVAS, Aratz",2011,CN Judizmendi,2:29.88,2025-11-08,2ª Jornada Federada,M,34.60;37.20;39.24;38.84,,
50 Braza,"LLAMAS FERNANDEZ, Irati",2012,CN Judizmendi,42.68,2025-11-08,2ª Jornada Federada,F,,,
50 Braza,"MARTINEZ DE MURGUIA ALVAREZ, Izaro",2012,CN Judizmendi,46.35,2025-11-08,2ª Jornada Federada,F,,,
50 Braza,"MARTINEZ ROJO, Leire",2012,CN Judizmendi,40.11,2025-11-08,2ª Jornada Federada,F,,,
50 Braza,"NUÑEZ ASPIAZU, Miren",2011,CN Zadorra,45.80,2025-11-08,2ª Jornada Federada,F,,,
50 Braza,"PULIDO CRESPO, Nahia",2011,CN Menditxo,43.68,2025-11-08,2ª Jornada Federada,F,,,
50 Braza,"RODRÍGUEZ LÓPEZ DE VICUÑA, Nora",2012,CN Judizmendi,42.46,2025-11-08,2ª Jornada Federada,F,,,
50 Braza,"SAINZ MONGE, Idurre",2011,CN Menditxo,41.18,2025-11-08,2ª Jornada Federada,F,,,
50 Braza,"ZUFIAUR GOMEZ, Maite",2011,CN Menditxo,38.83,2025-11-08,2ª Jornada Federada,F,,,
50 Braza,"CARPIO RODRIGUEZ, Urko",2012,CN Judizmendi,45.65,2025-11-08,2ª Jornada Federada,M,,,
50 Braza,"MARTINEZ GARRIDO, Fermin",2011,CN Judizmendi,36.91,2025-11-08,2ª Jornada Federada,M,,,
50 Braza,"MARTINEZ YOLDI, Gorka",2012,CN Judizmendi,48.71,2025-11-08,2ª Jornada Federada,M,,,
50 Braza,"REBEJA CRACIUN, Erik Daniel",2012,CI Laudio,42.40,2025-11-08,2ª Jornada Federada,M,,,
50 Braza,"ROS IRIARTE, Ekhi",2012,CN Urgain,47.04,2025-11-08,2ª Jornada Federada,M,,,
50 Braza,"UBIRIA APRAIZ, Julen",2012,CN Judizmendi,44.73,2025-11-08,2ª Jornada Federada,M,,,
50 Braza,"VARA DIAZ DE GARAYO, Aimar",2011,CN Menditxo,40.07,2025-11-08,2ª Jornada Federada,M,,,
200 Braza,"GOYARROLA ARTOLA, Ayala",2012,CN Judizmendi,3:19.00,2025-11-08,2ª Jornada Federada,F,45.76;51.43;51.42;50.39,,
200 Braza,"MARTINEZ ESCOLAR, Ainhoa",2012,CN Zadorra,3:24.29,2025-11-08,2ª Jornada Federada,F,48.40;50.71;53.30;51.88,,
200 Braza,"FDZ. DE RETANA GONZALEZ DE HEREDIA, Xabier",2011,CN Judizmendi,2:58.72,2025-11-08,2ª Jornada Federada,M,40.79;46.16;46.86;44.91,,
200 Braza,"ORTEGA ARANGO, Ander",2012,CN Judizmendi,3:01.63,2025-11-08,2ª Jornada Federada,M,42.22;45.77;47.35;46.29,,
200 Braza,"RAMIREZ DE OCARIZ VILOR, Markel",2012,CN Judizmendi,3:19.32,2025-11-08,2ª Jornada Federada,M,43.14;49.61;52.88;53.69,,
200 Braza,"UBIRIA APRAIZ, Julen",2012,CN Judizmendi,,2025-11-08,2ª Jornada Federada,M,,DSQ,
50 Mariposa,"ABAITUA PIPAON, Malen",2011,CN Judizmendi,32.86,2025-11-08,2ª Jornada Federada,F,,,
50 Mariposa,"AGUIRRE SANCHEZ, Eider",2011,CN Judizmendi,29.64,2025-11-08,2ª Jornada Federada,F,,,
50 Mariposa,"AGUIRREGOMEZCORTA ALIAS, Olatz",2011,CN Menditxo,43.70,2025-11-08,2ª Jornada Federada,F,,,
50 Mariposa,"ALONSO GARCIA, Adriana",2012,CN Zadorra,45.48,2025-11-08,2ª Jornada Federada,F,,,
50 Mariposa,"CARAZO ARISTIMUÑO, Nerea",2011,CN Zadorra,37.90,2025-11-08,2ª Jornada Federada,F,,,
50 Mariposa,"DAQUANNO, Giorgia",2012,CN Menditxo,35.15,2025-11-08,2ª Jornada Federada,F,,,
50 Mariposa,"DURANA ANDA, Martina",2011,CN Judizmendi,35.11,2025-11-08,2ª Jornada Federada,F,,,
50 Mariposa,"FDZ. DE LABASTIDA DIAZ, Ainhize",2011,CN Menditxo,36.01,2025-11-08,2ª Jornada Federada,F,,,
50 Mariposa,"GARAY SAENZ, Ixone",2011,CN Judizmendi,31.86,2025-11-08,2ª Jornada Federada,F,,,
50 Mariposa,"GOMEZ MORAN, Naroa",2011,CN Urgain,36.45,2025-11-08,2ª Jornada Federada,F,,,
50 Mariposa,"GONZALEZ ELIZBURU, Leire",2012,CN Judizmendi,38.40,2025-11-08,2ª Jornada Federada,F,,,
50 Mariposa,"GONZALEZ FERNANDEZ, Laia",2012,CN Judizmendi,33.34,2025-11-08,2ª Jornada Federada,F,,,
50 Mariposa,"GONZALEZ SANCHEZ, Miren",2012,CN Judizmendi,40.31,2025-11-08,2ª Jornada Federada,F,,,
50 Mariposa,"GUTIERREZ BERMUDEZ, Lucia",2011,CN Zadorra,46.88,2025-11-08,2ª Jornada Federada,F,,,
50 Mariposa,"IBARRA FERNANDEZ, Iris",2012,CN Menditxo,41.34,2025-11-08,2ª Jornada Federada,F,,,
50 Mariposa,"MARTINEZ DE MURGUIA ALVAREZ, Izaro",2012,CN Judizmendi,40.96,2025-11-08,2ª Jornada Federada,F,,,
50 Mariposa,"MENDIBE SAN JUAN, Amaia",2011,CN Menditxo,40.57,2025-11-08,2ª Jornada Federada,F,,,
50 Mariposa,"MUÑOZ FELIPE, Oihane",2011,CN Menditxo,35.75,2025-11-08,2ª Jornada Federada,F,,,
50 Mariposa,"ORTIZ DE ZARATE VILLEN, Leizuri",2012,CN Menditxo,36.84,2025-11-08,2ª Jornada Federada,F,,,
50 Mariposa,"PINILLA SOLETO, Naia",2011,CN Menditxo,35.69,2025-11-08,2ª Jornada Federada,F,,,
50 Mariposa,"ANTON BELTRAN DE GUEVARA, Alex",2012,CN Judizmendi,34.73,2025-11-08,2ª Jornada Federada,M,,,
50 Mariposa,"ARMIÑO CRUCELEGUI, Alex",2011,CN Judizmendi,37.69,2025-11-08,2ª Jornada Federada,M,,,
50 Mariposa,"BASABEA OLABE, Ekain",2012,CN Judizmendi,35.52,2025-11-08,2ª Jornada Federada,M,,,
50 Mariposa,"COLLADO ARRANZ, Hegoi",2011,CN Judizmendi,37.98,2025-11-08,2ª Jornada Federada,M,,,
50 Mariposa,"CORTINA FERNANDEZ DE LIGER, Xabier",2012,CN Judizmendi,31.13,2025-11-08,2ª Jornada Federada,M,,,
50 Mariposa,"ETXEBARRIA SAEZ DE UGARTE, Eneko",2011,CN Judizmendi,32.50,2025-11-08,2ª Jornada Federada,M,,,
50 Mariposa,"HERNANDEZ QUEREJAZU, John",2011,CN Menditxo,35.18,2025-11-08,2ª Jornada Federada,M,,,
50 Mariposa,"IBARRARAN RAMIREZ DE OCARIZ, Jon",2012,CN Judizmendi,36.04,2025-11-08,2ª Jornada Federada,M,,,
50 Mariposa,"MARTINEZ MUZAS, Unax",2012,CN Judizmendi,43.26,2025-11-08,2ª Jornada Federada,M,,,
50 Mariposa,"MARTINEZ YOLDI, Gorka",2012,CN Judizmendi,40.95,2025-11-08,2ª Jornada Federada,M,,,
50 Mariposa,"MENDIA GAINZARAIN, Oihan",2011,CN Menditxo,32.47,2025-11-08,2ª Jornada Federada,M,,,
50 Mariposa,"ORTEGA ENRIQUE, Yeray",2012,CN Menditxo,30.71,2025-11-08,2ª Jornada Federada,M,,,
50 Mariposa,"RAMIREZ DE OCARIZ VILOR, Markel",2012,CN Judizmendi,43.61,2025-11-08,2ª Jornada Federada,M,,,
50 Mariposa,"RODRIGUEZ BLANCO, Unax",2012,CN Judizmendi,39.50,2025-11-08,2ª Jornada Federada,M,,,
100 Mariposa,"ANGULO SANTAMARIA, Irune",2011,CN Menditxo,1:17.95,2025-11-08,2ª Jornada Federada,F,35.84;42.11,,
100 Mariposa,"HERRANZ FDZ DE LANDA, Haizea",2011,CN Menditxo,1:19.63,2025-11-08,2ª Jornada Federada,F,38.11;41.52,,
100 Mariposa,"ETXEBARRIA SAEZ DE UGARTE, Eneko",2011,CN Judizmendi,1:14.75,2025-11-08,2ª Jornada Federada,M,35.20;39.55,,
100 Mariposa,"FERNANDEZ SAEZ, Martin",2011,CN Judizmendi,,2025-11-08,2ª Jornada Federada,M,,DSQ,
100 Mariposa,"ORTIZ DE BARRON TENA, Jon",2011,CN Judizmendi,1:20.82,2025-11-08,2ª Jornada Federada,M,37.29;43.53,,
100 Mariposa,"RODRIGUEZ ZUBIAURRE, Luka",2012,CN Judizmendi,1:33.01,2025-11-08,2ª Jornada Federada,M,42.13;50.88,,
100 Estilos,"AGUIRREGOMEZCORTA ALIAS, Olatz",2011,CN Menditxo,1:38.32,2025-11-08,2ª Jornada Federada,F,45.97;52.35,,
100 Estilos,"DAQUANNO, Giorgia",2012,CN Menditxo,1:20.32,2025-11-08,2ª Jornada Federada,F,36.19;44.13,,
100 Estilos,"DURANA ANDA, Martina",2011,CN Judizmendi,1:19.33,2025-11-08,2ª Jornada Federada,F,36.67;42.66,,
100 Estilos,"GARAY SAENZ, Ixone",2011,CN Judizmendi,1:14.39,2025-11-08,2ª Jornada Federada,F,34.26;40.13,,
100 Estilos,"IBARRA FERNANDEZ, Iris",2012,CN Menditxo,1:29.04,2025-11-08,2ª Jornada Federada,F,41.66;47.38,,
100 Estilos,"MARTINEZ ROJO, Leire",2012,CN Judizmendi,1:24.05,2025-11-08,2ª Jornada Federada,F,40.22;43.83,,
100 Estilos,"MENDIBE SAN JUAN, Amaia",2011,CN Menditxo,1:27.06,2025-11-08,2ª Jornada Federada,F,41.15;45.91,,
100 Estilos,"PINILLA SOLETO, Naia",2011,CN Menditxo,1:19.68,2025-11-08,2ª Jornada Federada,F,38.79;40.89,,
100 Estilos,"ZUFIAUR GOMEZ, Maite",2011,CN Menditxo,1:22.29,2025-11-08,2ª Jornada Federada,F,40.95;41.34,,
100 Estilos,"ARMIÑO CRUCELEGUI, Alex",2011,CN Judizmendi,1:22.67,2025-11-08,2ª Jornada Federada,M,39.28;43.39,,
100 Estilos,"BASABEA OLABE, Ekain",2012,CN Judizmendi,1:21.72,2025-11-08,2ª Jornada Federada,M,38.68;43.04,,
100 Estilos,"COLLADO ARRANZ, Hegoi",2011,CN Judizmendi,1:20.58,2025-11-08,2ª Jornada Federada,M,38.38;42.20,,
100 Estilos,"HERNANDEZ QUEREJAZU, John",2011,CN Menditxo,1:21.10,2025-11-08,2ª Jornada Federada,M,37.73;43.37,,
100 Estilos,"LOPEZ DE MUNAIN SEDANO, Oier",2011,CN Menditxo,1:18.73,2025-11-08,2ª Jornada Federada,M,35.86;42.87,,
100 Estilos,"MARTINEZ MUZAS, Unax",2012,CN Judizmendi,1:28.60,2025-11-08,2ª Jornada Federada,M,40.33;48.27,,
100 Estilos,"ORTEGA ARANGO, Ander",2012,CN Judizmendi,1:24.08,2025-11-08,2ª Jornada Federada,M,42.07;42.01,,
100 Estilos,"RAMIREZ DE OCARIZ VILOR, Markel",2012,CN Judizmendi,1:24.43,2025-11-08,2ª Jornada Federada,M,39.51;44.92,,
100 Estilos,"RODRIGUEZ BLANCO, Unax",2012,CN Judizmendi,1:27.43,2025-11-08,2ª Jornada Federada,M,41.61;45.82,,
100 Libre,"GOMEZ MORAN, Naroa",2011,CN Urgain,1:12.11,2025-12-20,3ª Jornada Federada,F,35.67;36.44,,
100 Libre,"GONZALEZ SANCHEZ, Miren",2012,CN Judizmendi,1:10.94,2025-12-20,3ª Jornada Federada,F,34.05;36.89,,
100 Libre,"LUCIA LIN, Xuyun",2011,CN Urgain,1:18.97,2025-12-20,3ª Jornada Federada,F,35.94;43.03,,
100 Libre,"MARTINEZ DE MURGUIA ALVAREZ, Izaro",2012,CN Judizmendi,1:16.03,2025-12-20,3ª Jornada Federada,F,36.75;39.28,,
100 Libre,"ORTIZ DE ZARATE VILLEN, Leizuri",2012,CN Menditxo,1:12.18,2025-12-20,3ª Jornada Federada,F,34.34;37.84,,
100 Libre,"PULIDO CRESPO, Nahia",2011,CN Menditxo,1:12.80,2025-12-20,3ª Jornada Federada,F,34.69;38.11,,
100 Libre,"RODRIGUEZ GUINEA, Ane",2011,CN Zadorra,1:27.84,2025-12-20,3ª Jornada Federada,F,41.76;46.08,,
100 Libre,"ZUFIAUR GOMEZ, Maite",2011,CN Menditxo,1:13.81,2025-12-20,3ª Jornada Federada,F,35.93;37.88,,
100 Libre,"BASABEA OLABE, Ekain",2012,CN Judizmendi,1:12.71,2025-12-20,3ª Jornada Federada,M,35.11;37.60,,
100 Libre,"CARPIO RODRIGUEZ, Urko",2012,CN Judizmendi,1:14.98,2025-12-20,3ª Jornada Federada,M,36.08;38.90,,
100 Libre,"RAMIREZ DE OCARIZ VILOR, Markel",2012,CN Judizmendi,1:13.27,2025-12-20,3ª Jornada Federada,M,34.32;38.95,,
100 Libre,"ROS IRIARTE, Ekhi",2012,CN Urgain,1:12.35,2025-12-20,3ª Jornada Federada,M,34.59;37.76,,
100 Libre,"VARA DIAZ DE GARAYO, Aimar",2011,CN Menditxo,1:03.42,2025-12-20,3ª Jornada Federada,M,28.81;34.61,,
200 Libre,"AGUIRREGOMEZCORTA ALIAS, Olatz",2011,CN Menditxo,2:59.57,2025-12-20,3ª Jornada Federada,F,40.64;45.39;47.25;46.29,,
200 Libre,"ALONSO GARCIA, Adriana",2012,CN Zadorra,2:52.22,2025-12-20,3ª Jornada Federada,F,39.10;43.28;45.09;44.75,,
200 Libre,"CARAZO ARISTIMUÑO, Nerea",2011,CN Zadorra,2:48.66,2025-12-20,3ª Jornada Federada,F,37.12;40.62;45.41;45.51,,
200 Libre,"GONZALEZ SANCHEZ, Miren",2012,CN Judizmendi,2:39.75,2025-12-20,3ª Jornada Federada,F,36.46;40.36;42.54;40.39,,
200 Libre,"MARTINEZ ESCOLAR, Ainhoa",2012,CN Zadorra,2:51.48,2025-12-20,3ª Jornada Federada,F,39.31;43.62;45.39;43.16,,
200 Libre,"SAEZ DE ASTEASU ALTZAGA, Maddi",2012,CN Urgain,2:42.59,2025-12-20,3ª Jornada Federada,F,36.85;40.48;43.37;41.89,,
200 Libre,"SAINZ MONGE, Idurre",2011,CN Menditxo,2:39.25,2025-12-20,3ª Jornada Federada,F,35.90;40.96;41.96;40.43,,
200 Libre,"TABARES LERMA, Getari",2012,CN Zadorra,3:01.67,2025-12-20,3ª Jornada Federada,F,40.49;44.84;48.07;48.27,,
200 Libre,"CORTINA FERNANDEZ DE LIGER, Xabier",2012,CN Judizmendi,,2025-12-20,3ª Jornada Federada,M,,DSQ,Salida Anticipada
200 Libre,"FDZ. DE RETANA GONZALEZ DE HEREDIA, Xabier",2011,CN Judizmendi,2:14.90,2025-12-20,3ª Jornada Federada,M,31.33;34.65;35.43;33.49,,
200 Libre,"HERNANDEZ QUEREJAZU, John",2011,CN Menditxo,2:42.17,2025-12-20,3ª Jornada Federada,M,36.10;41.74;44.05;40.28,,
200 Libre,"IBARRARAN RAMIREZ DE OCARIZ, Jon",2012,CN Judizmendi,2:21.15,2025-12-20,3ª Jornada Federada,M,31.45;35.88;36.76;37.06,,
200 Libre,"MARTINEZ MUZAS, Unax",2012,CN Judizmendi,2:42.99,2025-12-20,3ª Jornada Federada,M,36.96;42.30;43.08;40.65,,
200 Libre,"MARTINEZ YOLDI, Gorka",2012,CN Judizmendi,2:32.33,2025-12-20,3ª Jornada Federada,M,34.84;37.96;39.53;40.00,,
200 Libre,"PUERTAS RIVAS, Aratz",2011,CN Judizmendi,2:14.45,2025-12-20,3ª Jornada Federada,M,31.19;34.43;34.85;33.98,,
200 Libre,"RAMIREZ DE OCARIZ VILOR, Markel",2012,CN Judizmendi,2:42.39,2025-12-20,3ª Jornada Federada,M,34.45;40.48;44.01;43.45,,
200 Libre,"ROS IRIARTE, Ekhi",2012,CN Urgain,2:42.21,2025-12-20,3ª Jornada Federada,M,36.95;40.99;42.06;42.21,,
200 Libre,"UBIRIA APRAIZ, Julen",2012,CN Judizmendi,2:33.67,2025-12-20,3ª Jornada Federada,M,34.39;38.22;40.06;41.00,,
200 Libre,"VARA DIAZ DE GARAYO, Aimar",2011,CN Menditxo,2:20.83,2025-12-20,3ª Jornada Federada,M,31.67;36.58;37.08;35.50,,
1500 Libre,"ANGULO SANTAMARIA, Irune",2011,CN Menditxo,21:39.07,2025-12-20,3ª Jornada Federada,F,;1:16.19;;1:23.68;;1:24.56;;1:26.31;;1:26.85;;1:26.88;;1:29.21;;1:29.06;;1:28.35;;1:27.85;;1:28.07;;1:28.39;;1:28.80;;1:28.74;;1:26.13,,
1500 Libre,"DAQUANNO, Giorgia",2012,CN Menditxo,21:51.32,2025-12-20,3ª Jornada Federada,F,;1:19.48;;1:22.74;;1:24.97;;1:26.65;;1:27.31;;1:28.80;;1:29.67;;1:27.84;;1:29.70;;1:31.36;;1:31.02;;1:30.69;;1:28.29;;1:29.15;;1:23.65,,
1500 Libre,"GOYARROLA ARTOLA, Ayala",2012,CN Judizmendi,20:51.18,2025-12-20,3ª Jornada Federada,F,;1:19.22;;1:22.84;;1:24.23;;1:23.03;;1:23.46;;1:23.67;;1:25.11;;1:24.67;;1:25.27;;1:24.44;;1:24.36;;1:23.10;;1:23.44;;1:23.50;;1:20.84,,
1500 Libre,"HERRANZ FDZ DE LANDA, Haizea",2011,CN Menditxo,21:11.33,2025-12-20,3ª Jornada Federada,F,;1:15.59;;1:21.06;;1:23.44;;1:25.69;;1:25.75;;1:25.51;;1:25.26;;1:25.56;;1:26.33;;1:26.70;;1:26.91;;1:27.28;;1:27.29;;1:26.04;;1:22.92,,
1500 Libre,"MUÑOZ FELIPE, Oihane",2011,CN Menditxo,21:17.79,2025-12-20,3ª Jornada Federada,F,;1:19.11;;1:24.50;;1:24.74;;1:26.15;;1:25.36;;1:25.74;;1:26.36;;1:25.96;;1:25.67;;1:26.85;;1:26.90;;1:26.60;;1:27.80;;1:25.18;;1:20.87,,
1500 Libre,"ORTIZ DE ZARATE VILLEN, Leizuri",2012,CN Menditxo,21:55.51,2025-12-20,3ª Jornada Federada,F,;1:21.05;;1:25.64;;1:26.21;;1:27.86;;1:29.08;;1:28.74;;1:28.49;;1:29.38;;1:29.74;;1:30.50;;1:29.85;;1:29.88;;1:28.68;;1:27.59;;1:22.82,,
1500 Libre,"PULIDO CRESPO, Nahia",2011,CN Menditxo,22:42.88,2025-12-20,3ª Jornada Federada,F,;1:21.43;;1:27.79;;1:29.92;;1:31.66;;1:32.01;;1:32.14;;1:31.83;;1:32.37;;1:32.73;;1:33.65;;1:34.83;;1:33.37;;1:32.82;;1:30.08;;1:26.25,,
1500 Libre,"RODRÍGUEZ LÓPEZ DE VICUÑA, Nora",2012,CN Judizmendi,21:26.99,2025-12-20,3ª Jornada Federada,F,,,
1500 Libre,"MENDIA GAINZARAIN, Oihan",2011,CN Menditxo,19:35.89,2025-12-20,3ª Jornada Federada,M,;1:09.55;;1:16.93;;1:19.10;;1:18.98;;1:19.14;;1:18.79;;1:18.79;;1:18.84;;1:19.62;;1:18.81;;1:19.35;;1:20.27;;1:20.40;;1:20.30;;1:17.02,,
100 Espalda,"ABAITUA PIPAON, Malen",2011,CN Judizmendi,1:10.46,2025-12-20,3ª Jornada Federada,F,34.52;35.94,,
100 Espalda,"GARAY SAENZ, Ixone",2011,CN Judizmendi,1:15.04,2025-12-20,3ª Jornada Federada,F,36.80;38.24,,
100 Espalda,"GUTIERREZ BERMUDEZ, Lucia",2011,CN Zadorra,1:33.10,2025-12-20,3ª Jornada Federada,F,45.00;48.10,,
100 Espalda,"HERRERO ALONSO, Izaro",2012,CN Judizmendi,1:25.69,2025-12-20,3ª Jornada Federada,F,42.86;42.83,,
100 Espalda,"ZUFIAUR GOMEZ, Maite",2011,CN Menditxo,1:23.62,2025-12-20,3ª Jornada Federada,F,41.47;42.15,,
100 Espalda,"COLLADO ARRANZ, Hegoi",2011,CN Judizmendi,1:23.94,2025-12-20,3ª Jornada Federada,M,40.91;43.03,,
100 Espalda,"ETXEBARRIA SAEZ DE UGARTE, Eneko",2011,CN Judizmendi,1:15.49,2025-12-20,3ª Jornada Federada,M,36.55;38.94,,
100 Espalda,"ORTEGA ENRIQUE, Yeray",2012,CN Menditxo,1:03.66,2025-12-20,3ª Jornada Federada,M,30.57;33.09,,
50 Braza,"DURANA ANDA, Martina",2011,CN Judizmendi,38.73,2025-12-20,3ª Jornada Federada,F,,,
50 Braza,"GOMEZ MORAN, Naroa",2011,CN Urgain,40.98,2025-12-20,3ª Jornada Federada,F,,,
50 Braza,"GONZALEZ FERNANDEZ, Laia",2012,CN Judizmendi,42.26,2025-12-20,3ª Jornada Federada,F,,,
50 Braza,"LLAMAS FERNANDEZ, Irati",2012,CN Judizmendi,42.23,2025-12-20,3ª Jornada Federada,F,,,
50 Braza,"LUCIA LIN, Xuyun",2011,CN Urgain,44.91,2025-12-20,3ª Jornada Federada,F,,,
50 Braza,"MARTINEZ DE MURGUIA ALVAREZ, Izaro",2012,CN Judizmendi,45.45,2025-12-20,3ª Jornada Federada,F,,,
50 Braza,"MARTINEZ ROJO, Leire",2012,CN Judizmendi,40.22,2025-12-20,3ª Jornada Federada,F,,,
50 Braza,"NUÑEZ ASPIAZU, Miren",2011,CN Zadorra,46.11,2025-12-20,3ª Jornada Federada,F,,,
50 Braza,"RODRIGUEZ GUINEA, Ane",2011,CN Zadorra,48.39,2025-12-20,3ª Jornada Federada,F,,,
50 Braza,"ARMIÑO CRUCELEGUI, Alex",2011,CN Judizmendi,42.89,2025-12-20,3ª Jornada Federada,M,,,
50 Braza,"FERNANDEZ SAEZ, Martin",2011,CN Judizmendi,37.79,2025-12-20,3ª Jornada Federada,M,,,
50 Braza,"LOPEZ DE MUNAIN SEDANO, Oier",2011,CN Menditxo,40.81,2025-12-20,3ª Jornada Federada,M,,,
50 Braza,"ORTEGA ARANGO, Ander",2012,CN Judizmendi,39.04,2025-12-20,3ª Jornada Federada,M,,,
50 Braza,"ORTIZ DE BARRON TENA, Jon",2011,CN Judizmendi,38.32,2025-12-20,3ª Jornada Federada,M,,,
100 Braza,"GONZALEZ SANCHEZ, Miren",2012,CN Judizmendi,1:45.15,2025-12-20,3ª Jornada Federada,F,50.02;55.13,,
100 Braza,"MARTINEZ DE MURGUIA ALVAREZ, Izaro",2012,CN Judizmendi,,2025-12-20,3ª Jornada Federada,F,,DSQ,Salida Anticipada
100 Braza,"MARTINEZ ESCOLAR, Ainhoa",2012,CN Zadorra,1:32.99,2025-12-20,3ª Jornada Federada,F,44.54;48.45,,
100 Braza,"SAEZ DE ASTEASU ALTZAGA, Maddi",2012,CN Urgain,1:42.52,2025-12-20,3ª Jornada Federada,F,48.42;54.10,,
100 Braza,"HERNANDEZ QUEREJAZU, John",2011,CN Menditxo,1:33.50,2025-12-20,3ª Jornada Federada,M,44.13;49.37,,
100 Braza,"IBARRARAN RAMIREZ DE OCARIZ, Jon",2012,CN Judizmendi,1:24.59,2025-12-20,3ª Jornada Federada,M,40.13;44.46,,
100 Braza,"RAMIREZ DE OCARIZ VILOR, Markel",2012,CN Judizmendi,1:29.86,2025-12-20,3ª Jornada Federada,M,41.88;47.98,,
100 Braza,"UBIRIA APRAIZ, Julen",2012,CN Judizmendi,1:33.66,2025-12-20,3ª Jornada Federada,M,44.54;49.12,,
50 Mariposa,"CARAZO ARISTIMUÑO, Nerea",2011,CN Zadorra,38.63,2025-12-20,3ª Jornada Federada,F,,,
50 Mariposa,"GOMEZ MORAN, Naroa",2011,CN Urgain,35.93,2025-12-20,3ª Jornada Federada,F,,,
50 Mariposa,"GUTIERREZ BERMUDEZ, Lucia",2011,CN Zadorra,43.39,2025-12-20,3ª Jornada Federada,F,,,
50 Mariposa,"TABARES LERMA, Getari",2012,CN Zadorra,40.11,2025-12-20,3ª Jornada Federada,F,,,
50 Mariposa,"CORTINA FERNANDEZ DE LIGER, Xabier",2012,CN Judizmendi,31.42,2025-12-20,3ª Jornada Federada,M,,,
50 Mariposa,"MARTINEZ MUZAS, Unax",2012,CN Judizmendi,42.40,2025-12-20,3ª Jornada Federada,M,,,
50 Mariposa,"MARTINEZ YOLDI, Gorka",2012,CN Judizmendi,38.20,2025-12-20,3ª Jornada Federada,M,,,
200 Mariposa,"CORTINA FERNANDEZ DE LIGER, Xabier",2012,CN Judizmendi,2:40.85,2025-12-20,3ª Jornada Federada,M,37.01;40.63;41.42;41.79,,
400 Estilos,"ABAITUA PIPAON, Malen",2011,CN Judizmendi,5:36.12,2025-12-20,3ª Jornada Federada,F,36.48;42.49;42.25;40.87;47.62;48.96;38.66;38.79,,
400 Estilos,"AGUIRRE SANCHEZ, Eider",2011,CN Judizmendi,5:28.00,2025-12-20,3ª Jornada Federada,F,34.92;41.02;41.35;40.13;48.30;48.29;38.60;35.39,,
400 Estilos,"DURANA ANDA, Martina",2011,CN Judizmendi,5:49.87,2025-12-20,3ª Jornada Federada,F,37.66;43.71;45.03;44.57;51.31;50.77;39.43;37.39,,
400 Estilos,"FDZ. DE LABASTIDA DIAZ, Ainhize",2011,CN Menditxo,6:08.74,2025-12-20,3ª Jornada Federada,F,39.80;46.78;46.79;45.99;52.92;54.00;41.47;40.99,,
400 Estilos,"GARAY SAENZ, Ixone",2011,CN Judizmendi,5:46.04,2025-12-20,3ª Jornada Federada,F,37.50;44.62;43.39;42.83;48.98;50.98;39.72;38.02,,
400 Estilos,"GONZALEZ FERNANDEZ, Laia",2012,CN Judizmendi,6:11.54,2025-12-20,3ª Jornada Federada,F,38.20;43.29;50.53;47.40;51.53;51.15;45.79;43.65,,
400 Estilos,"HERRERO ALONSO, Izaro",2012,CN Judizmendi,,2025-12-20,3ª Jornada Federada,F,,DSQ,Nado Irregular
400 Estilos,"IBARRA FERNANDEZ, Iris",2012,CN Menditxo,7:15.41,2025-12-20,3ª Jornada Federada,F,47.38;58.22;53.21;51.37;58.74;1:01.31;53.48;51.70,,
400 Estilos,"LLAMAS FERNANDEZ, Irati",2012,CN Judizmendi,6:49.98,2025-12-20,3ª Jornada Federada,F,47.42;57.98;53.55;50.84;57.38;56.67;44.08;42.06,,
400 Estilos,"MARTINEZ ROJO, Leire",2012,CN Judizmendi,6:24.38,2025-12-20,3ª Jornada Federada,F,43.32;53.14;50.45;48.41;50.88;53.98;42.92;41.28,,
400 Estilos,"MENDIBE SAN JUAN, Amaia",2011,CN Menditxo,,2025-12-20,3ª Jornada Federada,F,,DSQ,Nado Irregular
400 Estilos,"PINILLA SOLETO, Naia",2011,CN Menditxo,6:23.30,2025-12-20,3ª Jornada Federada,F,41.02;49.51;50.57;50.31;52.04;52.93;45.68;41.24,,
400 Estilos,"ANTON BELTRAN DE GUEVARA, Alex",2012,CN Judizmendi,5:49.57,2025-12-20,3ª Jornada Federada,M,37.74;45.28;45.09;42.37;49.85;50.83;40.42;37.99,,
400 Estilos,"ARMIÑO CRUCELEGUI, Alex",2011,CN Judizmendi,6:09.12,2025-12-20,3ª Jornada Federada,M,41.51;50.02;47.17;45.16;51.19;53.00;42.39;38.68,,
400 Estilos,"BASABEA OLABE, Ekain",2012,CN Judizmendi,6:13.23,2025-12-20,3ª Jornada Federada,M,43.54;49.04;48.06;46.35;52.61;51.44;42.97;39.22,,
400 Estilos,"CARPIO RODRIGUEZ, Urko",2012,CN Judizmendi,,2025-12-20,3ª Jornada Federada,M,,DSQ,Nado Irregular
400 Estilos,"COLLADO ARRANZ, Hegoi",2011,CN Judizmendi,,2025-12-20,3ª Jornada Federada,M,,DSQ,Nado Irregular
400 Estilos,"ETXEBARRIA SAEZ DE UGARTE, Eneko",2011,CN Judizmendi,5:37.81,2025-12-20,3ª Jornada Federada,M,36.40;41.05;44.59;42.96;47.90;48.04;38.89;37.98,,
400 Estilos,"FDZ. DE RETANA GONZALEZ DE HEREDIA, Xabier",2011,CN Judizmendi,5:20.19,2025-12-20,3ª Jornada Federada,M,34.65;40.97;41.79;40.96;44.72;45.38;36.69;35.03,,
400 Estilos,"FERNANDEZ SAEZ, Martin",2011,CN Judizmendi,,2025-12-20,3ª Jornada Federada,M,,DSQ,Nado Irregular
400 Estilos,"LOPEZ DE MUNAIN SEDANO, Oier",2011,CN Menditxo,6:04.14,2025-12-20,3ª Jornada Federada,M,37.33;44.45;44.51;44.47;54.98;56.23;42.37;39.80,,
400 Estilos,"ORTEGA ARANGO, Ander",2012,CN Judizmendi,6:05.36,2025-12-20,3ª Jornada Federada,M,42.99;49.22;47.61;46.75;47.21;47.83;42.90;40.85,,
400 Estilos,"ORTIZ DE BARRON TENA, Jon",2011,CN Judizmendi,6:08.31,2025-12-20,3ª Jornada Federada,M,40.80;49.33;48.93;47.59;49.24;49.68;42.99;39.75,,
400 Estilos,"PUERTAS RIVAS, Aratz",2011,CN Judizmendi,5:29.85,2025-12-20,3ª Jornada Federada,M,,,
400 Estilos,"RODRIGUEZ BLANCO, Unax",2012,CN Judizmendi,6:26.62,2025-12-20,3ª Jornada Federada,M,42.87;49.94;49.90;48.04;55.15;54.56;45.71;40.45,,
50 Libre,"AGUIRREGOMEZCORTA ALIAS, Olatz",2011,CN Menditxo,37.83,2025-12-21,Trofeo Olentzero Menditxo,F,,,
50 Libre,"ANGULO SANTAMARIA, Irune",2011,CN Menditxo,32.28,2025-12-21,Trofeo Olentzero Menditxo,F,,,
50 Libre,"DAQUANNO, Giorgia",2012,CN Menditxo,33.17,2025-12-21,Trofeo Olentzero Menditxo,F,,,
50 Libre,"FDZ. DE LABASTIDA DIAZ, Ainhize",2011,CN Menditxo,33.38,2025-12-21,Trofeo Olentzero Menditxo,F,,,
50 Libre,"HERRANZ FDZ DE LANDA, Haizea",2011,CN Menditxo,32.96,2025-12-21,Trofeo Olentzero Menditxo,F,,,
50 Libre,"IBARRA FERNANDEZ, Iris",2012,CN Menditxo,36.96,2025-12-21,Trofeo Olentzero Menditxo,F,,,
50 Libre,"MENDIBE SAN JUAN, Amaia",2011,CN Menditxo,36.15,2025-12-21,Trofeo Olentzero Menditxo,F,,,
50 Libre,"MUÑOZ FELIPE, Oihane",2011,CN Menditxo,34.09,2025-12-21,Trofeo Olentzero Menditxo,F,,,
50 Libre,"ORTIZ DE ZARATE VILLEN, Leizuri",2012,CN Menditxo,32.82,2025-12-21,Trofeo Olentzero Menditxo,F,,,
50 Libre,"PINILLA SOLETO, Naia",2011,CN Menditxo,32.46,2025-12-21,Trofeo Olentzero Menditxo,F,,,
50 Libre,"PULIDO CRESPO, Nahia",2011,CN Menditxo,32.73,2025-12-21,Trofeo Olentzero Menditxo,F,,,
50 Libre,"SAINZ MONGE, Idurre",2011,CN Menditxo,34.47,2025-12-21,Trofeo Olentzero Menditxo,F,,,
50 Libre,"ZUFIAUR GOMEZ, Maite",2011,CN Menditxo,35.21,2025-12-21,Trofeo Olentzero Menditxo,F,,,
50 Libre,"FIDALGO MONTES, Enrique",2012,CN Menditxo,53.29,2025-12-21,Trofeo Olentzero Menditxo,M,,,
50 Libre,"HERNANDEZ QUEREJAZU, John",2011,CN Menditxo,33.15,2025-12-21,Trofeo Olentzero Menditxo,M,,,
50 Libre,"LOPEZ DE MUNAIN SEDANO, Oier",2011,CN Menditxo,31.74,2025-12-21,Trofeo Olentzero Menditxo,M,,,
50 Libre,"MENDIA GAINZARAIN, Oihan",2011,CN Menditxo,29.82,2025-12-21,Trofeo Olentzero Menditxo,M,,,
50 Libre,"ORTEGA ENRIQUE, Yeray",2012,CN Menditxo,28.01,2025-12-21,Trofeo Olentzero Menditxo,M,,,
50 Libre,"VARA DIAZ DE GARAYO, Aimar",2011,CN Menditxo,29.24,2025-12-21,Trofeo Olentzero Menditxo,M,,,
50 Espalda,"AGUIRREGOMEZCORTA ALIAS, Olatz",2011,CN Menditxo,48.50,2025-12-21,Trofeo Olentzero Menditxo,F,,,
50 Espalda,"ANGULO SANTAMARIA, Irune",2011,CN Menditxo,,2025-12-21,Trofeo Olentzero Menditxo,F,,DSQ,Viraje Irregular
50 Espalda,"DAQUANNO, Giorgia",2012,CN Menditxo,36.31,2025-12-21,Trofeo Olentzero Menditxo,F,,,
50 Espalda,"FDZ. DE LABASTIDA DIAZ, Ainhize",2011,CN Menditxo,,2025-12-21,Trofeo Olentzero Menditxo,F,,DSQ,Viraje Irregular
50 Espalda,"HERRANZ FDZ DE LANDA, Haizea",2011,CN Menditxo,36.80,2025-12-21,Trofeo Olentzero Menditxo,F,,,
50 Espalda,"IBARRA FERNANDEZ, Iris",2012,CN Menditxo,42.40,2025-12-21,Trofeo Olentzero Menditxo,F,,,
50 Espalda,"MENDIBE SAN JUAN, Amaia",2011,CN Menditxo,45.48,2025-12-21,Trofeo Olentzero Menditxo,F,,,
50 Espalda,"MUÑOZ FELIPE, Oihane",2011,CN Menditxo,39.51,2025-12-21,Trofeo Olentzero Menditxo,F,,,
50 Espalda,"ORTIZ DE ZARATE VILLEN, Leizuri",2012,CN Menditxo,39.39,2025-12-21,Trofeo Olentzero Menditxo,F,,,
50 Espalda,"PINILLA SOLETO, Naia",2011,CN Menditxo,40.30,2025-12-21,Trofeo Olentzero Menditxo,F,,,
50 Espalda,"PULIDO CRESPO, Nahia",2011,CN Menditxo,41.20,2025-12-21,Trofeo Olentzero Menditxo,F,,,
50 Espalda,"SAINZ MONGE, Idurre",2011,CN Menditxo,41.20,2025-12-21,Trofeo Olentzero Menditxo,F,,,
50 Espalda,"ZUFIAUR GOMEZ, Maite",2011,CN Menditxo,40.96,2025-12-21,Trofeo Olentzero Menditxo,F,,,
50 Espalda,"FIDALGO MONTES, Enrique",2012,CN Menditxo,58.18,2025-12-21,Trofeo Olentzero Menditxo,M,,,
50 Espalda,"HERNANDEZ QUEREJAZU, John",2011,CN Menditxo,39.90,2025-12-21,Trofeo Olentzero Menditxo,M,,,
50 Espalda,"LOPEZ DE MUNAIN SEDANO, Oier",2011,CN Menditxo,38.16,2025-12-21,Trofeo Olentzero Menditxo,M,,,
50 Espalda,"MENDIA GAINZARAIN, Oihan",2011,CN Menditxo,,2025-12-21,Trofeo Olentzero Menditxo,M,,DSQ,Viraje Irregular
50 Espalda,"ORTEGA ENRIQUE, Yeray",2012,CN Menditxo,29.89,2025-12-21,Trofeo Olentzero Menditxo,M,,,
50 Espalda,"VARA DIAZ DE GARAYO, Aimar",2011,CN Menditxo,38.09,2025-12-21,Trofeo Olentzero Menditxo,M,,,
50 Braza,"AGUIRREGOMEZCORTA ALIAS, Olatz",2011,CN Menditxo,54.12,2025-12-21,Trofeo Olentzero Menditxo,F,,,
50 Braza,"ANGULO SANTAMARIA, Irune",2011,CN Menditxo,38.77,2025-12-21,Trofeo Olentzero Menditxo,F,,,
50 Braza,"DAQUANNO, Giorgia",2012,CN Menditxo,45.04,2025-12-21,Trofeo Olentzero Menditxo,F,,,
50 Braza,"FDZ. DE LABASTIDA DIAZ, Ainhize",2011,CN Menditxo,44.92,2025-12-21,Trofeo Olentzero Menditxo,F,,,
50 Braza,"HERRANZ FDZ DE LANDA, Haizea",2011,CN Menditxo,43.25,2025-12-21,Trofeo Olentzero Menditxo,F,,,
50 Braza,"IBARRA FERNANDEZ, Iris",2012,CN Menditxo,48.31,2025-12-21,Trofeo Olentzero Menditxo,F,,,
50 Braza,"MENDIBE SAN JUAN, Amaia",2011,CN Menditxo,45.00,2025-12-21,Trofeo Olentzero Menditxo,F,,,
50 Braza,"MUÑOZ FELIPE, Oihane",2011,CN Menditxo,46.08,2025-12-21,Trofeo Olentzero Menditxo,F,,,
50 Braza,"ORTIZ DE ZARATE VILLEN, Leizuri",2012,CN Menditxo,44.84,2025-12-21,Trofeo Olentzero Menditxo,F,,,
50 Braza,"PINILLA SOLETO, Naia",2011,CN Menditxo,41.71,2025-12-21,Trofeo Olentzero Menditxo,F,,,
50 Braza,"PULIDO CRESPO, Nahia",2011,CN Menditxo,45.02,2025-12-21,Trofeo Olentzero Menditxo,F,,,
50 Braza,"SAINZ MONGE, Idurre",2011,CN Menditxo,43.09,2025-12-21,Trofeo Olentzero Menditxo,F,,,
50 Braza,"ZUFIAUR GOMEZ, Maite",2011,CN Menditxo,41.12,2025-12-21,Trofeo Olentzero Menditxo,F,,,
50 Braza,"FIDALGO MONTES, Enrique",2012,CN Menditxo,1:03.78,2025-12-21,Trofeo Olentzero Menditxo,M,,,
50 Braza,"HERNANDEZ QUEREJAZU, John",2011,CN Menditxo,43.14,2025-12-21,Trofeo Olentzero Menditxo,M,,,
50 Braza,"LOPEZ DE MUNAIN SEDANO, Oier",2011,CN Menditxo,43.53,2025-12-21,Trofeo Olentzero Menditxo,M,,,
50 Braza,"MENDIA GAINZARAIN, Oihan",2011,CN Menditxo,41.81,2025-12-21,Trofeo Olentzero Menditxo,M,,,
50 Braza,"ORTEGA ENRIQUE, Yeray",2012,CN Menditxo,37.70,2025-12-21,Trofeo Olentzero Menditxo,M,,,
50 Braza,"VARA DIAZ DE GARAYO, Aimar",2011,CN Menditxo,41.84,2025-12-21,Trofeo Olentzero Menditxo,M,,,
50 Mariposa,"AGUIRREGOMEZCORTA ALIAS, Olatz",2011,CN Menditxo,47.04,2025-12-21,Trofeo Olentzero Menditxo,F,,,
50 Mariposa,"ANGULO SANTAMARIA, Irune",2011,CN Menditxo,35.77,2025-12-21,Trofeo Olentzero Menditxo,F,,,
50 Mariposa,"DAQUANNO, Giorgia",2012,CN Menditxo,35.06,2025-12-21,Trofeo Olentzero Menditxo,F,,,
50 Mariposa,"FDZ. DE LABASTIDA DIAZ, Ainhize",2011,CN Menditxo,36.75,2025-12-21,Trofeo Olentzero Menditxo,F,,,
50 Mariposa,"HERRANZ FDZ DE LANDA, Haizea",2011,CN Menditxo,34.23,2025-12-21,Trofeo Olentzero Menditxo,F,,,
50 Mariposa,"IBARRA FERNANDEZ, Iris",2012,CN Menditxo,42.73,2025-12-21,Trofeo Olentzero Menditxo,F,,,
50 Mariposa,"MENDIBE SAN JUAN, Amaia",2011,CN Menditxo,43.66,2025-12-21,Trofeo Olentzero Menditxo,F,,,
50 Mariposa,"MUÑOZ FELIPE, Oihane",2011,CN Menditxo,35.84,2025-12-21,Trofeo Olentzero Menditxo,F,,,
50 Mariposa,"ORTIZ DE ZARATE VILLEN, Leizuri",2012,CN Menditxo,36.13,2025-12-21,Trofeo Olentzero Menditxo,F,,,
50 Mariposa,"PINILLA SOLETO, Naia",2011,CN Menditxo,37.91,2025-12-21,Trofeo Olentzero Menditxo,F,,,
50 Mariposa,"PULIDO CRESPO, Nahia",2011,CN Menditxo,38.76,2025-12-21,Trofeo Olentzero Menditxo,F,,,
50 Mariposa,"SAINZ MONGE, Idurre",2011,CN Menditxo,40.63,2025-12-21,Trofeo Olentzero Menditxo,F,,,
50 Mariposa,"ZUFIAUR GOMEZ, Maite",2011,CN Menditxo,38.06,2025-12-21,Trofeo Olentzero Menditxo,F,,,
50 Mariposa,"FIDALGO MONTES, Enrique",2012,CN Menditxo,,2025-12-21,Trofeo Olentzero Menditxo,M,,DSQ,
50 Mariposa,"HERNANDEZ QUEREJAZU, John",2011,CN Menditxo,36.50,2025-12-21,Trofeo Olentzero Menditxo,M,,,
50 Mariposa,"LOPEZ DE MUNAIN SEDANO, Oier",2011,CN Menditxo,35.68,2025-12-21,Trofeo Olentzero Menditxo,M,,,
50 Mariposa,"MENDIA GAINZARAIN, Oihan",2011,CN Menditxo,32.20,2025-12-21,Trofeo Olentzero Menditxo,M,,,
50 Mariposa,"ORTEGA ENRIQUE, Yeray",2012,CN Menditxo,30.74,2025-12-21,Trofeo Olentzero Menditxo,M,,,
50 Mariposa,"VARA DIAZ DE GARAYO, Aimar",2011,CN Menditxo,36.71,2025-12-21,Trofeo Olentzero Menditxo,M,,,
50 Libre,"ABAITUA PIPAON, Malen",2011,CN Judizmendi,29.90,2026-01-17,4ª Jornada Federada,F,,,
50 Libre,"ALONSO GARCIA, Adriana",2012,CN Zadorra,36.75,2026-01-17,4ª Jornada Federada,F,,,
50 Libre,"CARAZO ARISTIMUÑO, Nerea",2011,CN Zadorra,33.62,2026-01-17,4ª Jornada Federada,F,,,
50 Libre,"DURANA ANDA, Martina",2011,CN Judizmendi,31.03,2026-01-17,4ª Jornada Federada,F,,,
50 Libre,"FERNANDEZ CABRERA, Mara",2012,CN Menditxo,32.96,2026-01-17,4ª Jornada Federada,F,,,
50 Libre,"GARAY SAENZ, Ixone",2011,CN Judizmendi,29.37,2026-01-17,4ª Jornada Federada,F,,,
50 Libre,"GOMEZ MORAN, Naroa",2011,CN Urgain,32.41,2026-01-17,4ª Jornada Federada,F,,,
50 Libre,"GONZALEZ ELIZBURU, Leire",2012,CN Judizmendi,32.38,2026-01-17,4ª Jornada Federada,F,,,
50 Libre,"GONZALEZ FERNANDEZ, Laia",2012,CN Judizmendi,31.39,2026-01-17,4ª Jornada Federada,F,,,
50 Libre,"GONZALEZ SANCHEZ, Miren",2012,CN Judizmendi,31.93,2026-01-17,4ª Jornada Federada,F,,,
50 Libre,"HERRERO ALONSO, Izaro",2012,CN Judizmendi,35.00,2026-01-17,4ª Jornada Federada,F,,,
50 Libre,"LLAMAS FERNANDEZ, Irati",2012,CN Judizmendi,34.15,2026-01-17,4ª Jornada Federada,F,,,
50 Libre,"LUCIA LIN, Xuyun",2011,CN Urgain,34.17,2026-01-17,4ª Jornada Federada,F,,,
50 Libre,"NUÑEZ ASPIAZU, Miren",2011,CN Zadorra,36.94,2026-01-17,4ª Jornada Federada,F,,,
50 Libre,"ORTIZ DE ZARATE VILLEN, Leizuri",2012,CN Menditxo,31.24,2026-01-17,4ª Jornada Federada,F,,,
50 Libre,"PINILLA SOLETO, Naia",2011,CN Menditxo,31.18,2026-01-17,4ª Jornada Federada,F,,,
50 Libre,"PULIDO CRESPO, Nahia",2011,CN Menditxo,32.10,2026-01-17,4ª Jornada Federada,F,,,
50 Libre,"RODRIGUEZ GUINEA, Ane",2011,CN Zadorra,37.13,2026-01-17,4ª Jornada Federada,F,,,
50 Libre,"SAEZ DE ASTEASU ALTZAGA, Maddi",2012,CN Urgain,,2026-01-17,4ª Jornada Federada,F,,DSQ,Salida Anticipada
50 Libre,"TABARES LERMA, Getari",2012,CN Zadorra,36.70,2026-01-17,4ª Jornada Federada,F,,,
50 Libre,"CARPIO RODRIGUEZ, Urko",2012,CN Judizmendi,33.67,2026-01-17,4ª Jornada Federada,M,,,
50 Libre,"ETXEBARRIA SAEZ DE UGARTE, Eneko",2011,CN Judizmendi,29.16,2026-01-17,4ª Jornada Federada,M,,,
50 Libre,"FDZ. DE RETANA GONZALEZ DE HEREDIA, Xabier",2011,CN Judizmendi,29.32,2026-01-17,4ª Jornada Federada,M,,,
50 Libre,"FERNANDEZ SAEZ, Martin",2011,CN Judizmendi,29.60,2026-01-17,4ª Jornada Federada,M,,,
50 Libre,"HERNANDEZ QUEREJAZU, John",2011,CN Menditxo,31.88,2026-01-17,4ª Jornada Federada,M,,,
50 Libre,"IBARRARAN RAMIREZ DE OCARIZ, Jon",2012,CN Judizmendi,29.57,2026-01-17,4ª Jornada Federada,M,,,
50 Libre,"MARTINEZ GARRIDO, Fermin",2011,CN Judizmendi,28.98,2026-01-17,4ª Jornada Federada,M,,,
50 Libre,"MARTINEZ MUZAS, Unax",2012,CN Judizmendi,33.88,2026-01-17,4ª Jornada Federada,M,,,
50 Libre,"MARTINEZ YOLDI, Gorka",2012,CN Judizmendi,32.57,2026-01-17,4ª Jornada Federada,M,,,
50 Libre,"PUERTAS RIVAS, Aratz",2011,CN Judizmendi,28.99,2026-01-17,4ª Jornada Federada,M,,,
50 Libre,"RAMIREZ DE OCARIZ VILOR, Markel",2012,CN Judizmendi,31.40,2026-01-17,4ª Jornada Federada,M,,,
50 Libre,"RODRIGUEZ BLANCO, Unax",2012,CN Judizmendi,34.54,2026-01-17,4ª Jornada Federada,M,,,
50 Libre,"ROS IRIARTE, Ekhi",2012,CN Urgain,32.87,2026-01-17,4ª Jornada Federada,M,,,
50 Libre,"UBIRIA APRAIZ, Julen",2012,CN Judizmendi,31.19,2026-01-17,4ª Jornada Federada,M,,,
50 Libre,"VARA DIAZ DE GARAYO, Aimar",2011,CN Menditxo,27.61,2026-01-17,4ª Jornada Federada,M,,,
100 Libre,"CARAZO ARISTIMUÑO, Nerea",2011,CN Zadorra,1:14.44,2026-01-17,4ª Jornada Federada,F,35.28;39.16,,
100 Libre,"FDZ. DE LABASTIDA DIAZ, Ainhize",2011,CN Menditxo,1:12.85,2026-01-17,4ª Jornada Federada,F,35.40;37.45,,
100 Libre,"GOMEZ MORAN, Naroa",2011,CN Urgain,1:11.91,2026-01-17,4ª Jornada Federada,F,35.49;36.42,,
100 Libre,"GOYARROLA ARTOLA, Ayala",2012,CN Judizmendi,1:09.14,2026-01-17,4ª Jornada Federada,F,33.64;35.50,,
100 Libre,"GUTIERREZ BERMUDEZ, Lucia",2011,CN Zadorra,1:18.96,2026-01-17,4ª Jornada Federada,F,37.37;41.59,,
100 Libre,"HERRANZ FDZ DE LANDA, Haizea",2011,CN Menditxo,1:08.35,2026-01-17,4ª Jornada Federada,F,33.61;34.74,,
100 Libre,"MARTINEZ ROJO, Leire",2012,CN Judizmendi,1:15.10,2026-01-17,4ª Jornada Federada,F,36.26;38.84,,
100 Libre,"MUÑOZ FELIPE, Oihane",2011,CN Menditxo,1:13.98,2026-01-17,4ª Jornada Federada,F,35.40;38.58,,
100 Libre,"NUÑEZ ASPIAZU, Miren",2011,CN Zadorra,1:22.07,2026-01-17,4ª Jornada Federada,F,38.20;43.87,,
100 Libre,"SAEZ DE ASTEASU ALTZAGA, Maddi",2012,CN Urgain,1:14.74,2026-01-17,4ª Jornada Federada,F,35.77;38.97,,
100 Libre,"MARTINEZ MUZAS, Unax",2012,CN Judizmendi,1:13.40,2026-01-17,4ª Jornada Federada,M,34.76;38.64,,
100 Libre,"PUERTAS RIVAS, Aratz",2011,CN Judizmendi,1:02.16,2026-01-17,4ª Jornada Federada,M,30.33;31.83,,
400 Libre,"ABAITUA PIPAON, Malen",2011,CN Judizmendi,4:53.28,2026-01-17,4ª Jornada Federada,F,33.80;37.36;37.50;37.66;36.51;36.94;36.64;36.87,,
400 Libre,"AGUIRREGOMEZCORTA ALIAS, Olatz",2011,CN Menditxo,6:18.10,2026-01-17,4ª Jornada Federada,F,40.33;46.46;47.43;47.63;49.15;49.05;49.24;48.81,,
400 Libre,"ALONSO GARCIA, Adriana",2012,CN Zadorra,6:04.55,2026-01-17,4ª Jornada Federada,F,40.32;44.77;45.88;46.32;46.38;47.11;47.22;46.55,,
400 Libre,"DURANA ANDA, Martina",2011,CN Judizmendi,5:06.68,2026-01-17,4ª Jornada Federada,F,36.11;38.85;38.73;39.30;38.93;39.41;38.78;36.57,,
400 Libre,"GONZALEZ ELIZBURU, Leire",2012,CN Judizmendi,5:37.77,2026-01-17,4ª Jornada Federada,F,37.58;42.40;44.05;43.82;43.96;44.96;42.06;38.94,,
400 Libre,"GONZALEZ SANCHEZ, Miren",2012,CN Judizmendi,5:35.87,2026-01-17,4ª Jornada Federada,F,37.57;42.94;44.17;44.79;43.64;41.96;39.03;41.77,,
400 Libre,"HERRERO ALONSO, Izaro",2012,CN Judizmendi,5:51.58,2026-01-17,4ª Jornada Federada,F,40.90;43.98;44.92;45.52;45.55;44.42;44.83;41.46,,
400 Libre,"LLAMAS FERNANDEZ, Irati",2012,CN Judizmendi,5:42.51,2026-01-17,4ª Jornada Federada,F,38.63;42.48;44.10;44.34;44.16;44.58;43.49;40.73,,
400 Libre,"MARTINEZ ESCOLAR, Ainhoa",2012,CN Zadorra,5:58.55,2026-01-17,4ª Jornada Federada,F,39.14;44.02;45.19;46.52;46.15;47.06;46.13;44.34,,
400 Libre,"RODRÍGUEZ LÓPEZ DE VICUÑA, Nora",2012,CN Judizmendi,5:25.71,2026-01-17,4ª Jornada Federada,F,36.04;39.93;41.37;42.23;42.35;41.91;42.01;39.87,,
400 Libre,"ARMIÑO CRUCELEGUI, Alex",2011,CN Judizmendi,5:05.98,2026-01-17,4ª Jornada Federada,M,32.92;37.29;39.36;39.39;39.63;40.74;39.03;37.62,,
400 Libre,"BASABEA OLABE, Ekain",2012,CN Judizmendi,5:26.82,2026-01-17,4ª Jornada Federada,M,35.64;40.96;40.70;41.26;42.56;42.26;42.23;41.21,,
400 Libre,"CARPIO RODRIGUEZ, Urko",2012,CN Judizmendi,5:36.87,2026-01-17,4ª Jornada Federada,M,36.74;42.19;42.83;43.12;43.28;43.55;43.03;42.13,,
400 Libre,"FERNANDEZ SAEZ, Martin",2011,CN Judizmendi,5:01.49,2026-01-17,4ª Jornada Federada,M,32.38;37.34;38.73;37.85;38.32;38.84;37.60;40.43,,
400 Libre,"HERNANDEZ QUEREJAZU, John",2011,CN Menditxo,5:46.50,2026-01-17,4ª Jornada Federada,M,37.36;42.95;44.24;44.34;46.53;44.54;44.00;42.54,,
400 Libre,"MARTINEZ GARRIDO, Fermin",2011,CN Judizmendi,5:28.21,2026-01-17,4ª Jornada Federada,M,34.38;38.25;40.09;41.85;43.08;43.07;44.23;43.26,,
400 Libre,"MARTINEZ YOLDI, Gorka",2012,CN Judizmendi,5:27.70,2026-01-17,4ª Jornada Federada,M,34.10;37.96;39.91;41.14;43.30;44.71;44.30;42.28,,
400 Libre,"MENDIA GAINZARAIN, Oihan",2011,CN Menditxo,4:53.80,2026-01-17,4ª Jornada Federada,M,31.19;36.41;37.89;38.77;38.93;38.49;37.69;34.43,,
400 Libre,"ORTEGA ARANGO, Ander",2012,CN Judizmendi,5:15.78,2026-01-17,4ª Jornada Federada,M,35.81;38.39;39.58;40.40;40.21;40.91;40.87;39.61,,
400 Libre,"RODRIGUEZ ZUBIAURRE, Luka",2012,CN Judizmendi,5:26.67,2026-01-17,4ª Jornada Federada,M,34.92;39.11;40.50;41.40;43.29;43.06;43.24;41.15,,
400 Libre,"ROS IRIARTE, Ekhi",2012,CN Urgain,6:04.72,2026-01-17,4ª Jornada Federada,M,39.70;44.80;45.60;46.88;47.30;47.90;48.80;43.74,,
400 Libre,"UBIRIA APRAIZ, Julen",2012,CN Judizmendi,5:10.95,2026-01-17,4ª Jornada Federada,M,34.94;37.77;39.17;40.14;39.66;40.60;39.68;38.99,,
50 Espalda,"GOYARROLA ARTOLA, Ayala",2012,CN Judizmendi,38.28,2026-01-17,4ª Jornada Federada,F,,,
50 Espalda,"GUTIERREZ BERMUDEZ, Lucia",2011,CN Zadorra,44.56,2026-01-17,4ª Jornada Federada,F,,,
50 Espalda,"MARTINEZ ROJO, Leire",2012,CN Judizmendi,38.19,2026-01-17,4ª Jornada Federada,F,,,
50 Espalda,"NUÑEZ ASPIAZU, Miren",2011,CN Zadorra,43.06,2026-01-17,4ª Jornada Federada,F,,,
50 Espalda,"RODRIGUEZ GUINEA, Ane",2011,CN Zadorra,49.56,2026-01-17,4ª Jornada Federada,F,,,
50 Espalda,"ANTON BELTRAN DE GUEVARA, Alex",2012,CN Judizmendi,34.82,2026-01-17,4ª Jornada Federada,M,,,
50 Espalda,"ORTEGA ENRIQUE, Yeray",2012,CN Menditxo,29.37,2026-01-17,4ª Jornada Federada,M,,,
200 Espalda,"AGUIRRE SANCHEZ, Eider",2011,CN Judizmendi,,2026-01-17,4ª Jornada Federada,F,,DSQ,Viraje Irregular
200 Espalda,"GOYARROLA ARTOLA, Ayala",2012,CN Judizmendi,2:55.07,2026-01-17,4ª Jornada Federada,F,41.58;45.24;44.77;43.48,,
200 Espalda,"ANTON BELTRAN DE GUEVARA, Alex",2012,CN Judizmendi,2:39.98,2026-01-17,4ª Jornada Federada,M,37.32;40.64;41.91;40.11,,
200 Espalda,"ORTEGA ENRIQUE, Yeray",2012,CN Menditxo,2:22.94,2026-01-17,4ª Jornada Federada,M,33.41;36.14;36.94;36.45,,
100 Braza,"ANGULO SANTAMARIA, Irune",2011,CN Menditxo,1:22.28,2026-01-17,4ª Jornada Federada,F,38.70;43.58,,
100 Braza,"GARAY SAENZ, Ixone",2011,CN Judizmendi,1:26.74,2026-01-17,4ª Jornada Federada,F,41.05;45.69,,
100 Braza,"GONZALEZ FERNANDEZ, Laia",2012,CN Judizmendi,1:30.50,2026-01-17,4ª Jornada Federada,F,43.43;47.07,,
100 Braza,"LUCIA LIN, Xuyun",2011,CN Urgain,1:38.38,2026-01-17,4ª Jornada Federada,F,45.48;52.90,,
100 Braza,"MARTINEZ ROJO, Leire",2012,CN Judizmendi,1:29.65,2026-01-17,4ª Jornada Federada,F,42.16;47.49,,
100 Braza,"MENDIBE SAN JUAN, Amaia",2011,CN Menditxo,1:38.53,2026-01-17,4ª Jornada Federada,F,46.55;51.98,,
100 Braza,"SAINZ MONGE, Idurre",2011,CN Menditxo,1:33.00,2026-01-17,4ª Jornada Federada,F,43.93;49.07,,
100 Braza,"ZUFIAUR GOMEZ, Maite",2011,CN Menditxo,1:27.01,2026-01-17,4ª Jornada Federada,F,41.25;45.76,,
100 Braza,"ETXEBARRIA SAEZ DE UGARTE, Eneko",2011,CN Judizmendi,1:21.67,2026-01-17,4ª Jornada Federada,M,39.23;42.44,,
100 Braza,"FDZ. DE RETANA GONZALEZ DE HEREDIA, Xabier",2011,CN Judizmendi,1:18.56,2026-01-17,4ª Jornada Federada,M,36.64;41.92,,
100 Braza,"IBARRARAN RAMIREZ DE OCARIZ, Jon",2012,CN Judizmendi,1:23.95,2026-01-17,4ª Jornada Federada,M,39.93;44.02,,
100 Braza,"PUERTAS RIVAS, Aratz",2011,CN Judizmendi,1:21.98,2026-01-17,4ª Jornada Federada,M,39.35;42.63,,
200 Braza,"RODRÍGUEZ LÓPEZ DE VICUÑA, Nora",2012,CN Judizmendi,3:15.11,2026-01-17,4ª Jornada Federada,F,45.09;50.52;50.19;49.31,,
200 Braza,"FDZ. DE RETANA GONZALEZ DE HEREDIA, Xabier",2011,CN Judizmendi,2:49.82,2026-01-17,4ª Jornada Federada,M,37.99;43.45;44.36;44.02,,
100 Mariposa,"GONZALEZ FERNANDEZ, Laia",2012,CN Judizmendi,1:15.91,2026-01-17,4ª Jornada Federada,F,35.50;40.41,,
100 Mariposa,"TABARES LERMA, Getari",2012,CN Zadorra,1:37.98,2026-01-17,4ª Jornada Federada,F,42.52;55.46,,
100 Mariposa,"ANTON BELTRAN DE GUEVARA, Alex",2012,CN Judizmendi,1:17.74,2026-01-17,4ª Jornada Federada,M,35.94;41.80,,
100 Mariposa,"ETXEBARRIA SAEZ DE UGARTE, Eneko",2011,CN Judizmendi,1:08.92,2026-01-17,4ª Jornada Federada,M,33.03;35.89,,
100 Mariposa,"IBARRARAN RAMIREZ DE OCARIZ, Jon",2012,CN Judizmendi,1:20.28,2026-01-17,4ª Jornada Federada,M,37.55;42.73,,
100 Mariposa,"LOPEZ DE MUNAIN SEDANO, Oier",2011,CN Menditxo,1:20.76,2026-01-17,4ª Jornada Federada,M,37.79;42.97,,
100 Mariposa,"RAMIREZ DE OCARIZ VILOR, Markel",2012,CN Judizmendi,1:38.96,2026-01-17,4ª Jornada Federada,M,41.46;57.50,,
100 Mariposa,"RODRIGUEZ BLANCO, Unax",2012,CN Judizmendi,1:22.69,2026-01-17,4ª Jornada Federada,M,38.99;43.70,,
200 Estilos,"AGUIRRE SANCHEZ, Eider",2011,CN Judizmendi,2:29.16,2026-01-17,4ª Jornada Federada,F,32.14;36.99;45.33;34.70,,
200 Estilos,"ANGULO SANTAMARIA, Irune",2011,CN Menditxo,2:50.73,2026-01-17,4ª Jornada Federada,F,36.59;46.95;47.01;40.18,,
200 Estilos,"DAQUANNO, Giorgia",2012,CN Menditxo,2:54.47,2026-01-17,4ª Jornada Federada,F,38.88;42.63;52.55;40.41,,
200 Estilos,"FDZ. DE LABASTIDA DIAZ, Ainhize",2011,CN Menditxo,2:52.96,2026-01-17,4ª Jornada Federada,F,38.49;43.00;51.02;40.45,,
200 Estilos,"FERNANDEZ CABRERA, Mara",2012,CN Menditxo,3:09.57,2026-01-17,4ª Jornada Federada,F,40.70;50.40;55.45;43.02,,
200 Estilos,"GARAY SAENZ, Ixone",2011,CN Judizmendi,2:41.22,2026-01-17,4ª Jornada Federada,F,34.96;40.26;48.36;37.64,,
200 Estilos,"GOMEZ MORAN, Naroa",2011,CN Urgain,3:04.00,2026-01-17,4ª Jornada Federada,F,41.95;45.51;53.50;43.04,,
200 Estilos,"HERRANZ FDZ DE LANDA, Haizea",2011,CN Menditxo,2:50.13,2026-01-17,4ª Jornada Federada,F,35.74;43.08;51.89;39.42,,
200 Estilos,"MARTINEZ ESCOLAR, Ainhoa",2012,CN Zadorra,3:08.23,2026-01-17,4ª Jornada Federada,F,44.40;46.38;51.69;45.76,,
200 Estilos,"MENDIBE SAN JUAN, Amaia",2011,CN Menditxo,,2026-01-17,4ª Jornada Federada,F,,DSQ,Nado Irregular
200 Estilos,"MUÑOZ FELIPE, Oihane",2011,CN Menditxo,2:56.33,2026-01-17,4ª Jornada Federada,F,36.73;44.46;53.33;41.81,,
200 Estilos,"ORTIZ DE ZARATE VILLEN, Leizuri",2012,CN Menditxo,2:56.12,2026-01-17,4ª Jornada Federada,F,41.22;43.86;53.04;38.00,,
200 Estilos,"PINILLA SOLETO, Naia",2011,CN Menditxo,2:55.77,2026-01-17,4ª Jornada Federada,F,38.89;45.74;50.28;40.86,,
200 Estilos,"PULIDO CRESPO, Nahia",2011,CN Menditxo,3:09.52,2026-01-17,4ª Jornada Federada,F,41.56;49.03;57.02;41.91,,
200 Estilos,"SAINZ MONGE, Idurre",2011,CN Menditxo,2:55.35,2026-01-17,4ª Jornada Federada,F,39.02;44.33;51.23;40.77,,
200 Estilos,"ZUFIAUR GOMEZ, Maite",2011,CN Menditxo,2:53.98,2026-01-17,4ª Jornada Federada,F,39.86;45.97;47.94;40.21,,
200 Estilos,"ARMIÑO CRUCELEGUI, Alex",2011,CN Judizmendi,2:39.97,2026-01-17,4ª Jornada Federada,M,35.00;40.99;46.80;37.18,,
200 Estilos,"BASABEA OLABE, Ekain",2012,CN Judizmendi,2:45.10,2026-01-17,4ª Jornada Federada,M,37.69;42.19;47.07;38.15,,
200 Estilos,"LOPEZ DE MUNAIN SEDANO, Oier",2011,CN Menditxo,2:46.99,2026-01-17,4ª Jornada Federada,M,35.32;42.22;50.98;38.47,,
200 Estilos,"MARTINEZ MUZAS, Unax",2012,CN Judizmendi,3:06.16,2026-01-17,4ª Jornada Federada,M,43.58;45.34;55.33;41.91,,
200 Estilos,"ORTEGA ARANGO, Ander",2012,CN Judizmendi,2:49.79,2026-01-17,4ª Jornada Federada,M,39.71;44.89;44.84;40.35,,
200 Estilos,"RAMIREZ DE OCARIZ VILOR, Markel",2012,CN Judizmendi,3:03.32,2026-01-17,4ª Jornada Federada,M,40.01;50.10;51.73;41.48,,
200 Estilos,"RODRIGUEZ BLANCO, Unax",2012,CN Judizmendi,3:01.22,2026-01-17,4ª Jornada Federada,M,39.85;44.46;54.48;42.43,,
200 Estilos,"RODRIGUEZ ZUBIAURRE, Luka",2012,CN Judizmendi,2:51.39,2026-01-17,4ª Jornada Federada,M,37.94;43.26;51.99;38.20,,
200 Estilos,"VARA DIAZ DE GARAYO, Aimar",2011,CN Menditxo,2:46.91,2026-01-17,4ª Jornada Federada,M,35.09;43.89;53.34;34.59,,
50 Libre,"DE LA TAJADA DIAZ, Irati",2012,CN Zadorra,1:04.08,2026-01-24,Cto Álava Invierno,F,,,
100 Libre,"DE LA TAJADA DIAZ, Irati",2012,CN Zadorra,2:23.70,2026-01-24,Cto Álava Invierno,F,1:08.46;1:15.24,,
50 Espalda,"DE LA TAJADA DIAZ, Irati",2012,CN Zadorra,1:01.46,2026-01-24,Cto Álava Invierno,F,,,
100 Espalda,"DE LA TAJADA DIAZ, Irati",2012,CN Zadorra,2:37.71,2026-01-24,Cto Álava Invierno,F,1:11.61;1:26.10,,
50 Libre,"ABAITUA PIPAON, Malen",2011,CN Judizmendi,30.95,2026-03-01,Cto Euskal Herria Invierno (50 m),F,,,
50 Libre,"AGUIRRE SANCHEZ, Eider",2011,CN Judizmendi,29.31,2026-03-01,Cto Euskal Herria Invierno (50 m),F,,,
50 Libre,"DAQUANNO, Giorgia",2012,CN Menditxo,32.17,2026-03-01,Cto Euskal Herria Invierno (50 m),F,,,
50 Libre,"FDZ. DE LABASTIDA DIAZ, Ainhize",2011,CN Menditxo,33.03,2026-03-01,Cto Euskal Herria Invierno (50 m),F,,,
50 Libre,"GARAY SAENZ, Ixone",2011,CN Judizmendi,29.81,2026-03-01,Cto Euskal Herria Invierno (50 m),F,,,
50 Libre,"GONZALEZ SANCHEZ, Miren",2012,CN Judizmendi,32.13,2026-03-01,Cto Euskal Herria Invierno (50 m),F,,,
50 Libre,"HERRANZ FDZ DE LANDA, Haizea",2011,CN Menditxo,31.41,2026-03-01,Cto Euskal Herria Invierno (50 m),F,,,
50 Libre,"MARTINEZ DE MURGUIA ALVAREZ, Izaro",2012,CN Judizmendi,34.76,2026-03-01,Cto Euskal Herria Invierno (50 m),F,,,
50 Libre,"MUÑOZ FELIPE, Oihane",2011,CN Menditxo,32.96,2026-03-01,Cto Euskal Herria Invierno (50 m),F,,,
50 Libre,"ORTIZ DE ZARATE VILLEN, Leizuri",2012,CN Menditxo,31.85,2026-03-01,Cto Euskal Herria Invierno (50 m),F,,,
50 Libre,"BASABEA OLABE, Ekain",2012,CN Judizmendi,31.93,2026-03-01,Cto Euskal Herria Invierno (50 m),M,,,
50 Libre,"ORTEGA ENRIQUE, Yeray",2012,CN Menditxo,27.17,2026-03-01,Cto Euskal Herria Invierno (50 m),M,,,
50 Libre,"UBIRIA APRAIZ, Julen",2012,CN Judizmendi,31.60,2026-03-01,Cto Euskal Herria Invierno (50 m),M,,,
50 Libre,"VARA DIAZ DE GARAYO, Aimar",2011,CN Menditxo,28.76,2026-03-01,Cto Euskal Herria Invierno (50 m),M,,,
100 Libre,"FDZ. DE LABASTIDA DIAZ, Ainhize",2011,CN Menditxo,1:12.12,2026-03-01,Cto Euskal Herria Invierno (50 m),F,34.33;37.79,,
100 Libre,"GARAY SAENZ, Ixone",2011,CN Judizmendi,1:04.89,2026-03-01,Cto Euskal Herria Invierno (50 m),F,31.48;33.41,,
100 Libre,"GONZALEZ ELIZBURU, Leire",2012,CN Judizmendi,1:11.81,2026-03-01,Cto Euskal Herria Invierno (50 m),F,,,
100 Libre,"GOYARROLA ARTOLA, Ayala",2012,CN Judizmendi,1:08.95,2026-03-01,Cto Euskal Herria Invierno (50 m),F,32.95;36.00,,
100 Libre,"ORTIZ DE ZARATE VILLEN, Leizuri",2012,CN Menditxo,1:10.97,2026-03-01,Cto Euskal Herria Invierno (50 m),F,33.86;37.11,,
100 Libre,"PINILLA SOLETO, Naia",2011,CN Menditxo,1:11.83,2026-03-01,Cto Euskal Herria Invierno (50 m),F,34.30;37.53,,
100 Libre,"RODRÍGUEZ LÓPEZ DE VICUÑA, Nora",2012,CN Judizmendi,1:10.67,2026-03-01,Cto Euskal Herria Invierno (50 m),F,33.60;37.07,,
100 Libre,"CORTINA FERNANDEZ DE LIGER, Xabier",2012,CN Judizmendi,1:03.24,2026-03-01,Cto Euskal Herria Invierno (50 m),M,30.81;32.43,,
100 Libre,"RODRIGUEZ ZUBIAURRE, Luka",2012,CN Judizmendi,1:08.04,2026-03-01,Cto Euskal Herria Invierno (50 m),M,,,
100 Libre,"UBIRIA APRAIZ, Julen",2012,CN Judizmendi,1:09.44,2026-03-01,Cto Euskal Herria Invierno (50 m),M,33.29;36.15,,
100 Libre,"VARA DIAZ DE GARAYO, Aimar",2011,CN Menditxo,1:03.42,2026-03-01,Cto Euskal Herria Invierno (50 m),M,31.46;31.96,,
200 Libre,"AGUIRRE SANCHEZ, Eider",2011,CN Judizmendi,2:17.62,2026-03-01,Cto Euskal Herria Invierno (50 m),F,;1:07.53;;1:10.09,,
200 Libre,"FDZ. DE LABASTIDA DIAZ, Ainhize",2011,CN Menditxo,2:45.11,2026-03-01,Cto Euskal Herria Invierno (50 m),F,37.05;42.60;43.54;41.92,,
200 Libre,"GONZALEZ SANCHEZ, Miren",2012,CN Judizmendi,2:41.06,2026-03-01,Cto Euskal Herria Invierno (50 m),F,37.58;41.22;42.39;39.87,,
200 Libre,"HERRANZ FDZ DE LANDA, Haizea",2011,CN Menditxo,2:32.15,2026-03-01,Cto Euskal Herria Invierno (50 m),F,35.07;38.87;39.75;38.46,,
200 Libre,"ORTIZ DE ZARATE VILLEN, Leizuri",2012,CN Menditxo,2:35.42,2026-03-01,Cto Euskal Herria Invierno (50 m),F,34.61;40.05;41.40;39.36,,
200 Libre,"SAINZ MONGE, Idurre",2011,CN Menditxo,2:42.79,2026-03-01,Cto Euskal Herria Invierno (50 m),F,;1:18.49;;1:24.30,,
200 Libre,"VARA DIAZ DE GARAYO, Aimar",2011,CN Menditxo,2:24.65,2026-03-01,Cto Euskal Herria Invierno (50 m),M,31.52;37.21;38.09;37.83,,
400 Libre,"GARAY SAENZ, Ixone",2011,CN Judizmendi,5:02.80,2026-03-01,Cto Euskal Herria Invierno (50 m),F,35.51;38.36;38.83;38.35;38.39;38.47;38.04;36.85,,
400 Libre,"GOYARROLA ARTOLA, Ayala",2012,CN Judizmendi,5:13.23,2026-03-01,Cto Euskal Herria Invierno (50 m),F,35.76;39.27;40.08;39.85;40.57;40.48;40.17;37.05,,
400 Libre,"RODRÍGUEZ LÓPEZ DE VICUÑA, Nora",2012,CN Judizmendi,5:25.52,2026-03-01,Cto Euskal Herria Invierno (50 m),F,36.20;40.55;41.04;42.41;41.79;43.17;41.21;39.15,,
400 Libre,"ANTON BELTRAN DE GUEVARA, Alex",2012,CN Judizmendi,5:08.86,2026-03-01,Cto Euskal Herria Invierno (50 m),M,34.41;38.72;39.71;39.80;39.60;39.84;38.95;37.83,,
400 Libre,"ARMIÑO CRUCELEGUI, Alex",2011,CN Judizmendi,5:01.22,2026-03-01,Cto Euskal Herria Invierno (50 m),M,32.72;37.00;38.64;39.61;38.74;38.88;39.74;35.89,,
400 Libre,"MENDIA GAINZARAIN, Oihan",2011,CN Menditxo,4:56.41,2026-03-01,Cto Euskal Herria Invierno (50 m),M,;1:10.70;;1:15.44;;1:16.41;;1:13.86,,
400 Libre,"PUERTAS RIVAS, Aratz",2011,CN Judizmendi,4:50.24,2026-03-01,Cto Euskal Herria Invierno (50 m),M,;1:06.89;;1:14.05;;1:15.46;;1:13.84,,
400 Libre,"RODRIGUEZ ZUBIAURRE, Luka",2012,CN Judizmendi,5:18.87,2026-03-01,Cto Euskal Herria Invierno (50 m),M,35.25;39.50;40.82;41.42;41.12;41.16;40.16;39.44,,
400 Libre,"UBIRIA APRAIZ, Julen",2012,CN Judizmendi,5:14.66,2026-03-01,Cto Euskal Herria Invierno (50 m),M,34.98;38.08;40.35;40.87;40.39;40.66;40.62;38.71,,
400 Libre,"VARA DIAZ DE GARAYO, Aimar",2011,CN Menditxo,5:06.04,2026-03-01,Cto Euskal Herria Invierno (50 m),M,34.46;39.22;39.54;40.33;39.62;40.35;36.65;35.87,,
800 Libre,"GARAY SAENZ, Ixone",2011,CN Judizmendi,10:21.24,2026-03-01,Cto Euskal Herria Invierno (50 m),F,35.23;38.28;39.08;39.49;39.31;39.76;39.36;39.11;38.65;38.94;39.16;39.55;39.28;39.47;38.74;37.83,,
800 Libre,"GOYARROLA ARTOLA, Ayala",2012,CN Judizmendi,10:44.30,2026-03-01,Cto Euskal Herria Invierno (50 m),F,;1:16.91;;1:21.01;;1:20.67;;1:21.05;;1:21.72;;1:21.62;;1:21.59;;1:19.73,,
800 Libre,"MUÑOZ FELIPE, Oihane",2011,CN Menditxo,11:19.77,2026-03-01,Cto Euskal Herria Invierno (50 m),F,38.21;41.78;42.98;42.73;42.82;42.93;43.26;42.97;43.26;42.46;42.81;42.56;43.08;43.34;42.39;42.19,,
800 Libre,"RODRÍGUEZ LÓPEZ DE VICUÑA, Nora",2012,CN Judizmendi,11:15.05,2026-03-01,Cto Euskal Herria Invierno (50 m),F,37.36;41.78;42.84;42.37;43.08;42.76;42.82;42.35;43.07;42.34;43.61;42.72;43.44;42.25;41.95;40.31,,
800 Libre,"FDZ. DE RETANA GONZALEZ DE HEREDIA, Xabier",2011,CN Judizmendi,9:44.79,2026-03-01,Cto Euskal Herria Invierno (50 m),M,;1:08.60;;1:13.90;;1:14.00;;1:15.05;;1:14.21;;1:14.02;;1:13.72;;1:11.29,,
800 Libre,"UBIRIA APRAIZ, Julen",2012,CN Judizmendi,10:55.93,2026-03-01,Cto Euskal Herria Invierno (50 m),M,,,
1500 Libre,"GOYARROLA ARTOLA, Ayala",2012,CN Judizmendi,20:41.12,2026-03-01,Cto Euskal Herria Invierno (50 m),F,;1:17.09;;1:22.24;;1:22.80;;1:23.07;;1:23.05;;1:23.17;;1:23.24;;1:23.19;;1:23.70;;1:23.66;;1:23.15;;1:24.07;;1:24.17;;1:23.50;;1:21.02,,
1500 Libre,"FDZ. DE RETANA GONZALEZ DE HEREDIA, Xabier",2011,CN Judizmendi,18:49.17,2026-03-01,Cto Euskal Herria Invierno (50 m),M,33.52;36.95;37.79;37.35;37.63;37.61;37.90;37.32;37.45;37.81;37.99;37.47;38.11;38.21;38.38;37.96;38.23;37.91;38.17;38.07;38.18;37.42;38.02;37.71;37.80;38.14;38.40;37.29;37.65;36.73,,
1500 Libre,"MENDIA GAINZARAIN, Oihan",2011,CN Menditxo,20:00.34,2026-03-01,Cto Euskal Herria Invierno (50 m),M,34.49;39.36;40.47;39.84;40.31;39.96;39.96;40.43;40.41;41.39;40.10;41.34;40.36;40.91;40.27;40.88;40.36;40.95;40.67;40.79;40.56;40.19;40.14;41.35;40.07;39.98;38.17;38.83;38.87;38.93,,
50 Espalda,"ABAITUA PIPAON, Malen",2011,CN Judizmendi,34.40,2026-03-01,Cto Euskal Herria Invierno (50 m),F,,,
50 Espalda,"DAQUANNO, Giorgia",2012,CN Menditxo,36.79,2026-03-01,Cto Euskal Herria Invierno (50 m),F,,,
50 Espalda,"HERRANZ FDZ DE LANDA, Haizea",2011,CN Menditxo,37.09,2026-03-01,Cto Euskal Herria Invierno (50 m),F,,,
50 Espalda,"MUÑOZ FELIPE, Oihane",2011,CN Menditxo,37.10,2026-03-01,Cto Euskal Herria Invierno (50 m),F,,,
50 Espalda,"ANTON BELTRAN DE GUEVARA, Alex",2012,CN Judizmendi,33.91,2026-03-01,Cto Euskal Herria Invierno (50 m),M,,,
50 Espalda,"ARMIÑO CRUCELEGUI, Alex",2011,CN Judizmendi,36.56,2026-03-01,Cto Euskal Herria Invierno (50 m),M,,,
50 Espalda,"BASABEA OLABE, Ekain",2012,CN Judizmendi,36.54,2026-03-01,Cto Euskal Herria Invierno (50 m),M,,,
50 Espalda,"IBARRARAN RAMIREZ DE OCARIZ, Jon",2012,CN Judizmendi,35.63,2026-03-01,Cto Euskal Herria Invierno (50 m),M,,,
50 Espalda,"ORTEGA ENRIQUE, Yeray",2012,CN Menditxo,30.99,2026-03-01,Cto Euskal Herria Invierno (50 m),M,,,
50 Espalda,"PUERTAS RIVAS, Aratz",2011,CN Judizmendi,32.93,2026-03-01,Cto Euskal Herria Invierno (50 m),M,,,
50 Espalda,"RODRIGUEZ ZUBIAURRE, Luka",2012,CN Judizmendi,38.27,2026-03-01,Cto Euskal Herria Invierno (50 m),M,,,
100 Espalda,"ABAITUA PIPAON, Malen",2011,CN Judizmendi,1:15.31,2026-03-01,Cto Euskal Herria Invierno (50 m),F,34.82;40.49,,
100 Espalda,"ZUFIAUR GOMEZ, Maite",2011,CN Menditxo,1:26.53,2026-03-01,Cto Euskal Herria Invierno (50 m),F,43.08;43.45,,
100 Espalda,"ARMIÑO CRUCELEGUI, Alex",2011,CN Judizmendi,1:17.15,2026-03-01,Cto Euskal Herria Invierno (50 m),M,37.67;39.48,,
100 Espalda,"ORTEGA ENRIQUE, Yeray",2012,CN Menditxo,1:05.40,2026-03-01,Cto Euskal Herria Invierno (50 m),M,31.88;33.52,,
100 Espalda,"PUERTAS RIVAS, Aratz",2011,CN Judizmendi,1:10.70,2026-03-01,Cto Euskal Herria Invierno (50 m),M,34.16;36.54,,
200 Espalda,"ABAITUA PIPAON, Malen",2011,CN Judizmendi,2:38.80,2026-03-01,Cto Euskal Herria Invierno (50 m),F,;1:16.59;;1:22.21,,
200 Espalda,"DAQUANNO, Giorgia",2012,CN Menditxo,2:51.97,2026-03-01,Cto Euskal Herria Invierno (50 m),F,39.07;42.57;44.91;45.42,,
200 Espalda,"ANTON BELTRAN DE GUEVARA, Alex",2012,CN Judizmendi,2:39.95,2026-03-01,Cto Euskal Herria Invierno (50 m),M,36.49;41.08;41.80;40.58,,
200 Espalda,"IBARRARAN RAMIREZ DE OCARIZ, Jon",2012,CN Judizmendi,2:46.66,2026-03-01,Cto Euskal Herria Invierno (50 m),M,37.41;42.04;43.49;43.72,,
200 Espalda,"ORTEGA ENRIQUE, Yeray",2012,CN Menditxo,2:23.92,2026-03-01,Cto Euskal Herria Invierno (50 m),M,33.74;36.23;37.18;36.77,,
200 Espalda,"PUERTAS RIVAS, Aratz",2011,CN Judizmendi,2:29.32,2026-03-01,Cto Euskal Herria Invierno (50 m),M,34.86;37.76;39.14;37.56,,
50 Braza,"ANGULO SANTAMARIA, Irune",2011,CN Menditxo,39.11,2026-03-01,Cto Euskal Herria Invierno (50 m),F,,,
50 Braza,"DURANA ANDA, Martina",2011,CN Judizmendi,40.26,2026-03-01,Cto Euskal Herria Invierno (50 m),F,,,
50 Braza,"GONZALEZ ELIZBURU, Leire",2012,CN Judizmendi,40.57,2026-03-01,Cto Euskal Herria Invierno (50 m),F,,,
50 Braza,"MARTINEZ DE MURGUIA ALVAREZ, Izaro",2012,CN Judizmendi,45.90,2026-03-01,Cto Euskal Herria Invierno (50 m),F,,,
50 Braza,"MARTINEZ ROJO, Leire",2012,CN Judizmendi,41.10,2026-03-01,Cto Euskal Herria Invierno (50 m),F,,,
50 Braza,"PINILLA SOLETO, Naia",2011,CN Menditxo,40.57,2026-03-01,Cto Euskal Herria Invierno (50 m),F,,,
50 Braza,"ZUFIAUR GOMEZ, Maite",2011,CN Menditxo,41.17,2026-03-01,Cto Euskal Herria Invierno (50 m),F,,,
50 Braza,"ETXEBARRIA SAEZ DE UGARTE, Eneko",2011,CN Judizmendi,38.94,2026-03-01,Cto Euskal Herria Invierno (50 m),M,,,
50 Braza,"IBARRARAN RAMIREZ DE OCARIZ, Jon",2012,CN Judizmendi,38.67,2026-03-01,Cto Euskal Herria Invierno (50 m),M,,,
50 Braza,"ORTEGA ARANGO, Ander",2012,CN Judizmendi,39.30,2026-03-01,Cto Euskal Herria Invierno (50 m),M,,,
100 Braza,"ANGULO SANTAMARIA, Irune",2011,CN Menditxo,1:27.08,2026-03-01,Cto Euskal Herria Invierno (50 m),F,40.47;46.61,,
100 Braza,"DURANA ANDA, Martina",2011,CN Judizmendi,1:29.70,2026-03-01,Cto Euskal Herria Invierno (50 m),F,42.56;47.14,,
100 Braza,"GONZALEZ ELIZBURU, Leire",2012,CN Judizmendi,1:27.83,2026-03-01,Cto Euskal Herria Invierno (50 m),F,41.41;46.42,,
100 Braza,"MARTINEZ ROJO, Leire",2012,CN Judizmendi,1:27.98,2026-03-01,Cto Euskal Herria Invierno (50 m),F,41.29;46.69,,
100 Braza,"PINILLA SOLETO, Naia",2011,CN Menditxo,1:29.96,2026-03-01,Cto Euskal Herria Invierno (50 m),F,42.04;47.92,,
100 Braza,"RODRÍGUEZ LÓPEZ DE VICUÑA, Nora",2012,CN Judizmendi,1:30.84,2026-03-01,Cto Euskal Herria Invierno (50 m),F,42.52;48.32,,
100 Braza,"SAINZ MONGE, Idurre",2011,CN Menditxo,1:36.84,2026-03-01,Cto Euskal Herria Invierno (50 m),F,44.98;51.86,,
100 Braza,"FDZ. DE RETANA GONZALEZ DE HEREDIA, Xabier",2011,CN Judizmendi,1:22.29,2026-03-01,Cto Euskal Herria Invierno (50 m),M,38.13;44.16,,
100 Braza,"IBARRARAN RAMIREZ DE OCARIZ, Jon",2012,CN Judizmendi,1:26.50,2026-03-01,Cto Euskal Herria Invierno (50 m),M,40.56;45.94,,
100 Braza,"ORTEGA ARANGO, Ander",2012,CN Judizmendi,1:24.73,2026-03-01,Cto Euskal Herria Invierno (50 m),M,39.88;44.85,,
200 Braza,"ANGULO SANTAMARIA, Irune",2011,CN Menditxo,3:11.06,2026-03-01,Cto Euskal Herria Invierno (50 m),F,43.17;49.67;49.69;48.53,,
200 Braza,"DURANA ANDA, Martina",2011,CN Judizmendi,3:14.96,2026-03-01,Cto Euskal Herria Invierno (50 m),F,44.87;50.30;49.53;50.26,,
200 Braza,"GONZALEZ ELIZBURU, Leire",2012,CN Judizmendi,3:14.14,2026-03-01,Cto Euskal Herria Invierno (50 m),F,45.16;49.61;50.50;48.87,,
200 Braza,"MARTINEZ ROJO, Leire",2012,CN Judizmendi,3:09.71,2026-03-01,Cto Euskal Herria Invierno (50 m),F,43.05;47.99;49.60;49.07,,
200 Braza,"PINILLA SOLETO, Naia",2011,CN Menditxo,3:15.89,2026-03-01,Cto Euskal Herria Invierno (50 m),F,;1:34.08;;1:41.81,,
200 Braza,"SAINZ MONGE, Idurre",2011,CN Menditxo,3:30.40,2026-03-01,Cto Euskal Herria Invierno (50 m),F,47.06;53.96;54.99;54.39,,
200 Braza,"FDZ. DE RETANA GONZALEZ DE HEREDIA, Xabier",2011,CN Judizmendi,2:57.61,2026-03-01,Cto Euskal Herria Invierno (50 m),M,40.31;45.77;46.79;44.74,,
200 Braza,"ORTEGA ARANGO, Ander",2012,CN Judizmendi,2:57.49,2026-03-01,Cto Euskal Herria Invierno (50 m),M,40.60;45.79;45.28;45.82,,
50 Mariposa,"AGUIRRE SANCHEZ, Eider",2011,CN Judizmendi,29.31,2026-03-01,Cto Euskal Herria Invierno (50 m),F,,,
50 Mariposa,"ANGULO SANTAMARIA, Irune",2011,CN Menditxo,35.60,2026-03-01,Cto Euskal Herria Invierno (50 m),F,,,
50 Mariposa,"GONZALEZ FERNANDEZ, Laia",2012,CN Judizmendi,33.04,2026-03-01,Cto Euskal Herria Invierno (50 m),F,,,
50 Mariposa,"GONZALEZ SANCHEZ, Miren",2012,CN Judizmendi,37.98,2026-03-01,Cto Euskal Herria Invierno (50 m),F,,,
50 Mariposa,"HERRANZ FDZ DE LANDA, Haizea",2011,CN Menditxo,32.87,2026-03-01,Cto Euskal Herria Invierno (50 m),F,,,
50 Mariposa,"MARTINEZ ROJO, Leire",2012,CN Judizmendi,38.45,2026-03-01,Cto Euskal Herria Invierno (50 m),F,,,
50 Mariposa,"MUÑOZ FELIPE, Oihane",2011,CN Menditxo,34.79,2026-03-01,Cto Euskal Herria Invierno (50 m),F,,,
50 Mariposa,"ORTIZ DE ZARATE VILLEN, Leizuri",2012,CN Menditxo,36.33,2026-03-01,Cto Euskal Herria Invierno (50 m),F,,,
50 Mariposa,"SAINZ MONGE, Idurre",2011,CN Menditxo,37.06,2026-03-01,Cto Euskal Herria Invierno (50 m),F,,,
50 Mariposa,"ZUFIAUR GOMEZ, Maite",2011,CN Menditxo,37.49,2026-03-01,Cto Euskal Herria Invierno (50 m),F,,,
50 Mariposa,"BASABEA OLABE, Ekain",2012,CN Judizmendi,33.80,2026-03-01,Cto Euskal Herria Invierno (50 m),M,,,
50 Mariposa,"CORTINA FERNANDEZ DE LIGER, Xabier",2012,CN Judizmendi,30.21,2026-03-01,Cto Euskal Herria Invierno (50 m),M,,,
50 Mariposa,"ETXEBARRIA SAEZ DE UGARTE, Eneko",2011,CN Judizmendi,31.14,2026-03-01,Cto Euskal Herria Invierno (50 m),M,,,
50 Mariposa,"MENDIA GAINZARAIN, Oihan",2011,CN Menditxo,31.56,2026-03-01,Cto Euskal Herria Invierno (50 m),M,,,
100 Mariposa,"AGUIRRE SANCHEZ, Eider",2011,CN Judizmendi,1:07.33,2026-03-01,Cto Euskal Herria Invierno (50 m),F,,,
100 Mariposa,"FDZ. DE LABASTIDA DIAZ, Ainhize",2011,CN Menditxo,1:27.14,2026-03-01,Cto Euskal Herria Invierno (50 m),F,40.81;46.33,,
100 Mariposa,"GONZALEZ FERNANDEZ, Laia",2012,CN Judizmendi,1:18.02,2026-03-01,Cto Euskal Herria Invierno (50 m),F,36.89;41.13,,
100 Mariposa,"CORTINA FERNANDEZ DE LIGER, Xabier",2012,CN Judizmendi,1:10.34,2026-03-01,Cto Euskal Herria Invierno (50 m),M,,,
100 Mariposa,"ETXEBARRIA SAEZ DE UGARTE, Eneko",2011,CN Judizmendi,1:09.78,2026-03-01,Cto Euskal Herria Invierno (50 m),M,,,
200 Mariposa,"GONZALEZ FERNANDEZ, Laia",2012,CN Judizmendi,3:08.03,2026-03-01,Cto Euskal Herria Invierno (50 m),F,41.06;48.24;51.14;47.59,,
200 Mariposa,"CORTINA FERNANDEZ DE LIGER, Xabier",2012,CN Judizmendi,2:48.22,2026-03-01,Cto Euskal Herria Invierno (50 m),M,36.19;42.03;44.72;45.28,,
200 Mariposa,"ETXEBARRIA SAEZ DE UGARTE, Eneko",2011,CN Judizmendi,2:43.44,2026-03-01,Cto Euskal Herria Invierno (50 m),M,;1:19.15;;1:24.29,,
200 Estilos,"DAQUANNO, Giorgia",2012,CN Menditxo,2:59.20,2026-03-01,Cto Euskal Herria Invierno (50 m),F,38.91;43.73;54.45;42.11,,
200 Estilos,"GONZALEZ FERNANDEZ, Laia",2012,CN Judizmendi,,2026-03-01,Cto Euskal Herria Invierno (50 m),F,,DSQ,
200 Estilos,"MARTINEZ DE MURGUIA ALVAREZ, Izaro",2012,CN Judizmendi,3:01.78,2026-03-01,Cto Euskal Herria Invierno (50 m),F,40.18;47.15;53.11;41.34,,
200 Estilos,"ARMIÑO CRUCELEGUI, Alex",2011,CN Judizmendi,2:43.29,2026-03-01,Cto Euskal Herria Invierno (50 m),M,;1:17.72;;1:25.57,,
200 Estilos,"ORTEGA ARANGO, Ander",2012,CN Judizmendi,,2026-03-01,Cto Euskal Herria Invierno (50 m),M,,DSQ,
200 Estilos,"RODRIGUEZ ZUBIAURRE, Luka",2012,CN Judizmendi,2:50.45,2026-03-01,Cto Euskal Herria Invierno (50 m),M,39.54;43.09;52.16;35.66,,
400 Estilos,"DURANA ANDA, Martina",2011,CN Judizmendi,5:55.73,2026-03-01,Cto Euskal Herria Invierno (50 m),F,37.79;43.87;46.03;43.98;52.67;52.52;40.34;38.53,,
400 Estilos,"ANTON BELTRAN DE GUEVARA, Alex",2012,CN Judizmendi,5:53.96,2026-03-01,Cto Euskal Herria Invierno (50 m),M,;1:23.86;;1:28.01;;1:44.54;;1:17.55,,
400 Estilos,"BASABEA OLABE, Ekain",2012,CN Judizmendi,6:14.20,2026-03-01,Cto Euskal Herria Invierno (50 m),M,40.20;48.61;49.04;46.79;52.07;52.20;44.50;40.79,,
400 Estilos,"MENDIA GAINZARAIN, Oihan",2011,CN Menditxo,5:45.22,2026-03-01,Cto Euskal Herria Invierno (50 m),M,35.19;41.68;45.00;43.64;50.09;52.36;38.68;38.58,,
50 Libre,"FERNANDEZ CABRERA, Mara",2012,CN Menditxo,33.06,2026-03-07,36 Trofeo IT Laudio,F,,,
50 Libre,"GUTIERREZ BERMUDEZ, Lucia",2011,CN Zadorra,35.84,2026-03-07,36 Trofeo IT Laudio,F,,,
50 Libre,"LLAMAS FERNANDEZ, Irati",2012,CN Judizmendi,32.95,2026-03-07,36 Trofeo IT Laudio,F,,,
50 Libre,"NUÑEZ ASPIAZU, Miren",2011,CN Zadorra,37.15,2026-03-07,36 Trofeo IT Laudio,F,,,
50 Libre,"ORTIZ DE ZARATE VILLEN, Leizuri",2012,CN Menditxo,31.76,2026-03-07,36 Trofeo IT Laudio,F,,,
50 Libre,"SAINZ MONGE, Idurre",2011,CN Menditxo,35.21,2026-03-07,36 Trofeo IT Laudio,F,,,
50 Libre,"HERNANDEZ QUEREJAZU, John",2011,CN Menditxo,30.87,2026-03-07,36 Trofeo IT Laudio,M,,,
50 Libre,"RODRIGUEZ BLANCO, Unax",2012,CN Judizmendi,34.15,2026-03-07,36 Trofeo IT Laudio,M,,,
50 Libre,"VARA DIAZ DE GARAYO, Aimar",2011,CN Menditxo,27.94,2026-03-07,36 Trofeo IT Laudio,M,,,
100 Libre,"ALONSO GARCIA, Adriana",2012,CN Zadorra,1:20.62,2026-03-07,36 Trofeo IT Laudio,F,38.87;41.75,,
100 Libre,"CARAZO ARISTIMUÑO, Nerea",2011,CN Zadorra,1:13.69,2026-03-07,36 Trofeo IT Laudio,F,35.31;38.38,,
100 Libre,"DE LA TAJADA DIAZ, Irati",2012,CN Zadorra,2:14.12,2026-03-07,36 Trofeo IT Laudio,F,1:01.41;1:12.71,,
100 Libre,"FDZ. DE LABASTIDA DIAZ, Ainhize",2011,CN Menditxo,1:11.08,2026-03-07,36 Trofeo IT Laudio,F,34.31;36.77,,
100 Libre,"HERRERO ALONSO, Izaro",2012,CN Judizmendi,1:15.99,2026-03-07,36 Trofeo IT Laudio,F,36.88;39.11,,
100 Libre,"MARTINEZ ESCOLAR, Ainhoa",2012,CN Zadorra,1:15.55,2026-03-07,36 Trofeo IT Laudio,F,37.18;38.37,,
100 Libre,"MENDIBE SAN JUAN, Amaia",2011,CN Menditxo,1:17.63,2026-03-07,36 Trofeo IT Laudio,F,36.48;41.15,,
100 Libre,"PINILLA SOLETO, Naia",2011,CN Menditxo,1:09.45,2026-03-07,36 Trofeo IT Laudio,F,33.13;36.32,,
100 Libre,"PULIDO CRESPO, Nahia",2011,CN Menditxo,1:10.62,2026-03-07,36 Trofeo IT Laudio,F,33.97;36.65,,
100 Libre,"RODRIGUEZ GUINEA, Ane",2011,CN Zadorra,1:27.46,2026-03-07,36 Trofeo IT Laudio,F,41.04;46.42,,
100 Libre,"SAEZ DE ASTEASU ALTZAGA, Maddi",2012,CN Urgain,1:14.13,2026-03-07,36 Trofeo IT Laudio,F,35.77;38.36,,
100 Libre,"FERNANDEZ SAEZ, Martin",2011,CN Judizmendi,1:04.55,2026-03-07,36 Trofeo IT Laudio,M,31.03;33.52,,
100 Libre,"MARTINEZ MUZAS, Unax",2012,CN Judizmendi,1:12.31,2026-03-07,36 Trofeo IT Laudio,M,33.82;38.49,,
100 Libre,"MARTINEZ YOLDI, Gorka",2012,CN Judizmendi,1:08.77,2026-03-07,36 Trofeo IT Laudio,M,32.80;35.97,,
100 Libre,"MENDIA GAINZARAIN, Oihan",2011,CN Menditxo,1:03.03,2026-03-07,36 Trofeo IT Laudio,M,30.52;32.51,,
100 Libre,"REBEJA CRACIUN, Erik Daniel",2012,CI Laudio,1:22.09,2026-03-07,36 Trofeo IT Laudio,M,38.76;43.33,,
100 Libre,"ROS IRIARTE, Ekhi",2012,CN Urgain,1:12.97,2026-03-07,36 Trofeo IT Laudio,M,34.10;38.87,,
50 Espalda,"ALONSO GARCIA, Adriana",2012,CN Zadorra,43.39,2026-03-07,36 Trofeo IT Laudio,F,,,
50 Espalda,"DE LA TAJADA DIAZ, Irati",2012,CN Zadorra,1:05.61,2026-03-07,36 Trofeo IT Laudio,F,,,
50 Espalda,"NUÑEZ ASPIAZU, Miren",2011,CN Zadorra,42.50,2026-03-07,36 Trofeo IT Laudio,F,,,
50 Espalda,"PINILLA SOLETO, Naia",2011,CN Menditxo,,2026-03-07,36 Trofeo IT Laudio,F,,DSQ,Viraje Irregular
50 Espalda,"LOPEZ DE MUNAIN SEDANO, Oier",2011,CN Menditxo,,2026-03-07,36 Trofeo IT Laudio,M,,DSQ,Viraje Irregular
50 Espalda,"MARTINEZ YOLDI, Gorka",2012,CN Judizmendi,38.21,2026-03-07,36 Trofeo IT Laudio,M,,,
100 Espalda,"DAQUANNO, Giorgia",2012,CN Menditxo,1:19.03,2026-03-07,36 Trofeo IT Laudio,F,38.38;40.65,,
100 Espalda,"GUTIERREZ BERMUDEZ, Lucia",2011,CN Zadorra,1:32.20,2026-03-07,36 Trofeo IT Laudio,F,45.09;47.11,,
100 Espalda,"HERRANZ FDZ DE LANDA, Haizea",2011,CN Menditxo,1:21.86,2026-03-07,36 Trofeo IT Laudio,F,39.62;42.24,,
100 Espalda,"HERRERO ALONSO, Izaro",2012,CN Judizmendi,1:26.78,2026-03-07,36 Trofeo IT Laudio,F,42.07;44.71,,
100 Espalda,"LLAMAS FERNANDEZ, Irati",2012,CN Judizmendi,1:23.96,2026-03-07,36 Trofeo IT Laudio,F,40.32;43.64,,
100 Espalda,"SAINZ MONGE, Idurre",2011,CN Menditxo,1:28.24,2026-03-07,36 Trofeo IT Laudio,F,41.53;46.71,,
100 Espalda,"ZUFIAUR GOMEZ, Maite",2011,CN Menditxo,1:24.81,2026-03-07,36 Trofeo IT Laudio,F,42.09;42.72,,
100 Espalda,"MARTINEZ MUZAS, Unax",2012,CN Judizmendi,1:24.37,2026-03-07,36 Trofeo IT Laudio,M,40.57;43.80,,
100 Espalda,"REBEJA CRACIUN, Erik Daniel",2012,CI Laudio,1:35.23,2026-03-07,36 Trofeo IT Laudio,M,44.66;50.57,,
50 Braza,"DAQUANNO, Giorgia",2012,CN Menditxo,44.24,2026-03-07,36 Trofeo IT Laudio,F,,,
50 Braza,"GOMEZ MORAN, Naroa",2011,CN Urgain,41.35,2026-03-07,36 Trofeo IT Laudio,F,,,
50 Braza,"HERRANZ FDZ DE LANDA, Haizea",2011,CN Menditxo,42.15,2026-03-07,36 Trofeo IT Laudio,F,,,
50 Braza,"MUÑOZ FELIPE, Oihane",2011,CN Menditxo,45.53,2026-03-07,36 Trofeo IT Laudio,F,,,
50 Braza,"NUÑEZ ASPIAZU, Miren",2011,CN Zadorra,45.71,2026-03-07,36 Trofeo IT Laudio,F,,,
50 Braza,"SAEZ DE ASTEASU ALTZAGA, Maddi",2012,CN Urgain,45.24,2026-03-07,36 Trofeo IT Laudio,F,,,
50 Braza,"ZUFIAUR GOMEZ, Maite",2011,CN Menditxo,40.86,2026-03-07,36 Trofeo IT Laudio,F,,,
50 Braza,"REBEJA CRACIUN, Erik Daniel",2012,CI Laudio,41.67,2026-03-07,36 Trofeo IT Laudio,M,,,
50 Braza,"ROS IRIARTE, Ekhi",2012,CN Urgain,45.05,2026-03-07,36 Trofeo IT Laudio,M,,,
100 Braza,"ANGULO SANTAMARIA, Irune",2011,CN Menditxo,1:23.03,2026-03-07,36 Trofeo IT Laudio,F,38.46;44.57,,
100 Braza,"MARTINEZ ESCOLAR, Ainhoa",2012,CN Zadorra,1:28.15,2026-03-07,36 Trofeo IT Laudio,F,42.19;45.96,,
100 Braza,"LOPEZ DE MUNAIN SEDANO, Oier",2011,CN Menditxo,1:30.18,2026-03-07,36 Trofeo IT Laudio,M,41.42;48.76,,
100 Braza,"RAMIREZ DE OCARIZ VILOR, Markel",2012,CN Judizmendi,1:29.00,2026-03-07,36 Trofeo IT Laudio,M,41.34;47.66,,
50 Mariposa,"ANGULO SANTAMARIA, Irune",2011,CN Menditxo,35.56,2026-03-07,36 Trofeo IT Laudio,F,,,
50 Mariposa,"CARAZO ARISTIMUÑO, Nerea",2011,CN Zadorra,37.44,2026-03-07,36 Trofeo IT Laudio,F,,,
50 Mariposa,"FDZ. DE LABASTIDA DIAZ, Ainhize",2011,CN Menditxo,35.43,2026-03-07,36 Trofeo IT Laudio,F,,,
50 Mariposa,"FERNANDEZ CABRERA, Mara",2012,CN Menditxo,37.59,2026-03-07,36 Trofeo IT Laudio,F,,,
50 Mariposa,"GOMEZ MORAN, Naroa",2011,CN Urgain,36.38,2026-03-07,36 Trofeo IT Laudio,F,,,
50 Mariposa,"MARTINEZ ESCOLAR, Ainhoa",2012,CN Zadorra,40.99,2026-03-07,36 Trofeo IT Laudio,F,,,
50 Mariposa,"PULIDO CRESPO, Nahia",2011,CN Menditxo,36.82,2026-03-07,36 Trofeo IT Laudio,F,,,
50 Mariposa,"RODRIGUEZ GUINEA, Ane",2011,CN Zadorra,45.19,2026-03-07,36 Trofeo IT Laudio,F,,,
50 Mariposa,"FERNANDEZ SAEZ, Martin",2011,CN Judizmendi,33.68,2026-03-07,36 Trofeo IT Laudio,M,,,
50 Mariposa,"HERNANDEZ QUEREJAZU, John",2011,CN Menditxo,34.08,2026-03-07,36 Trofeo IT Laudio,M,,,
50 Mariposa,"MENDIA GAINZARAIN, Oihan",2011,CN Menditxo,31.21,2026-03-07,36 Trofeo IT Laudio,M,,,
50 Mariposa,"RAMIREZ DE OCARIZ VILOR, Markel",2012,CN Judizmendi,38.15,2026-03-07,36 Trofeo IT Laudio,M,,,
50 Mariposa,"VARA DIAZ DE GARAYO, Aimar",2011,CN Menditxo,33.72,2026-03-07,36 Trofeo IT Laudio,M,,,
100 Mariposa,"MENDIBE SAN JUAN, Amaia",2011,CN Menditxo,1:40.43,2026-03-07,36 Trofeo IT Laudio,F,43.70;56.73,,
100 Mariposa,"MUÑOZ FELIPE, Oihane",2011,CN Menditxo,1:25.90,2026-03-07,36 Trofeo IT Laudio,F,38.93;46.97,,
100 Mariposa,"ORTIZ DE ZARATE VILLEN, Leizuri",2012,CN Menditxo,,2026-03-07,36 Trofeo IT Laudio,F,,DSQ,Nado Irregular
100 Mariposa,"RODRIGUEZ BLANCO, Unax",2012,CN Judizmendi,1:20.34,2026-03-07,36 Trofeo IT Laudio,M,37.28;43.06,,
50 Libre,"ABAITUA PIPAON, Malen",2011,CN Judizmendi,30.83,2026-04-18,Trofeo San Prudencio (50 m),F,,,
50 Libre,"AGUIRRE SANCHEZ, Eider",2011,CN Judizmendi,29.22,2026-04-18,Trofeo San Prudencio (50 m),F,,,
50 Libre,"AGUIRREGOMEZCORTA ALIAS, Olatz",2011,CN Menditxo,38.27,2026-04-18,Trofeo San Prudencio (50 m),F,,,
50 Libre,"FERNANDEZ CABRERA, Mara",2012,CN Menditxo,33.32,2026-04-18,Trofeo San Prudencio (50 m),F,,,
50 Libre,"GOMEZ MORAN, Naroa",2011,CN Urgain,32.12,2026-04-18,Trofeo San Prudencio (50 m),F,,,
50 Libre,"GONZALEZ SANCHEZ, Miren",2012,CN Judizmendi,31.76,2026-04-18,Trofeo San Prudencio (50 m),F,,,
50 Libre,"LUCIA LIN, Xuyun",2011,CN Urgain,34.16,2026-04-18,Trofeo San Prudencio (50 m),F,,,
50 Libre,"MARTINEZ DE MURGUIA ALVAREZ, Izaro",2012,CN Judizmendi,33.61,2026-04-18,Trofeo San Prudencio (50 m),F,,,
50 Libre,"MARTINEZ ESCOLAR, Ainhoa",2012,CN Zadorra,35.19,2026-04-18,Trofeo San Prudencio (50 m),F,,,
50 Libre,"MENDIBE SAN JUAN, Amaia",2011,CN Menditxo,35.79,2026-04-18,Trofeo San Prudencio (50 m),F,,,
50 Libre,"RODRÍGUEZ LÓPEZ DE VICUÑA, Nora",2012,CN Judizmendi,32.79,2026-04-18,Trofeo San Prudencio (50 m),F,,,
50 Libre,"BASABEA OLABE, Ekain",2012,CN Judizmendi,30.66,2026-04-18,Trofeo San Prudencio (50 m),M,,,
50 Libre,"CARPIO RODRIGUEZ, Urko",2012,CN Judizmendi,33.90,2026-04-18,Trofeo San Prudencio (50 m),M,,,
50 Libre,"CORTINA FERNANDEZ DE LIGER, Xabier",2012,CN Judizmendi,29.32,2026-04-18,Trofeo San Prudencio (50 m),M,,,
50 Libre,"FDZ. DE RETANA GONZALEZ DE HEREDIA, Xabier",2011,CN Judizmendi,29.62,2026-04-18,Trofeo San Prudencio (50 m),M,,,
50 Libre,"FERNANDEZ SAEZ, Martin",2011,CN Judizmendi,28.88,2026-04-18,Trofeo San Prudencio (50 m),M,,,
50 Libre,"LOPEZ DE MUNAIN SEDANO, Oier",2011,CN Menditxo,30.12,2026-04-18,Trofeo San Prudencio (50 m),M,,,
50 Libre,"MARTINEZ MUZAS, Unax",2012,CN Judizmendi,33.01,2026-04-18,Trofeo San Prudencio (50 m),M,,,
50 Libre,"MARTINEZ YOLDI, Gorka",2012,CN Judizmendi,32.62,2026-04-18,Trofeo San Prudencio (50 m),M,,,
50 Libre,"ORTEGA ARANGO, Ander",2012,CN Judizmendi,33.09,2026-04-18,Trofeo San Prudencio (50 m),M,,,
50 Libre,"ORTEGA ENRIQUE, Yeray",2012,CN Menditxo,28.19,2026-04-18,Trofeo San Prudencio (50 m),M,,,
50 Libre,"PUERTAS RIVAS, Aratz",2011,CN Judizmendi,28.86,2026-04-18,Trofeo San Prudencio (50 m),M,,,
50 Libre,"RAMIREZ DE OCARIZ VILOR, Markel",2012,CN Judizmendi,32.25,2026-04-18,Trofeo San Prudencio (50 m),M,,,
50 Libre,"RODRIGUEZ ZUBIAURRE, Luka",2012,CN Judizmendi,30.56,2026-04-18,Trofeo San Prudencio (50 m),M,,,
50 Libre,"ROS IRIARTE, Ekhi",2012,CN Urgain,33.55,2026-04-18,Trofeo San Prudencio (50 m),M,,,
50 Libre,"UBIRIA APRAIZ, Julen",2012,CN Judizmendi,30.49,2026-04-18,Trofeo San Prudencio (50 m),M,,,
100 Libre,"AGUIRRE SANCHEZ, Eider",2011,CN Judizmendi,1:01.83,2026-04-18,Trofeo San Prudencio (50 m),F,,,
100 Libre,"ANGULO SANTAMARIA, Irune",2011,CN Menditxo,1:10.97,2026-04-18,Trofeo San Prudencio (50 m),F,,,
100 Libre,"DAQUANNO, Giorgia",2012,CN Menditxo,1:11.40,2026-04-18,Trofeo San Prudencio (50 m),F,,,
100 Libre,"FDZ. DE LABASTIDA DIAZ, Ainhize",2011,CN Menditxo,1:11.92,2026-04-18,Trofeo San Prudencio (50 m),F,,,
100 Libre,"GONZALEZ SANCHEZ, Miren",2012,CN Judizmendi,1:10.22,2026-04-18,Trofeo San Prudencio (50 m),F,,,
100 Libre,"MARTINEZ DE MURGUIA ALVAREZ, Izaro",2012,CN Judizmendi,1:13.33,2026-04-18,Trofeo San Prudencio (50 m),F,,,
100 Libre,"MUÑOZ FELIPE, Oihane",2011,CN Menditxo,1:10.84,2026-04-18,Trofeo San Prudencio (50 m),F,,,
100 Libre,"ORTIZ DE ZARATE VILLEN, Leizuri",2012,CN Menditxo,1:13.31,2026-04-18,Trofeo San Prudencio (50 m),F,,,
100 Libre,"PINILLA SOLETO, Naia",2011,CN Menditxo,1:10.60,2026-04-18,Trofeo San Prudencio (50 m),F,,,
100 Libre,"SAEZ DE ASTEASU ALTZAGA, Maddi",2012,CN Urgain,1:17.08,2026-04-18,Trofeo San Prudencio (50 m),F,,,
100 Libre,"TABARES LERMA, Getari",2012,CN Zadorra,1:24.86,2026-04-18,Trofeo San Prudencio (50 m),F,,,
100 Libre,"ARMIÑO CRUCELEGUI, Alex",2011,CN Judizmendi,1:07.12,2026-04-18,Trofeo San Prudencio (50 m),M,,,
100 Libre,"BASABEA OLABE, Ekain",2012,CN Judizmendi,1:09.11,2026-04-18,Trofeo San Prudencio (50 m),M,,,
100 Libre,"CORTINA FERNANDEZ DE LIGER, Xabier",2012,CN Judizmendi,1:02.84,2026-04-18,Trofeo San Prudencio (50 m),M,,,
100 Libre,"FDZ. DE RETANA GONZALEZ DE HEREDIA, Xabier",2011,CN Judizmendi,1:03.48,2026-04-18,Trofeo San Prudencio (50 m),M,,,
100 Libre,"FERNANDEZ SAEZ, Martin",2011,CN Judizmendi,1:03.83,2026-04-18,Trofeo San Prudencio (50 m),M,,,
100 Libre,"HERNANDEZ QUEREJAZU, John",2011,CN Menditxo,1:11.37,2026-04-18,Trofeo San Prudencio (50 m),M,,,
100 Libre,"MARTINEZ MUZAS, Unax",2012,CN Judizmendi,1:11.98,2026-04-18,Trofeo San Prudencio (50 m),M,,,
100 Libre,"MARTINEZ YOLDI, Gorka",2012,CN Judizmendi,1:10.06,2026-04-18,Trofeo San Prudencio (50 m),M,,,
100 Libre,"ORTEGA ENRIQUE, Yeray",2012,CN Menditxo,58.27,2026-04-18,Trofeo San Prudencio (50 m),M,,,
100 Libre,"RODRIGUEZ BLANCO, Unax",2012,CN Judizmendi,1:14.32,2026-04-18,Trofeo San Prudencio (50 m),M,,,
100 Libre,"RODRIGUEZ ZUBIAURRE, Luka",2012,CN Judizmendi,1:05.60,2026-04-18,Trofeo San Prudencio (50 m),M,,,
100 Libre,"ROS IRIARTE, Ekhi",2012,CN Urgain,1:14.08,2026-04-18,Trofeo San Prudencio (50 m),M,,,
100 Libre,"VARA DIAZ DE GARAYO, Aimar",2011,CN Menditxo,1:03.19,2026-04-18,Trofeo San Prudencio (50 m),M,,,
200 Libre,"ALONSO GARCIA, Adriana",2012,CN Zadorra,2:59.13,2026-04-18,Trofeo San Prudencio (50 m),F,;1:27.07;;1:32.06,,
200 Libre,"GARAY SAENZ, Ixone",2011,CN Judizmendi,2:19.95,2026-04-18,Trofeo San Prudencio (50 m),F,;1:09.11;;1:10.84,,
200 Libre,"GONZALEZ FERNANDEZ, Laia",2012,CN Judizmendi,2:36.76,2026-04-18,Trofeo San Prudencio (50 m),F,;1:16.77;;1:19.99,,
200 Libre,"GONZALEZ SANCHEZ, Miren",2012,CN Judizmendi,2:39.75,2026-04-18,Trofeo San Prudencio (50 m),F,;1:19.16;;1:20.59,,
200 Libre,"GOYARROLA ARTOLA, Ayala",2012,CN Judizmendi,2:30.18,2026-04-18,Trofeo San Prudencio (50 m),F,;1:15.49;;1:14.69,,
200 Libre,"LLAMAS FERNANDEZ, Irati",2012,CN Judizmendi,2:46.88,2026-04-18,Trofeo San Prudencio (50 m),F,;1:20.14;;1:26.74,,
200 Libre,"RODRIGUEZ GUINEA, Ane",2011,CN Zadorra,3:18.51,2026-04-18,Trofeo San Prudencio (50 m),F,;1:35.17;;1:43.34,,
200 Libre,"ARMIÑO CRUCELEGUI, Alex",2011,CN Judizmendi,2:25.40,2026-04-18,Trofeo San Prudencio (50 m),M,;1:09.88;;1:15.52,,
200 Libre,"BASABEA OLABE, Ekain",2012,CN Judizmendi,2:36.99,2026-04-18,Trofeo San Prudencio (50 m),M,;1:16.77;;1:20.22,,
200 Libre,"CARPIO RODRIGUEZ, Urko",2012,CN Judizmendi,2:43.64,2026-04-18,Trofeo San Prudencio (50 m),M,;1:18.80;;1:24.84,,
200 Libre,"COLLADO ARRANZ, Hegoi",2011,CN Judizmendi,2:25.14,2026-04-18,Trofeo San Prudencio (50 m),M,;1:09.69;;1:15.45,,
200 Libre,"FERNANDEZ SAEZ, Martin",2011,CN Judizmendi,2:18.90,2026-04-18,Trofeo San Prudencio (50 m),M,;1:07.67;;1:11.23,,
200 Libre,"MARTINEZ MUZAS, Unax",2012,CN Judizmendi,2:38.07,2026-04-18,Trofeo San Prudencio (50 m),M,;1:17.51;;1:20.56,,
200 Libre,"UBIRIA APRAIZ, Julen",2012,CN Judizmendi,2:27.64,2026-04-18,Trofeo San Prudencio (50 m),M,;1:08.80;;1:18.84,,
400 Libre,"AGUIRREGOMEZCORTA ALIAS, Olatz",2011,CN Menditxo,6:26.23,2026-04-18,Trofeo San Prudencio (50 m),F,41.87;46.90;49.79;49.28;49.01;50.14;50.90;48.34,,
400 Libre,"ALONSO GARCIA, Adriana",2012,CN Zadorra,6:17.90,2026-04-18,Trofeo San Prudencio (50 m),F,40.61;45.94;48.39;48.25;49.26;48.88;49.19;47.38,,
400 Libre,"DURANA ANDA, Martina",2011,CN Judizmendi,5:06.74,2026-04-18,Trofeo San Prudencio (50 m),F,35.82;38.26;38.38;39.50;38.91;39.16;38.91;37.80,,
400 Libre,"GONZALEZ FERNANDEZ, Laia",2012,CN Judizmendi,5:29.72,2026-04-18,Trofeo San Prudencio (50 m),F,38.02;40.70;42.20;42.30;43.64;41.91;42.56;38.39,,
400 Libre,"GOYARROLA ARTOLA, Ayala",2012,CN Judizmendi,5:18.03,2026-04-18,Trofeo San Prudencio (50 m),F,36.96;39.94;41.26;40.68;41.05;40.66;40.53;36.95,,
400 Libre,"IBARRA FERNANDEZ, Iris",2012,CN Menditxo,6:31.49,2026-04-18,Trofeo San Prudencio (50 m),F,40.07;47.46;50.39;50.51;51.84;51.49;52.87;46.86,,
400 Libre,"MARTINEZ ESCOLAR, Ainhoa",2012,CN Zadorra,5:55.85,2026-04-18,Trofeo San Prudencio (50 m),F,40.03;43.81;45.96;45.85;46.23;46.33;44.86;42.78,,
400 Libre,"MARTINEZ ROJO, Leire",2012,CN Judizmendi,5:33.08,2026-04-18,Trofeo San Prudencio (50 m),F,38.10;41.68;43.28;42.43;43.41;41.73;42.58;39.87,,
400 Libre,"CARPIO RODRIGUEZ, Urko",2012,CN Judizmendi,5:48.79,2026-04-18,Trofeo San Prudencio (50 m),M,38.32;43.67;44.76;45.32;43.50;45.77;44.82;42.63,,
400 Libre,"FERNANDEZ SAEZ, Martin",2011,CN Judizmendi,4:57.18,2026-04-18,Trofeo San Prudencio (50 m),M,32.87;37.08;38.28;37.56;38.46;38.70;38.36;35.87,,
400 Libre,"MARTINEZ YOLDI, Gorka",2012,CN Judizmendi,5:24.42,2026-04-18,Trofeo San Prudencio (50 m),M,35.65;40.41;42.33;41.41;42.10;41.37;42.36;38.79,,
400 Libre,"MENDIA GAINZARAIN, Oihan",2011,CN Menditxo,4:57.07,2026-04-18,Trofeo San Prudencio (50 m),M,32.38;37.27;38.72;39.11;38.08;38.56;37.81;35.14,,
800 Libre,"ABAITUA PIPAON, Malen",2011,CN Judizmendi,10:14.63,2026-04-18,Trofeo San Prudencio (50 m),F,,,
800 Libre,"AGUIRRE SANCHEZ, Eider",2011,CN Judizmendi,9:57.04,2026-04-18,Trofeo San Prudencio (50 m),F,;1:12.53;;1:15.68;;1:15.36;;1:15.50;;1:15.46;;1:15.30;;1:15.18;;1:12.03,,
800 Libre,"ANGULO SANTAMARIA, Irune",2011,CN Menditxo,11:32.69,2026-04-18,Trofeo San Prudencio (50 m),F,;1:19.67;;1:27.05;;1:27.89;;1:27.73;;1:28.61;;1:28.63;;1:28.42;;1:24.69,,
800 Libre,"DAQUANNO, Giorgia",2012,CN Menditxo,11:26.76,2026-04-18,Trofeo San Prudencio (50 m),F,;1:21.01;;1:26.13;;1:25.74;;1:26.48;;1:27.76;;1:27.42;;1:27.02;;1:25.20,,
800 Libre,"FDZ. DE LABASTIDA DIAZ, Ainhize",2011,CN Menditxo,12:13.76,2026-04-18,Trofeo San Prudencio (50 m),F,;1:24.27;;1:31.28;;1:33.18;;1:34.30;;1:34.22;;1:34.24;;1:33.24;;1:29.03,,
800 Libre,"FERNANDEZ CABRERA, Mara",2012,CN Menditxo,12:14.96,2026-04-18,Trofeo San Prudencio (50 m),F,;1:24.07;;1:31.43;;1:33.63;;1:33.55;;1:34.29;;1:33.72;;1:33.98;;1:30.29,,
800 Libre,"HERRANZ FDZ DE LANDA, Haizea",2011,CN Menditxo,11:43.15,2026-04-18,Trofeo San Prudencio (50 m),F,;1:18.90;;1:27.95;;1:28.69;;1:29.02;;1:30.16;;1:31.39;;1:29.64;;1:27.40,,
800 Libre,"MENDIBE SAN JUAN, Amaia",2011,CN Menditxo,13:31.61,2026-04-18,Trofeo San Prudencio (50 m),F,;1:31.35;;1:41.33;;1:44.09;;1:44.19;;1:43.76;;1:44.38;;1:44.10;;1:38.41,,
800 Libre,"MUÑOZ FELIPE, Oihane",2011,CN Menditxo,11:19.64,2026-04-18,Trofeo San Prudencio (50 m),F,;1:20.33;;1:25.93;;1:26.99;;1:27.38;;1:24.90;;1:25.22;;1:25.93;;1:22.96,,
800 Libre,"ORTIZ DE ZARATE VILLEN, Leizuri",2012,CN Menditxo,11:24.68,2026-04-18,Trofeo San Prudencio (50 m),F,;1:19.31;;1:25.61;;1:26.50;;1:28.01;;1:26.66;;1:27.66;;1:26.82;;1:24.11,,
800 Libre,"PINILLA SOLETO, Naia",2011,CN Menditxo,11:46.88,2026-04-18,Trofeo San Prudencio (50 m),F,;1:22.17;;1:29.18;;1:31.09;;1:30.43;;1:31.80;;1:31.65;;1:28.09;;1:22.47,,
800 Libre,"SAINZ MONGE, Idurre",2011,CN Menditxo,11:46.53,2026-04-18,Trofeo San Prudencio (50 m),F,;1:21.68;;1:27.17;;1:28.33;;1:29.94;;1:31.78;;1:31.64;;1:31.02;;1:24.97,,
800 Libre,"ANTON BELTRAN DE GUEVARA, Alex",2012,CN Judizmendi,10:46.84,2026-04-18,Trofeo San Prudencio (50 m),M,;1:17.38;;1:23.31;;1:21.35;;1:20.52;;1:21.56;;1:22.29;;1:21.41;;1:19.02,,
800 Libre,"HERNANDEZ QUEREJAZU, John",2011,CN Menditxo,12:09.59,2026-04-18,Trofeo San Prudencio (50 m),M,;1:20.79;;1:31.19;;1:33.43;;1:34.23;;1:33.90;;1:34.43;;1:31.36;;1:30.26,,
800 Libre,"LOPEZ DE MUNAIN SEDANO, Oier",2011,CN Menditxo,11:20.19,2026-04-18,Trofeo San Prudencio (50 m),M,;1:17.20;;1:24.13;;1:26.42;;1:26.72;;1:27.46;;1:27.49;;1:26.37;;1:24.40,,
800 Libre,"MARTINEZ YOLDI, Gorka",2012,CN Judizmendi,11:33.09,2026-04-18,Trofeo San Prudencio (50 m),M,;1:18.38;;1:26.79;;1:27.37;;1:28.95;;1:28.80;;1:28.24;;1:28.54;;1:26.02,,
800 Libre,"MENDIA GAINZARAIN, Oihan",2011,CN Menditxo,10:31.42,2026-04-18,Trofeo San Prudencio (50 m),M,;1:12.14;;1:20.70;;1:21.09;;1:21.03;;1:20.51;;1:20.28;;1:15.37;;1:20.30,,
800 Libre,"ORTEGA ARANGO, Ander",2012,CN Judizmendi,11:01.64,2026-04-18,Trofeo San Prudencio (50 m),M,;1:19.15;;1:22.13;;1:23.06;;1:24.64;;1:24.92;;1:23.67;;1:23.27;;1:20.80,,
800 Libre,"ORTEGA ENRIQUE, Yeray",2012,CN Menditxo,9:29.29,2026-04-18,Trofeo San Prudencio (50 m),M,;1:04.12;;1:09.98;;1:11.34;;1:13.24;;1:13.71;;1:13.62;;1:12.71;;1:10.57,,
800 Libre,"RODRIGUEZ ZUBIAURRE, Luka",2012,CN Judizmendi,11:00.99,2026-04-18,Trofeo San Prudencio (50 m),M,;1:16.72;;1:24.45;;1:25.52;;1:24.59;;1:25.16;;1:24.26;;1:22.93;;1:17.36,,
800 Libre,"VARA DIAZ DE GARAYO, Aimar",2011,CN Menditxo,10:47.77,2026-04-18,Trofeo San Prudencio (50 m),M,;1:17.23;;1:22.11;;1:21.31;;1:22.00;;1:22.19;;1:22.53;;1:20.95;;1:19.45,,
1500 Libre,"RODRÍGUEZ LÓPEZ DE VICUÑA, Nora",2012,CN Judizmendi,21:57.66,2026-04-18,Trofeo San Prudencio (50 m),F,,,
1500 Libre,"PUERTAS RIVAS, Aratz",2011,CN Judizmendi,19:16.88,2026-04-18,Trofeo San Prudencio (50 m),M,;1:10.59;;1:16.89;;1:17.34;;1:17.40;;1:18.69;;1:18.44;;1:17.97;;1:16.86;;1:17.46;;1:17.37;;1:18.25;;1:19.01;;1:17.72;;1:17.68;;1:15.21,,
1500 Libre,"UBIRIA APRAIZ, Julen",2012,CN Judizmendi,20:16.58,2026-04-18,Trofeo San Prudencio (50 m),M,;1:16.67;;1:21.21;;1:21.81;;1:22.79;;1:21.92;;1:22.13;;1:21.60;;1:22.83;;1:20.04;;1:21.18;;1:20.89;;1:21.24;;1:21.91;;1:21.92;;1:18.44,,
50 Espalda,"ABAITUA PIPAON, Malen",2011,CN Judizmendi,34.79,2026-04-18,Trofeo San Prudencio (50 m),F,,,
50 Espalda,"CARAZO ARISTIMUÑO, Nerea",2011,CN Zadorra,41.24,2026-04-18,Trofeo San Prudencio (50 m),F,,,
50 Espalda,"DAQUANNO, Giorgia",2012,CN Menditxo,36.82,2026-04-18,Trofeo San Prudencio (50 m),F,,,
50 Espalda,"FERNANDEZ CABRERA, Mara",2012,CN Menditxo,41.87,2026-04-18,Trofeo San Prudencio (50 m),F,,,
50 Espalda,"GARAY SAENZ, Ixone",2011,CN Judizmendi,35.27,2026-04-18,Trofeo San Prudencio (50 m),F,,,
50 Espalda,"GOMEZ MORAN, Naroa",2011,CN Urgain,38.33,2026-04-18,Trofeo San Prudencio (50 m),F,,,
50 Espalda,"GOYARROLA ARTOLA, Ayala",2012,CN Judizmendi,39.28,2026-04-18,Trofeo San Prudencio (50 m),F,,,
50 Espalda,"GUTIERREZ BERMUDEZ, Lucia",2011,CN Zadorra,46.54,2026-04-18,Trofeo San Prudencio (50 m),F,,,
50 Espalda,"HERRERO ALONSO, Izaro",2012,CN Judizmendi,41.62,2026-04-18,Trofeo San Prudencio (50 m),F,,,
50 Espalda,"LLAMAS FERNANDEZ, Irati",2012,CN Judizmendi,38.70,2026-04-18,Trofeo San Prudencio (50 m),F,,,
50 Espalda,"NUÑEZ ASPIAZU, Miren",2011,CN Zadorra,43.77,2026-04-18,Trofeo San Prudencio (50 m),F,,,
50 Espalda,"ORTIZ DE ZARATE VILLEN, Leizuri",2012,CN Menditxo,38.74,2026-04-18,Trofeo San Prudencio (50 m),F,,,
50 Espalda,"RODRIGUEZ GUINEA, Ane",2011,CN Zadorra,53.31,2026-04-18,Trofeo San Prudencio (50 m),F,,,
50 Espalda,"SAEZ DE ASTEASU ALTZAGA, Maddi",2012,CN Urgain,41.84,2026-04-18,Trofeo San Prudencio (50 m),F,,,
50 Espalda,"SAINZ MONGE, Idurre",2011,CN Menditxo,40.56,2026-04-18,Trofeo San Prudencio (50 m),F,,,
50 Espalda,"ANTON BELTRAN DE GUEVARA, Alex",2012,CN Judizmendi,33.07,2026-04-18,Trofeo San Prudencio (50 m),M,,,
50 Espalda,"COLLADO ARRANZ, Hegoi",2011,CN Judizmendi,35.54,2026-04-18,Trofeo San Prudencio (50 m),M,,,
50 Espalda,"ETXEBARRIA SAEZ DE UGARTE, Eneko",2011,CN Judizmendi,34.52,2026-04-18,Trofeo San Prudencio (50 m),M,,,
50 Espalda,"HERNANDEZ QUEREJAZU, John",2011,CN Menditxo,36.20,2026-04-18,Trofeo San Prudencio (50 m),M,,,
50 Espalda,"LOPEZ DE MUNAIN SEDANO, Oier",2011,CN Menditxo,35.09,2026-04-18,Trofeo San Prudencio (50 m),M,,,
50 Espalda,"RODRIGUEZ ZUBIAURRE, Luka",2012,CN Judizmendi,36.12,2026-04-18,Trofeo San Prudencio (50 m),M,,,
100 Espalda,"ALONSO GARCIA, Adriana",2012,CN Zadorra,1:34.47,2026-04-18,Trofeo San Prudencio (50 m),F,,,
100 Espalda,"DURANA ANDA, Martina",2011,CN Judizmendi,1:19.36,2026-04-18,Trofeo San Prudencio (50 m),F,,,
100 Espalda,"GARAY SAENZ, Ixone",2011,CN Judizmendi,1:15.67,2026-04-18,Trofeo San Prudencio (50 m),F,,,
100 Espalda,"GONZALEZ FERNANDEZ, Laia",2012,CN Judizmendi,1:24.40,2026-04-18,Trofeo San Prudencio (50 m),F,,,
100 Espalda,"GOYARROLA ARTOLA, Ayala",2012,CN Judizmendi,,2026-04-18,Trofeo San Prudencio (50 m),F,,DSQ,
100 Espalda,"GUTIERREZ BERMUDEZ, Lucia",2011,CN Zadorra,1:38.41,2026-04-18,Trofeo San Prudencio (50 m),F,,,
100 Espalda,"HERRERO ALONSO, Izaro",2012,CN Judizmendi,,2026-04-18,Trofeo San Prudencio (50 m),F,,DSQ,
100 Espalda,"LLAMAS FERNANDEZ, Irati",2012,CN Judizmendi,1:23.24,2026-04-18,Trofeo San Prudencio (50 m),F,,,
100 Espalda,"MARTINEZ ROJO, Leire",2012,CN Judizmendi,1:25.74,2026-04-18,Trofeo San Prudencio (50 m),F,,,
100 Espalda,"TABARES LERMA, Getari",2012,CN Zadorra,1:36.21,2026-04-18,Trofeo San Prudencio (50 m),F,,,
100 Espalda,"ARMIÑO CRUCELEGUI, Alex",2011,CN Judizmendi,1:19.03,2026-04-18,Trofeo San Prudencio (50 m),M,,,
100 Espalda,"COLLADO ARRANZ, Hegoi",2011,CN Judizmendi,1:26.78,2026-04-18,Trofeo San Prudencio (50 m),M,,,
100 Espalda,"IBARRARAN RAMIREZ DE OCARIZ, Jon",2012,CN Judizmendi,1:16.35,2026-04-18,Trofeo San Prudencio (50 m),M,,,
100 Espalda,"RODRIGUEZ BLANCO, Unax",2012,CN Judizmendi,1:27.66,2026-04-18,Trofeo San Prudencio (50 m),M,,,
200 Espalda,"AGUIRRE SANCHEZ, Eider",2011,CN Judizmendi,2:34.22,2026-04-18,Trofeo San Prudencio (50 m),F,;1:17.33;;1:16.89,,
200 Espalda,"ALONSO GARCIA, Adriana",2012,CN Zadorra,3:24.47,2026-04-18,Trofeo San Prudencio (50 m),F,;1:39.74;;1:44.73,,
200 Espalda,"DURANA ANDA, Martina",2011,CN Judizmendi,2:48.75,2026-04-18,Trofeo San Prudencio (50 m),F,;1:24.37;;1:24.38,,
200 Espalda,"GARAY SAENZ, Ixone",2011,CN Judizmendi,2:43.46,2026-04-18,Trofeo San Prudencio (50 m),F,;1:20.24;;1:23.22,,
200 Espalda,"LLAMAS FERNANDEZ, Irati",2012,CN Judizmendi,,2026-04-18,Trofeo San Prudencio (50 m),F,,DSQ,
200 Espalda,"MARTINEZ ROJO, Leire",2012,CN Judizmendi,3:00.45,2026-04-18,Trofeo San Prudencio (50 m),F,;1:28.82;;1:31.63,,
200 Espalda,"MUÑOZ FELIPE, Oihane",2011,CN Menditxo,2:56.46,2026-04-18,Trofeo San Prudencio (50 m),F,;1:24.85;;1:31.61,,
200 Espalda,"ARMIÑO CRUCELEGUI, Alex",2011,CN Judizmendi,2:46.63,2026-04-18,Trofeo San Prudencio (50 m),M,;1:21.84;;1:24.79,,
200 Espalda,"ETXEBARRIA SAEZ DE UGARTE, Eneko",2011,CN Judizmendi,2:41.42,2026-04-18,Trofeo San Prudencio (50 m),M,;1:18.53;;1:22.89,,
200 Espalda,"FDZ. DE RETANA GONZALEZ DE HEREDIA, Xabier",2011,CN Judizmendi,2:33.15,2026-04-18,Trofeo San Prudencio (50 m),M,;1:15.86;;1:17.29,,
200 Espalda,"MARTINEZ MUZAS, Unax",2012,CN Judizmendi,2:58.33,2026-04-18,Trofeo San Prudencio (50 m),M,;1:30.19;;1:28.14,,
50 Braza,"ANGULO SANTAMARIA, Irune",2011,CN Menditxo,38.50,2026-04-18,Trofeo San Prudencio (50 m),F,,,
50 Braza,"CARAZO ARISTIMUÑO, Nerea",2011,CN Zadorra,46.10,2026-04-18,Trofeo San Prudencio (50 m),F,,,
50 Braza,"FDZ. DE LABASTIDA DIAZ, Ainhize",2011,CN Menditxo,45.77,2026-04-18,Trofeo San Prudencio (50 m),F,,,
50 Braza,"FERNANDEZ CABRERA, Mara",2012,CN Menditxo,45.52,2026-04-18,Trofeo San Prudencio (50 m),F,,,
50 Braza,"GOMEZ MORAN, Naroa",2011,CN Urgain,42.42,2026-04-18,Trofeo San Prudencio (50 m),F,,,
50 Braza,"GONZALEZ FERNANDEZ, Laia",2012,CN Judizmendi,41.87,2026-04-18,Trofeo San Prudencio (50 m),F,,,
50 Braza,"GUTIERREZ BERMUDEZ, Lucia",2011,CN Zadorra,,2026-04-18,Trofeo San Prudencio (50 m),F,,DSQ,Salida Anticipada
50 Braza,"LUCIA LIN, Xuyun",2011,CN Urgain,46.08,2026-04-18,Trofeo San Prudencio (50 m),F,,,
50 Braza,"MARTINEZ DE MURGUIA ALVAREZ, Izaro",2012,CN Judizmendi,44.66,2026-04-18,Trofeo San Prudencio (50 m),F,,,
50 Braza,"MARTINEZ ESCOLAR, Ainhoa",2012,CN Zadorra,41.05,2026-04-18,Trofeo San Prudencio (50 m),F,,,
50 Braza,"NUÑEZ ASPIAZU, Miren",2011,CN Zadorra,43.60,2026-04-18,Trofeo San Prudencio (50 m),F,,,
50 Braza,"PINILLA SOLETO, Naia",2011,CN Menditxo,40.54,2026-04-18,Trofeo San Prudencio (50 m),F,,,
50 Braza,"RODRIGUEZ GUINEA, Ane",2011,CN Zadorra,51.08,2026-04-18,Trofeo San Prudencio (50 m),F,,,
50 Braza,"RODRÍGUEZ LÓPEZ DE VICUÑA, Nora",2012,CN Judizmendi,41.74,2026-04-18,Trofeo San Prudencio (50 m),F,,,
50 Braza,"SAINZ MONGE, Idurre",2011,CN Menditxo,43.65,2026-04-18,Trofeo San Prudencio (50 m),F,,,
50 Braza,"PUERTAS RIVAS, Aratz",2011,CN Judizmendi,39.00,2026-04-18,Trofeo San Prudencio (50 m),M,,,
50 Braza,"RAMIREZ DE OCARIZ VILOR, Markel",2012,CN Judizmendi,43.43,2026-04-18,Trofeo San Prudencio (50 m),M,,,
50 Braza,"VARA DIAZ DE GARAYO, Aimar",2011,CN Menditxo,39.31,2026-04-18,Trofeo San Prudencio (50 m),M,,,
100 Braza,"MARTINEZ ESCOLAR, Ainhoa",2012,CN Zadorra,1:32.72,2026-04-18,Trofeo San Prudencio (50 m),F,,,
100 Braza,"RODRÍGUEZ LÓPEZ DE VICUÑA, Nora",2012,CN Judizmendi,1:30.56,2026-04-18,Trofeo San Prudencio (50 m),F,,,
100 Braza,"FDZ. DE RETANA GONZALEZ DE HEREDIA, Xabier",2011,CN Judizmendi,1:22.28,2026-04-18,Trofeo San Prudencio (50 m),M,,,
100 Braza,"IBARRARAN RAMIREZ DE OCARIZ, Jon",2012,CN Judizmendi,1:25.28,2026-04-18,Trofeo San Prudencio (50 m),M,,,
100 Braza,"RAMIREZ DE OCARIZ VILOR, Markel",2012,CN Judizmendi,1:32.35,2026-04-18,Trofeo San Prudencio (50 m),M,,,
200 Braza,"IBARRARAN RAMIREZ DE OCARIZ, Jon",2012,CN Judizmendi,3:03.75,2026-04-18,Trofeo San Prudencio (50 m),M,;1:28.67;;1:35.08,,
200 Braza,"RAMIREZ DE OCARIZ VILOR, Markel",2012,CN Judizmendi,3:23.36,2026-04-18,Trofeo San Prudencio (50 m),M,;1:36.82;;1:46.54,,
50 Mariposa,"DURANA ANDA, Martina",2011,CN Judizmendi,33.59,2026-04-18,Trofeo San Prudencio (50 m),F,,,
50 Mariposa,"GOMEZ MORAN, Naroa",2011,CN Urgain,37.68,2026-04-18,Trofeo San Prudencio (50 m),F,,,
50 Mariposa,"GUTIERREZ BERMUDEZ, Lucia",2011,CN Zadorra,45.18,2026-04-18,Trofeo San Prudencio (50 m),F,,,
50 Mariposa,"LUCIA LIN, Xuyun",2011,CN Urgain,42.59,2026-04-18,Trofeo San Prudencio (50 m),F,,,
50 Mariposa,"MARTINEZ DE MURGUIA ALVAREZ, Izaro",2012,CN Judizmendi,37.50,2026-04-18,Trofeo San Prudencio (50 m),F,,,
50 Mariposa,"MARTINEZ ROJO, Leire",2012,CN Judizmendi,38.46,2026-04-18,Trofeo San Prudencio (50 m),F,,,
50 Mariposa,"TABARES LERMA, Getari",2012,CN Zadorra,40.53,2026-04-18,Trofeo San Prudencio (50 m),F,,,
50 Mariposa,"ANTON BELTRAN DE GUEVARA, Alex",2012,CN Judizmendi,33.14,2026-04-18,Trofeo San Prudencio (50 m),M,,,
50 Mariposa,"CORTINA FERNANDEZ DE LIGER, Xabier",2012,CN Judizmendi,29.66,2026-04-18,Trofeo San Prudencio (50 m),M,,,
50 Mariposa,"HERNANDEZ QUEREJAZU, John",2011,CN Menditxo,33.79,2026-04-18,Trofeo San Prudencio (50 m),M,,,
50 Mariposa,"RODRIGUEZ BLANCO, Unax",2012,CN Judizmendi,38.13,2026-04-18,Trofeo San Prudencio (50 m),M,,,
100 Mariposa,"TABARES LERMA, Getari",2012,CN Zadorra,1:40.01,2026-04-18,Trofeo San Prudencio (50 m),F,,,
100 Mariposa,"CORTINA FERNANDEZ DE LIGER, Xabier",2012,CN Judizmendi,1:12.43,2026-04-18,Trofeo San Prudencio (50 m),M,,,
100 Mariposa,"MENDIA GAINZARAIN, Oihan",2011,CN Menditxo,1:13.03,2026-04-18,Trofeo San Prudencio (50 m),M,,,
200 Estilos,"ABAITUA PIPAON, Malen",2011,CN Judizmendi,2:40.76,2026-04-18,Trofeo San Prudencio (50 m),F,;1:15.52;;1:25.24,,
200 Estilos,"GONZALEZ SANCHEZ, Miren",2012,CN Judizmendi,,2026-04-18,Trofeo San Prudencio (50 m),F,,DSQ,Nado Irregular
200 Estilos,"IBARRA FERNANDEZ, Iris",2012,CN Menditxo,3:22.21,2026-04-18,Trofeo San Prudencio (50 m),F,;1:33.56;;1:48.65,,
200 Estilos,"ANTON BELTRAN DE GUEVARA, Alex",2012,CN Judizmendi,2:44.95,2026-04-18,Trofeo San Prudencio (50 m),M,;1:19.80;;1:25.15,,
200 Estilos,"BASABEA OLABE, Ekain",2012,CN Judizmendi,2:55.08,2026-04-18,Trofeo San Prudencio (50 m),M,;1:23.90;;1:31.18,,
200 Estilos,"CARPIO RODRIGUEZ, Urko",2012,CN Judizmendi,,2026-04-18,Trofeo San Prudencio (50 m),M,,DSQ,Viraje Irregular
200 Estilos,"COLLADO ARRANZ, Hegoi",2011,CN Judizmendi,,2026-04-18,Trofeo San Prudencio (50 m),M,,DSQ,Viraje Irregular
200 Estilos,"IBARRARAN RAMIREZ DE OCARIZ, Jon",2012,CN Judizmendi,2:46.01,2026-04-18,Trofeo San Prudencio (50 m),M,;1:19.23;;1:26.78,,
200 Estilos,"LOPEZ DE MUNAIN SEDANO, Oier",2011,CN Menditxo,2:51.88,2026-04-18,Trofeo San Prudencio (50 m),M,;1:20.37;;1:31.51,,
200 Estilos,"ORTEGA ENRIQUE, Yeray",2012,CN Menditxo,2:31.42,2026-04-18,Trofeo San Prudencio (50 m),M,;1:09.00;;1:22.42,,
200 Estilos,"RODRIGUEZ BLANCO, Unax",2012,CN Judizmendi,3:02.36,2026-04-18,Trofeo San Prudencio (50 m),M,;1:26.65;;1:35.71,,
400 Estilos,"PUERTAS RIVAS, Aratz",2011,CN Judizmendi,5:36.85,2026-04-18,Trofeo San Prudencio (50 m),M,36.36;45.07;41.86;40.59;49.01;49.27;38.39;36.30,,
100 Libre,"ABAITUA PIPAON, Malen",2011,CN Judizmendi,,2026-05-09,Nadador Completo,F,,DSQ,
100 Libre,"AGUIRRE SANCHEZ, Eider",2011,CN Judizmendi,1:01.63,2026-05-09,Nadador Completo,F,29.97;31.66,,
100 Libre,"AGUIRREGOMEZCORTA ALIAS, Olatz",2011,CN Menditxo,1:28.14,2026-05-09,Nadador Completo,F,42.50;45.64,,
100 Libre,"ALONSO GARCIA, Adriana",2012,CN Zadorra,1:22.53,2026-05-09,Nadador Completo,F,40.07;42.46,,
100 Libre,"ANGULO SANTAMARIA, Irune",2011,CN Menditxo,1:10.34,2026-05-09,Nadador Completo,F,34.21;36.13,,
100 Libre,"COLLADO MORENO, Cristina",2011,CN Urgain,1:15.35,2026-05-09,Nadador Completo,F,35.69;39.66,,
100 Libre,"DAQUANNO, Giorgia",2012,CN Menditxo,1:10.83,2026-05-09,Nadador Completo,F,34.03;36.80,,
100 Libre,"DURANA ANDA, Martina",2011,CN Judizmendi,1:06.10,2026-05-09,Nadador Completo,F,31.72;34.38,,
100 Libre,"FDZ. DE LABASTIDA DIAZ, Ainhize",2011,CN Menditxo,1:14.98,2026-05-09,Nadador Completo,F,36.13;38.85,,
100 Libre,"GARAY SAENZ, Ixone",2011,CN Judizmendi,1:03.16,2026-05-09,Nadador Completo,F,30.66;32.50,,
100 Libre,"GOMEZ MORAN, Naroa",2011,CN Urgain,1:10.86,2026-05-09,Nadador Completo,F,34.55;36.31,,
100 Libre,"GONZALEZ ELIZBURU, Leire",2012,CN Judizmendi,1:11.77,2026-05-09,Nadador Completo,F,35.20;36.57,,
100 Libre,"GONZALEZ FERNANDEZ, Laia",2012,CN Judizmendi,1:07.71,2026-05-09,Nadador Completo,F,33.07;34.64,,
100 Libre,"GONZALEZ SANCHEZ, Miren",2012,CN Judizmendi,1:08.90,2026-05-09,Nadador Completo,F,33.89;35.01,,
100 Libre,"GOYARROLA ARTOLA, Ayala",2012,CN Judizmendi,1:08.91,2026-05-09,Nadador Completo,F,33.52;35.39,,
100 Libre,"GUTIERREZ BERMUDEZ, Lucia",2011,CN Zadorra,1:23.32,2026-05-09,Nadador Completo,F,40.56;42.76,,
100 Libre,"HERRANZ FDZ DE LANDA, Haizea",2011,CN Menditxo,1:06.89,2026-05-09,Nadador Completo,F,32.16;34.73,,
100 Libre,"HERRERO ALONSO, Izaro",2012,CN Judizmendi,1:18.04,2026-05-09,Nadador Completo,F,38.13;39.91,,
100 Libre,"IBARRA FERNANDEZ, Iris",2012,CN Menditxo,1:21.87,2026-05-09,Nadador Completo,F,39.61;42.26,,
100 Libre,"LLAMAS FERNANDEZ, Irati",2012,CN Judizmendi,1:12.40,2026-05-09,Nadador Completo,F,34.62;37.78,,
100 Libre,"LUCIA LIN, Xuyun",2011,CN Urgain,1:17.98,2026-05-09,Nadador Completo,F,36.86;41.12,,
100 Libre,"MARTINEZ DE MURGUIA ALVAREZ, Izaro",2012,CN Judizmendi,1:13.42,2026-05-09,Nadador Completo,F,35.87;37.55,,
100 Libre,"MARTINEZ ESCOLAR, Ainhoa",2012,CN Zadorra,1:16.22,2026-05-09,Nadador Completo,F,37.06;39.16,,
100 Libre,"MARTINEZ ROJO, Leire",2012,CN Judizmendi,1:11.66,2026-05-09,Nadador Completo,F,34.71;36.95,,
100 Libre,"MENDIBE SAN JUAN, Amaia",2011,CN Menditxo,1:18.69,2026-05-09,Nadador Completo,F,37.72;40.97,,
100 Libre,"MUÑOZ FELIPE, Oihane",2011,CN Menditxo,1:12.72,2026-05-09,Nadador Completo,F,34.54;38.18,,
100 Libre,"ORTIZ DE ZARATE VILLEN, Leizuri",2012,CN Menditxo,1:10.19,2026-05-09,Nadador Completo,F,34.08;36.11,,
100 Libre,"PINILLA SOLETO, Naia",2011,CN Menditxo,1:09.38,2026-05-09,Nadador Completo,F,33.91;35.47,,
100 Libre,"PULIDO CRESPO, Nahia",2011,CN Menditxo,1:11.57,2026-05-09,Nadador Completo,F,34.83;36.74,,
100 Libre,"RODRIGUEZ GUINEA, Ane",2011,CN Zadorra,1:28.89,2026-05-09,Nadador Completo,F,42.64;46.25,,
100 Libre,"RODRÍGUEZ LÓPEZ DE VICUÑA, Nora",2012,CN Judizmendi,1:09.31,2026-05-09,Nadador Completo,F,33.59;35.72,,
100 Libre,"SAINZ MONGE, Idurre",2011,CN Menditxo,1:12.62,2026-05-09,Nadador Completo,F,34.79;37.83,,
100 Libre,"ZUFIAUR GOMEZ, Maite",2011,CN Menditxo,1:14.46,2026-05-09,Nadador Completo,F,35.41;39.05,,
100 Libre,"ANTON BELTRAN DE GUEVARA, Alex",2012,CN Judizmendi,1:04.40,2026-05-09,Nadador Completo,M,31.33;33.07,,
100 Libre,"ARMIÑO CRUCELEGUI, Alex",2011,CN Judizmendi,1:06.60,2026-05-09,Nadador Completo,M,31.34;35.26,,
100 Libre,"BASABEA OLABE, Ekain",2012,CN Judizmendi,1:07.26,2026-05-09,Nadador Completo,M,32.27;34.99,,
100 Libre,"CARPIO RODRIGUEZ, Urko",2012,CN Judizmendi,1:10.92,2026-05-09,Nadador Completo,M,34.32;36.60,,
100 Libre,"COLLADO ARRANZ, Hegoi",2011,CN Judizmendi,1:07.40,2026-05-09,Nadador Completo,M,32.49;34.91,,
100 Libre,"ETXEBARRIA SAEZ DE UGARTE, Eneko",2011,CN Judizmendi,1:02.98,2026-05-09,Nadador Completo,M,30.00;32.98,,
100 Libre,"FDZ. DE RETANA GONZALEZ DE HEREDIA, Xabier",2011,CN Judizmendi,1:01.51,2026-05-09,Nadador Completo,M,29.78;31.73,,
100 Libre,"FERNANDEZ SAEZ, Martin",2011,CN Judizmendi,1:02.55,2026-05-09,Nadador Completo,M,30.27;32.28,,
100 Libre,"HERNANDEZ QUEREJAZU, John",2011,CN Menditxo,1:10.71,2026-05-09,Nadador Completo,M,33.74;36.97,,
100 Libre,"IBARRARAN RAMIREZ DE OCARIZ, Jon",2012,CN Judizmendi,1:02.08,2026-05-09,Nadador Completo,M,29.80;32.28,,
100 Libre,"LOPEZ DE MUNAIN SEDANO, Oier",2011,CN Menditxo,1:08.52,2026-05-09,Nadador Completo,M,33.24;35.28,,
100 Libre,"MARTINEZ MUZAS, Unax",2012,CN Judizmendi,1:10.74,2026-05-09,Nadador Completo,M,33.97;36.77,,
100 Libre,"MARTINEZ YOLDI, Gorka",2012,CN Judizmendi,1:08.43,2026-05-09,Nadador Completo,M,32.96;35.47,,
100 Libre,"MENDIA GAINZARAIN, Oihan",2011,CN Menditxo,1:01.31,2026-05-09,Nadador Completo,M,29.60;31.71,,
100 Libre,"ORTEGA ARANGO, Ander",2012,CN Judizmendi,1:08.53,2026-05-09,Nadador Completo,M,33.76;34.77,,
100 Libre,"ORTEGA ENRIQUE, Yeray",2012,CN Menditxo,58.39,2026-05-09,Nadador Completo,M,27.82;30.57,,
100 Libre,"PUERTAS RIVAS, Aratz",2011,CN Judizmendi,1:01.32,2026-05-09,Nadador Completo,M,29.92;31.40,,
100 Libre,"RAMIREZ DE OCARIZ VILOR, Markel",2012,CN Judizmendi,1:10.93,2026-05-09,Nadador Completo,M,33.40;37.53,,
100 Libre,"RODRIGUEZ BLANCO, Unax",2012,CN Judizmendi,1:14.21,2026-05-09,Nadador Completo,M,35.99;38.22,,
100 Libre,"RODRIGUEZ ZUBIAURRE, Luka",2012,CN Judizmendi,1:04.11,2026-05-09,Nadador Completo,M,31.57;32.54,,
100 Libre,"UBIRIA APRAIZ, Julen",2012,CN Judizmendi,1:03.50,2026-05-09,Nadador Completo,M,30.58;32.92,,
100 Libre,"VARA DIAZ DE GARAYO, Aimar",2011,CN Menditxo,1:02.72,2026-05-09,Nadador Completo,M,30.03;32.69,,
100 Espalda,"ABAITUA PIPAON, Malen",2011,CN Judizmendi,1:11.40,2026-05-09,Nadador Completo,F,33.18;38.22,,
100 Espalda,"AGUIRRE SANCHEZ, Eider",2011,CN Judizmendi,1:10.80,2026-05-09,Nadador Completo,F,34.55;36.25,,
100 Espalda,"AGUIRREGOMEZCORTA ALIAS, Olatz",2011,CN Menditxo,1:41.59,2026-05-09,Nadador Completo,F,48.54;53.05,,
100 Espalda,"ALONSO GARCIA, Adriana",2012,CN Zadorra,1:32.31,2026-05-09,Nadador Completo,F,44.72;47.59,,
100 Espalda,"ANGULO SANTAMARIA, Irune",2011,CN Menditxo,1:24.17,2026-05-09,Nadador Completo,F,40.95;43.22,,
100 Espalda,"DAQUANNO, Giorgia",2012,CN Menditxo,1:16.01,2026-05-09,Nadador Completo,F,37.03;38.98,,
100 Espalda,"DURANA ANDA, Martina",2011,CN Judizmendi,1:15.94,2026-05-09,Nadador Completo,F,37.66;38.28,,
100 Espalda,"FDZ. DE LABASTIDA DIAZ, Ainhize",2011,CN Menditxo,1:24.02,2026-05-09,Nadador Completo,F,41.22;42.80,,
100 Espalda,"GARAY SAENZ, Ixone",2011,CN Judizmendi,1:12.82,2026-05-09,Nadador Completo,F,35.92;36.90,,
100 Espalda,"GOMEZ MORAN, Naroa",2011,CN Urgain,1:26.36,2026-05-09,Nadador Completo,F,42.42;43.94,,
100 Espalda,"GONZALEZ ELIZBURU, Leire",2012,CN Judizmendi,1:19.28,2026-05-09,Nadador Completo,F,39.71;39.57,,
100 Espalda,"GONZALEZ FERNANDEZ, Laia",2012,CN Judizmendi,1:20.22,2026-05-09,Nadador Completo,F,38.97;41.25,,
100 Espalda,"GONZALEZ SANCHEZ, Miren",2012,CN Judizmendi,1:28.92,2026-05-09,Nadador Completo,F,44.16;44.76,,
100 Espalda,"GOYARROLA ARTOLA, Ayala",2012,CN Judizmendi,1:19.54,2026-05-09,Nadador Completo,F,38.89;40.65,,
100 Espalda,"HERRANZ FDZ DE LANDA, Haizea",2011,CN Menditxo,1:17.63,2026-05-09,Nadador Completo,F,38.09;39.54,,
100 Espalda,"HERRERO ALONSO, Izaro",2012,CN Judizmendi,1:23.72,2026-05-09,Nadador Completo,F,41.98;41.74,,
100 Espalda,"IBARRA FERNANDEZ, Iris",2012,CN Menditxo,1:31.81,2026-05-09,Nadador Completo,F,45.61;46.20,,
100 Espalda,"LLAMAS FERNANDEZ, Irati",2012,CN Judizmendi,1:21.00,2026-05-09,Nadador Completo,F,39.30;41.70,,
100 Espalda,"LUCIA LIN, Xuyun",2011,CN Urgain,1:40.62,2026-05-09,Nadador Completo,F,48.81;51.81,,
100 Espalda,"MARTINEZ ESCOLAR, Ainhoa",2012,CN Zadorra,1:28.46,2026-05-09,Nadador Completo,F,43.70;44.76,,
100 Espalda,"MARTINEZ ROJO, Leire",2012,CN Judizmendi,1:23.01,2026-05-09,Nadador Completo,F,40.65;42.36,,
100 Espalda,"MENDIBE SAN JUAN, Amaia",2011,CN Menditxo,1:32.92,2026-05-09,Nadador Completo,F,45.77;47.15,,
100 Espalda,"MUÑOZ FELIPE, Oihane",2011,CN Menditxo,1:23.11,2026-05-09,Nadador Completo,F,39.27;43.84,,
100 Espalda,"ORTIZ DE ZARATE VILLEN, Leizuri",2012,CN Menditxo,1:21.36,2026-05-09,Nadador Completo,F,40.60;40.76,,
100 Espalda,"PINILLA SOLETO, Naia",2011,CN Menditxo,1:28.29,2026-05-09,Nadador Completo,F,42.87;45.42,,
100 Espalda,"PULIDO CRESPO, Nahia",2011,CN Menditxo,1:31.25,2026-05-09,Nadador Completo,F,44.21;47.04,,
100 Espalda,"RODRIGUEZ GUINEA, Ane",2011,CN Zadorra,,2026-05-09,Nadador Completo,F,,DSQ,Viraje Irregular
100 Espalda,"SAINZ MONGE, Idurre",2011,CN Menditxo,1:24.67,2026-05-09,Nadador Completo,F,41.30;43.37,,
100 Espalda,"ZUFIAUR GOMEZ, Maite",2011,CN Menditxo,1:21.38,2026-05-09,Nadador Completo,F,40.37;41.01,,
100 Espalda,"ANTON BELTRAN DE GUEVARA, Alex",2012,CN Judizmendi,1:11.11,2026-05-09,Nadador Completo,M,34.81;36.30,,
100 Espalda,"ARMIÑO CRUCELEGUI, Alex",2011,CN Judizmendi,1:17.02,2026-05-09,Nadador Completo,M,36.79;40.23,,
100 Espalda,"BASABEA OLABE, Ekain",2012,CN Judizmendi,1:18.91,2026-05-09,Nadador Completo,M,38.56;40.35,,
100 Espalda,"CARPIO RODRIGUEZ, Urko",2012,CN Judizmendi,1:25.49,2026-05-09,Nadador Completo,M,41.28;44.21,,
100 Espalda,"COLLADO ARRANZ, Hegoi",2011,CN Judizmendi,1:20.53,2026-05-09,Nadador Completo,M,39.68;40.85,,
100 Espalda,"ETXEBARRIA SAEZ DE UGARTE, Eneko",2011,CN Judizmendi,1:09.91,2026-05-09,Nadador Completo,M,34.38;35.53,,
100 Espalda,"FDZ. DE RETANA GONZALEZ DE HEREDIA, Xabier",2011,CN Judizmendi,1:11.37,2026-05-09,Nadador Completo,M,34.73;36.64,,
100 Espalda,"FERNANDEZ SAEZ, Martin",2011,CN Judizmendi,1:16.53,2026-05-09,Nadador Completo,M,37.19;39.34,,
100 Espalda,"HERNANDEZ QUEREJAZU, John",2011,CN Menditxo,1:18.68,2026-05-09,Nadador Completo,M,38.78;39.90,,
100 Espalda,"IBARRARAN RAMIREZ DE OCARIZ, Jon",2012,CN Judizmendi,1:12.69,2026-05-09,Nadador Completo,M,35.28;37.41,,
100 Espalda,"LOPEZ DE MUNAIN SEDANO, Oier",2011,CN Menditxo,1:16.03,2026-05-09,Nadador Completo,M,36.65;39.38,,
100 Espalda,"MARTINEZ MUZAS, Unax",2012,CN Judizmendi,1:20.01,2026-05-09,Nadador Completo,M,39.26;40.75,,
100 Espalda,"MARTINEZ YOLDI, Gorka",2012,CN Judizmendi,1:23.11,2026-05-09,Nadador Completo,M,40.16;42.95,,
100 Espalda,"MENDIA GAINZARAIN, Oihan",2011,CN Menditxo,1:13.31,2026-05-09,Nadador Completo,M,36.05;37.26,,
100 Espalda,"ORTEGA ARANGO, Ander",2012,CN Judizmendi,1:23.49,2026-05-09,Nadador Completo,M,41.20;42.29,,
100 Espalda,"ORTEGA ENRIQUE, Yeray",2012,CN Menditxo,1:03.79,2026-05-09,Nadador Completo,M,30.50;33.29,,
100 Espalda,"PUERTAS RIVAS, Aratz",2011,CN Judizmendi,1:07.43,2026-05-09,Nadador Completo,M,33.28;34.15,,
100 Espalda,"RAMIREZ DE OCARIZ VILOR, Markel",2012,CN Judizmendi,,2026-05-09,Nadador Completo,M,,DSQ,Viraje Irregular
100 Espalda,"RODRIGUEZ BLANCO, Unax",2012,CN Judizmendi,1:26.92,2026-05-09,Nadador Completo,M,42.85;44.07,,
100 Espalda,"RODRIGUEZ ZUBIAURRE, Luka",2012,CN Judizmendi,1:15.67,2026-05-09,Nadador Completo,M,37.79;37.88,,
100 Espalda,"UBIRIA APRAIZ, Julen",2012,CN Judizmendi,1:15.55,2026-05-09,Nadador Completo,M,36.34;39.21,,
100 Espalda,"VARA DIAZ DE GARAYO, Aimar",2011,CN Menditxo,1:22.07,2026-05-09,Nadador Completo,M,38.93;43.14,,
100 Braza,"ABAITUA PIPAON, Malen",2011,CN Judizmendi,1:23.00,2026-05-09,Nadador Completo,F,39.18;43.82,,
100 Braza,"AGUIRRE SANCHEZ, Eider",2011,CN Judizmendi,1:23.00,2026-05-09,Nadador Completo,F,39.89;43.11,,
100 Braza,"AGUIRREGOMEZCORTA ALIAS, Olatz",2011,CN Menditxo,1:53.53,2026-05-09,Nadador Completo,F,53.20;1:00.33,,
100 Braza,"ALONSO GARCIA, Adriana",2012,CN Zadorra,1:58.34,2026-05-09,Nadador Completo,F,56.93;1:01.41,,
100 Braza,"ANGULO SANTAMARIA, Irune",2011,CN Menditxo,1:23.77,2026-05-09,Nadador Completo,F,39.43;44.34,,
100 Braza,"COLLADO MORENO, Cristina",2011,CN Urgain,1:39.63,2026-05-09,Nadador Completo,F,46.94;52.69,,
100 Braza,"DAQUANNO, Giorgia",2012,CN Menditxo,1:33.42,2026-05-09,Nadador Completo,F,44.37;49.05,,
100 Braza,"DURANA ANDA, Martina",2011,CN Judizmendi,1:23.49,2026-05-09,Nadador Completo,F,39.58;43.91,,
100 Braza,"FDZ. DE LABASTIDA DIAZ, Ainhize",2011,CN Menditxo,1:35.78,2026-05-09,Nadador Completo,F,45.30;50.48,,
100 Braza,"GARAY SAENZ, Ixone",2011,CN Judizmendi,1:25.02,2026-05-09,Nadador Completo,F,40.60;44.42,,
100 Braza,"GOMEZ MORAN, Naroa",2011,CN Urgain,1:31.81,2026-05-09,Nadador Completo,F,42.94;48.87,,
100 Braza,"GONZALEZ ELIZBURU, Leire",2012,CN Judizmendi,1:26.76,2026-05-09,Nadador Completo,F,41.48;45.28,,
100 Braza,"GONZALEZ FERNANDEZ, Laia",2012,CN Judizmendi,1:28.14,2026-05-09,Nadador Completo,F,42.18;45.96,,
100 Braza,"GONZALEZ SANCHEZ, Miren",2012,CN Judizmendi,1:40.82,2026-05-09,Nadador Completo,F,48.89;51.93,,
100 Braza,"GOYARROLA ARTOLA, Ayala",2012,CN Judizmendi,1:27.62,2026-05-09,Nadador Completo,F,41.85;45.77,,
100 Braza,"GUTIERREZ BERMUDEZ, Lucia",2011,CN Zadorra,1:57.80,2026-05-09,Nadador Completo,F,56.79;1:01.01,,
100 Braza,"HERRANZ FDZ DE LANDA, Haizea",2011,CN Menditxo,1:29.27,2026-05-09,Nadador Completo,F,41.89;47.38,,
100 Braza,"HERRERO ALONSO, Izaro",2012,CN Judizmendi,1:43.19,2026-05-09,Nadador Completo,F,49.56;53.63,,
100 Braza,"IBARRA FERNANDEZ, Iris",2012,CN Menditxo,1:43.53,2026-05-09,Nadador Completo,F,48.50;55.03,,
100 Braza,"LLAMAS FERNANDEZ, Irati",2012,CN Judizmendi,1:33.14,2026-05-09,Nadador Completo,F,44.43;48.71,,
100 Braza,"LUCIA LIN, Xuyun",2011,CN Urgain,1:38.52,2026-05-09,Nadador Completo,F,46.23;52.29,,
100 Braza,"MARTINEZ DE MURGUIA ALVAREZ, Izaro",2012,CN Judizmendi,1:32.60,2026-05-09,Nadador Completo,F,44.98;47.62,,
100 Braza,"MARTINEZ ESCOLAR, Ainhoa",2012,CN Zadorra,1:30.49,2026-05-09,Nadador Completo,F,43.03;47.46,,
100 Braza,"MARTINEZ ROJO, Leire",2012,CN Judizmendi,1:26.71,2026-05-09,Nadador Completo,F,40.28;46.43,,
100 Braza,"MENDIBE SAN JUAN, Amaia",2011,CN Menditxo,1:34.96,2026-05-09,Nadador Completo,F,45.17;49.79,,
100 Braza,"MUÑOZ FELIPE, Oihane",2011,CN Menditxo,1:36.97,2026-05-09,Nadador Completo,F,45.32;51.65,,
100 Braza,"ORTIZ DE ZARATE VILLEN, Leizuri",2012,CN Menditxo,1:33.98,2026-05-09,Nadador Completo,F,44.68;49.30,,
100 Braza,"PINILLA SOLETO, Naia",2011,CN Menditxo,,2026-05-09,Nadador Completo,F,,DSQ,
100 Braza,"RODRIGUEZ GUINEA, Ane",2011,CN Zadorra,1:53.79,2026-05-09,Nadador Completo,F,51.83;1:01.96,,
100 Braza,"RODRÍGUEZ LÓPEZ DE VICUÑA, Nora",2012,CN Judizmendi,1:24.93,2026-05-09,Nadador Completo,F,40.13;44.80,,
100 Braza,"SAINZ MONGE, Idurre",2011,CN Menditxo,1:32.65,2026-05-09,Nadador Completo,F,43.67;48.98,,
100 Braza,"ZUFIAUR GOMEZ, Maite",2011,CN Menditxo,1:26.40,2026-05-09,Nadador Completo,F,41.07;45.33,,
100 Braza,"ANTON BELTRAN DE GUEVARA, Alex",2012,CN Judizmendi,1:24.81,2026-05-09,Nadador Completo,M,40.63;44.18,,
100 Braza,"ARMIÑO CRUCELEGUI, Alex",2011,CN Judizmendi,1:27.86,2026-05-09,Nadador Completo,M,42.02;45.84,,
100 Braza,"BASABEA OLABE, Ekain",2012,CN Judizmendi,1:28.45,2026-05-09,Nadador Completo,M,41.95;46.50,,
100 Braza,"CARPIO RODRIGUEZ, Urko",2012,CN Judizmendi,1:34.92,2026-05-09,Nadador Completo,M,44.51;50.41,,
100 Braza,"COLLADO ARRANZ, Hegoi",2011,CN Judizmendi,1:29.05,2026-05-09,Nadador Completo,M,41.96;47.09,,
100 Braza,"ETXEBARRIA SAEZ DE UGARTE, Eneko",2011,CN Judizmendi,,2026-05-09,Nadador Completo,M,,DSQ,Nado Irregular
100 Braza,"FDZ. DE RETANA GONZALEZ DE HEREDIA, Xabier",2011,CN Judizmendi,1:17.33,2026-05-09,Nadador Completo,M,36.59;40.74,,
100 Braza,"FERNANDEZ SAEZ, Martin",2011,CN Judizmendi,1:19.96,2026-05-09,Nadador Completo,M,37.91;42.05,,
100 Braza,"HERNANDEZ QUEREJAZU, John",2011,CN Menditxo,1:31.25,2026-05-09,Nadador Completo,M,43.73;47.52,,
100 Braza,"IBARRARAN RAMIREZ DE OCARIZ, Jon",2012,CN Judizmendi,1:21.90,2026-05-09,Nadador Completo,M,39.44;42.46,,
100 Braza,"LOPEZ DE MUNAIN SEDANO, Oier",2011,CN Menditxo,1:29.32,2026-05-09,Nadador Completo,M,41.73;47.59,,
100 Braza,"MARTINEZ MUZAS, Unax",2012,CN Judizmendi,1:33.64,2026-05-09,Nadador Completo,M,44.72;48.92,,
100 Braza,"MARTINEZ YOLDI, Gorka",2012,CN Judizmendi,1:41.32,2026-05-09,Nadador Completo,M,48.07;53.25,,
100 Braza,"MENDIA GAINZARAIN, Oihan",2011,CN Menditxo,1:26.42,2026-05-09,Nadador Completo,M,40.68;45.74,,
100 Braza,"ORTEGA ARANGO, Ander",2012,CN Judizmendi,1:19.61,2026-05-09,Nadador Completo,M,37.94;41.67,,
100 Braza,"ORTEGA ENRIQUE, Yeray",2012,CN Menditxo,1:17.12,2026-05-09,Nadador Completo,M,35.72;41.40,,
100 Braza,"PUERTAS RIVAS, Aratz",2011,CN Judizmendi,1:20.53,2026-05-09,Nadador Completo,M,38.06;42.47,,
100 Braza,"RAMIREZ DE OCARIZ VILOR, Markel",2012,CN Judizmendi,1:29.38,2026-05-09,Nadador Completo,M,42.00;47.38,,
100 Braza,"RODRIGUEZ BLANCO, Unax",2012,CN Judizmendi,1:36.69,2026-05-09,Nadador Completo,M,47.37;49.32,,
100 Braza,"RODRIGUEZ ZUBIAURRE, Luka",2012,CN Judizmendi,1:29.11,2026-05-09,Nadador Completo,M,42.82;46.29,,
100 Braza,"UBIRIA APRAIZ, Julen",2012,CN Judizmendi,1:27.08,2026-05-09,Nadador Completo,M,41.15;45.93,,
100 Braza,"VARA DIAZ DE GARAYO, Aimar",2011,CN Menditxo,1:30.19,2026-05-09,Nadador Completo,M,41.01;49.18,,
100 Mariposa,"ABAITUA PIPAON, Malen",2011,CN Judizmendi,1:16.42,2026-05-09,Nadador Completo,F,34.05;42.37,,
100 Mariposa,"AGUIRRE SANCHEZ, Eider",2011,CN Judizmendi,1:05.27,2026-05-09,Nadador Completo,F,29.90;35.37,,
100 Mariposa,"AGUIRREGOMEZCORTA ALIAS, Olatz",2011,CN Menditxo,1:53.93,2026-05-09,Nadador Completo,F,49.44;1:04.49,,
100 Mariposa,"ALONSO GARCIA, Adriana",2012,CN Zadorra,,2026-05-09,Nadador Completo,F,,DSQ,Nado Irregular
100 Mariposa,"ANGULO SANTAMARIA, Irune",2011,CN Menditxo,1:17.90,2026-05-09,Nadador Completo,F,36.29;41.61,,
100 Mariposa,"DAQUANNO, Giorgia",2012,CN Menditxo,1:23.93,2026-05-09,Nadador Completo,F,38.61;45.32,,
100 Mariposa,"DURANA ANDA, Martina",2011,CN Judizmendi,1:14.03,2026-05-09,Nadador Completo,F,35.00;39.03,,
100 Mariposa,"FDZ. DE LABASTIDA DIAZ, Ainhize",2011,CN Menditxo,1:23.43,2026-05-09,Nadador Completo,F,38.67;44.76,,
100 Mariposa,"GARAY SAENZ, Ixone",2011,CN Judizmendi,1:13.88,2026-05-09,Nadador Completo,F,33.92;39.96,,
100 Mariposa,"GOMEZ MORAN, Naroa",2011,CN Urgain,1:27.33,2026-05-09,Nadador Completo,F,39.64;47.69,,
100 Mariposa,"GONZALEZ ELIZBURU, Leire",2012,CN Judizmendi,1:35.08,2026-05-09,Nadador Completo,F,42.94;52.14,,
100 Mariposa,"GONZALEZ FERNANDEZ, Laia",2012,CN Judizmendi,1:14.39,2026-05-09,Nadador Completo,F,35.65;38.74,,
100 Mariposa,"GONZALEZ SANCHEZ, Miren",2012,CN Judizmendi,1:25.04,2026-05-09,Nadador Completo,F,39.98;45.06,,
100 Mariposa,"GOYARROLA ARTOLA, Ayala",2012,CN Judizmendi,1:26.44,2026-05-09,Nadador Completo,F,39.98;46.46,,
100 Mariposa,"HERRANZ FDZ DE LANDA, Haizea",2011,CN Menditxo,1:18.69,2026-05-09,Nadador Completo,F,36.45;42.24,,
100 Mariposa,"HERRERO ALONSO, Izaro",2012,CN Judizmendi,1:35.33,2026-05-09,Nadador Completo,F,43.96;51.37,,
100 Mariposa,"IBARRA FERNANDEZ, Iris",2012,CN Menditxo,1:41.24,2026-05-09,Nadador Completo,F,45.74;55.50,,
100 Mariposa,"LLAMAS FERNANDEZ, Irati",2012,CN Judizmendi,1:35.60,2026-05-09,Nadador Completo,F,42.15;53.45,,
100 Mariposa,"LUCIA LIN, Xuyun",2011,CN Urgain,1:40.27,2026-05-09,Nadador Completo,F,43.70;56.57,,
100 Mariposa,"MARTINEZ ESCOLAR, Ainhoa",2012,CN Zadorra,1:38.23,2026-05-09,Nadador Completo,F,46.76;51.47,,
100 Mariposa,"MARTINEZ ROJO, Leire",2012,CN Judizmendi,1:29.18,2026-05-09,Nadador Completo,F,39.60;49.58,,
100 Mariposa,"MENDIBE SAN JUAN, Amaia",2011,CN Menditxo,1:35.11,2026-05-09,Nadador Completo,F,43.72;51.39,,
100 Mariposa,"MUÑOZ FELIPE, Oihane",2011,CN Menditxo,1:26.86,2026-05-09,Nadador Completo,F,39.99;46.87,,
100 Mariposa,"ORTIZ DE ZARATE VILLEN, Leizuri",2012,CN Menditxo,1:26.64,2026-05-09,Nadador Completo,F,39.69;46.95,,
100 Mariposa,"PINILLA SOLETO, Naia",2011,CN Menditxo,1:24.99,2026-05-09,Nadador Completo,F,38.34;46.65,,
100 Mariposa,"PULIDO CRESPO, Nahia",2011,CN Menditxo,1:33.73,2026-05-09,Nadador Completo,F,41.58;52.15,,
100 Mariposa,"RODRIGUEZ GUINEA, Ane",2011,CN Zadorra,1:46.60,2026-05-09,Nadador Completo,F,48.04;58.56,,
100 Mariposa,"SAINZ MONGE, Idurre",2011,CN Menditxo,1:28.90,2026-05-09,Nadador Completo,F,40.74;48.16,,
100 Mariposa,"ZUFIAUR GOMEZ, Maite",2011,CN Menditxo,1:22.93,2026-05-09,Nadador Completo,F,38.71;44.22,,
100 Mariposa,"ANTON BELTRAN DE GUEVARA, Alex",2012,CN Judizmendi,1:14.16,2026-05-09,Nadador Completo,M,34.39;39.77,,
100 Mariposa,"ARMIÑO CRUCELEGUI, Alex",2011,CN Judizmendi,1:23.78,2026-05-09,Nadador Completo,M,38.89;44.89,,
100 Mariposa,"BASABEA OLABE, Ekain",2012,CN Judizmendi,1:18.65,2026-05-09,Nadador Completo,M,37.31;41.34,,
100 Mariposa,"CARPIO RODRIGUEZ, Urko",2012,CN Judizmendi,1:28.57,2026-05-09,Nadador Completo,M,40.43;48.14,,
100 Mariposa,"COLLADO ARRANZ, Hegoi",2011,CN Judizmendi,1:20.86,2026-05-09,Nadador Completo,M,36.91;43.95,,
100 Mariposa,"ETXEBARRIA SAEZ DE UGARTE, Eneko",2011,CN Judizmendi,1:07.35,2026-05-09,Nadador Completo,M,32.10;35.25,,
100 Mariposa,"FDZ. DE RETANA GONZALEZ DE HEREDIA, Xabier",2011,CN Judizmendi,1:12.78,2026-05-09,Nadador Completo,M,33.47;39.31,,
100 Mariposa,"FERNANDEZ SAEZ, Martin",2011,CN Judizmendi,1:11.55,2026-05-09,Nadador Completo,M,34.08;37.47,,
100 Mariposa,"HERNANDEZ QUEREJAZU, John",2011,CN Menditxo,1:25.73,2026-05-09,Nadador Completo,M,39.49;46.24,,
100 Mariposa,"IBARRARAN RAMIREZ DE OCARIZ, Jon",2012,CN Judizmendi,1:20.19,2026-05-09,Nadador Completo,M,36.45;43.74,,
100 Mariposa,"LOPEZ DE MUNAIN SEDANO, Oier",2011,CN Menditxo,1:16.89,2026-05-09,Nadador Completo,M,35.19;41.70,,
100 Mariposa,"MARTINEZ MUZAS, Unax",2012,CN Judizmendi,1:35.21,2026-05-09,Nadador Completo,M,41.65;53.56,,
100 Mariposa,"MARTINEZ YOLDI, Gorka",2012,CN Judizmendi,1:29.99,2026-05-09,Nadador Completo,M,40.82;49.17,,
100 Mariposa,"MENDIA GAINZARAIN, Oihan",2011,CN Menditxo,1:11.41,2026-05-09,Nadador Completo,M,33.04;38.37,,
100 Mariposa,"ORTEGA ARANGO, Ander",2012,CN Judizmendi,1:24.98,2026-05-09,Nadador Completo,M,40.31;44.67,,
100 Mariposa,"ORTEGA ENRIQUE, Yeray",2012,CN Menditxo,1:05.22,2026-05-09,Nadador Completo,M,29.60;35.62,,
100 Mariposa,"PUERTAS RIVAS, Aratz",2011,CN Judizmendi,1:15.59,2026-05-09,Nadador Completo,M,34.14;41.45,,
100 Mariposa,"RAMIREZ DE OCARIZ VILOR, Markel",2012,CN Judizmendi,1:33.61,2026-05-09,Nadador Completo,M,,,
100 Mariposa,"RODRIGUEZ BLANCO, Unax",2012,CN Judizmendi,1:20.80,2026-05-09,Nadador Completo,M,39.86;40.94,,
100 Mariposa,"RODRIGUEZ ZUBIAURRE, Luka",2012,CN Judizmendi,1:21.69,2026-05-09,Nadador Completo,M,38.71;42.98,,
100 Mariposa,"UBIRIA APRAIZ, Julen",2012,CN Judizmendi,1:19.34,2026-05-09,Nadador Completo,M,36.27;43.07,,
100 Mariposa,"VARA DIAZ DE GARAYO, Aimar",2011,CN Menditxo,1:20.61,2026-05-09,Nadador Completo,M,36.06;44.55,,
50 Libre,"AGUIRRE SANCHEZ, Eider",2011,CN Judizmendi,28.03,2026-06-14,Cto Álava Verano,F,,,
50 Libre,"AGUIRREGOMEZCORTA ALIAS, Olatz",2011,CN Menditxo,37.94,2026-06-14,Cto Álava Verano,F,,,
50 Libre,"ANGULO SANTAMARIA, Irune",2011,CN Menditxo,31.85,2026-06-14,Cto Álava Verano,F,,,
50 Libre,"COLLADO MORENO, Cristina",2011,CN Urgain,33.15,2026-06-14,Cto Álava Verano,F,,,
50 Libre,"DURANA ANDA, Martina",2011,CN Judizmendi,30.17,2026-06-14,Cto Álava Verano,F,,,
50 Libre,"FDZ. DE LABASTIDA DIAZ, Ainhize",2011,CN Menditxo,31.61,2026-06-14,Cto Álava Verano,F,,,
50 Libre,"FERNANDEZ CABRERA, Mara",2012,CN Menditxo,31.33,2026-06-14,Cto Álava Verano,F,,,
50 Libre,"GARAY SAENZ, Ixone",2011,CN Judizmendi,29.43,2026-06-14,Cto Álava Verano,F,,,
50 Libre,"GOMEZ MORAN, Naroa",2011,CN Urgain,31.31,2026-06-14,Cto Álava Verano,F,,,
50 Libre,"GONZALEZ ELIZBURU, Leire",2012,CN Judizmendi,31.47,2026-06-14,Cto Álava Verano,F,,,
50 Libre,"GOYARROLA ARTOLA, Ayala",2012,CN Judizmendi,30.50,2026-06-14,Cto Álava Verano,F,,,
50 Libre,"HERRANZ FDZ DE LANDA, Haizea",2011,CN Menditxo,30.58,2026-06-14,Cto Álava Verano,F,,,
50 Libre,"IBARRA FERNANDEZ, Iris",2012,CN Menditxo,35.98,2026-06-14,Cto Álava Verano,F,,,
50 Libre,"LLAMAS FERNANDEZ, Irati",2012,CN Judizmendi,31.83,2026-06-14,Cto Álava Verano,F,,,
50 Libre,"MARTINEZ DE MURGUIA ALVAREZ, Izaro",2012,CN Judizmendi,33.27,2026-06-14,Cto Álava Verano,F,,,
50 Libre,"MARTINEZ ESCOLAR, Ainhoa",2012,CN Zadorra,34.36,2026-06-14,Cto Álava Verano,F,,,
50 Libre,"MENDIBE SAN JUAN, Amaia",2011,CN Menditxo,35.10,2026-06-14,Cto Álava Verano,F,,,
50 Libre,"MUÑOZ FELIPE, Oihane",2011,CN Menditxo,32.46,2026-06-14,Cto Álava Verano,F,,,
50 Libre,"ORTIZ DE ZARATE VILLEN, Leizuri",2012,CN Menditxo,31.05,2026-06-14,Cto Álava Verano,F,,,
50 Libre,"PINILLA SOLETO, Naia",2011,CN Menditxo,31.76,2026-06-14,Cto Álava Verano,F,,,
50 Libre,"PULIDO CRESPO, Nahia",2011,CN Menditxo,31.68,2026-06-14,Cto Álava Verano,F,,,
50 Libre,"RODRIGUEZ GUINEA, Ane",2011,CN Zadorra,37.64,2026-06-14,Cto Álava Verano,F,,,
50 Libre,"RODRÍGUEZ LÓPEZ DE VICUÑA, Nora",2012,CN Judizmendi,31.99,2026-06-14,Cto Álava Verano,F,,,
50 Libre,"TABARES LERMA, Getari",2012,CN Zadorra,35.70,2026-06-14,Cto Álava Verano,F,,,
50 Libre,"UNZUETA TRAVESI, Alaia",2012,CN Urgain,38.83,2026-06-14,Cto Álava Verano,F,,,
50 Libre,"ARMIÑO CRUCELEGUI, Alex",2011,CN Judizmendi,29.21,2026-06-14,Cto Álava Verano,M,,,
50 Libre,"COLLADO ARRANZ, Hegoi",2011,CN Judizmendi,28.80,2026-06-14,Cto Álava Verano,M,,,
50 Libre,"CORTINA FERNANDEZ DE LIGER, Xabier",2012,CN Judizmendi,27.82,2026-06-14,Cto Álava Verano,M,,,
50 Libre,"FDZ. DE RETANA GONZALEZ DE HEREDIA, Xabier",2011,CN Judizmendi,28.64,2026-06-14,Cto Álava Verano,M,,,
50 Libre,"FERNANDEZ SAEZ, Martin",2011,CN Judizmendi,28.01,2026-06-14,Cto Álava Verano,M,,,
50 Libre,"HERNANDEZ QUEREJAZU, John",2011,CN Menditxo,30.47,2026-06-14,Cto Álava Verano,M,,,
50 Libre,"IBARRARAN RAMIREZ DE OCARIZ, Jon",2012,CN Judizmendi,28.91,2026-06-14,Cto Álava Verano,M,,,
50 Libre,"LOPEZ DE MUNAIN SEDANO, Oier",2011,CN Menditxo,29.38,2026-06-14,Cto Álava Verano,M,,,
50 Libre,"MARTINEZ MUZAS, Unax",2012,CN Judizmendi,32.74,2026-06-14,Cto Álava Verano,M,,,
50 Libre,"MENDIA GAINZARAIN, Oihan",2011,CN Menditxo,29.13,2026-06-14,Cto Álava Verano,M,,,
50 Libre,"ORTEGA ARANGO, Ander",2012,CN Judizmendi,30.84,2026-06-14,Cto Álava Verano,M,,,
50 Libre,"ORTEGA ENRIQUE, Yeray",2012,CN Menditxo,25.72,2026-06-14,Cto Álava Verano,M,,,
50 Libre,"PUERTAS RIVAS, Aratz",2011,CN Judizmendi,28.06,2026-06-14,Cto Álava Verano,M,,,
50 Libre,"RODRIGUEZ ZUBIAURRE, Luka",2012,CN Judizmendi,28.71,2026-06-14,Cto Álava Verano,M,,,
50 Libre,"ROS IRIARTE, Ekhi",2012,CN Urgain,32.08,2026-06-14,Cto Álava Verano,M,,,
50 Libre,"UBIRIA APRAIZ, Julen",2012,CN Judizmendi,29.05,2026-06-14,Cto Álava Verano,M,,,
50 Libre,"VARA DIAZ DE GARAYO, Aimar",2011,CN Menditxo,27.63,2026-06-14,Cto Álava Verano,M,,,
100 Libre,"AGUIRRE SANCHEZ, Eider",2011,CN Judizmendi,1:00.90,2026-06-14,Cto Álava Verano,F,29.44;31.46,,
100 Libre,"ALONSO GARCIA, Adriana",2012,CN Zadorra,1:19.22,2026-06-14,Cto Álava Verano,F,37.91;41.31,,
100 Libre,"CARAZO ARISTIMUÑO, Nerea",2011,CN Zadorra,1:13.00,2026-06-14,Cto Álava Verano,F,34.64;38.36,,
100 Libre,"DAQUANNO, Giorgia",2012,CN Menditxo,1:09.60,2026-06-14,Cto Álava Verano,F,33.43;36.17,,
100 Libre,"DURANA ANDA, Martina",2011,CN Judizmendi,1:06.88,2026-06-14,Cto Álava Verano,F,32.01;34.87,,
100 Libre,"FDZ. DE LABASTIDA DIAZ, Ainhize",2011,CN Menditxo,1:11.86,2026-06-14,Cto Álava Verano,F,34.38;37.48,,
100 Libre,"GARAY SAENZ, Ixone",2011,CN Judizmendi,1:03.08,2026-06-14,Cto Álava Verano,F,30.67;32.41,,
100 Libre,"GOMEZ MORAN, Naroa",2011,CN Urgain,1:10.03,2026-06-14,Cto Álava Verano,F,33.32;36.71,,
100 Libre,"GOYARROLA ARTOLA, Ayala",2012,CN Judizmendi,1:07.47,2026-06-14,Cto Álava Verano,F,32.75;34.72,,
100 Libre,"GUTIERREZ BERMUDEZ, Lucia",2011,CN Zadorra,1:20.36,2026-06-14,Cto Álava Verano,F,38.60;41.76,,
100 Libre,"HERRANZ FDZ DE LANDA, Haizea",2011,CN Menditxo,1:06.31,2026-06-14,Cto Álava Verano,F,31.69;34.62,,
100 Libre,"HERRERO ALONSO, Izaro",2012,CN Judizmendi,1:17.60,2026-06-14,Cto Álava Verano,F,38.10;39.50,,
100 Libre,"LLAMAS FERNANDEZ, Irati",2012,CN Judizmendi,1:13.07,2026-06-14,Cto Álava Verano,F,34.09;38.98,,
100 Libre,"MARTINEZ ROJO, Leire",2012,CN Judizmendi,1:10.83,2026-06-14,Cto Álava Verano,F,33.93;36.90,,
100 Libre,"MUÑOZ FELIPE, Oihane",2011,CN Menditxo,1:12.76,2026-06-14,Cto Álava Verano,F,34.56;38.20,,
100 Libre,"ORTIZ DE ZARATE VILLEN, Leizuri",2012,CN Menditxo,1:09.56,2026-06-14,Cto Álava Verano,F,33.29;36.27,,
100 Libre,"PINILLA SOLETO, Naia",2011,CN Menditxo,1:09.01,2026-06-14,Cto Álava Verano,F,33.21;35.80,,
100 Libre,"PULIDO CRESPO, Nahia",2011,CN Menditxo,1:11.63,2026-06-14,Cto Álava Verano,F,34.44;37.19,,
100 Libre,"TABARES LERMA, Getari",2012,CN Zadorra,1:19.52,2026-06-14,Cto Álava Verano,F,38.09;41.43,,
100 Libre,"UNZUETA TRAVESI, Alaia",2012,CN Urgain,1:26.44,2026-06-14,Cto Álava Verano,F,39.52;46.92,,
100 Libre,"ANTON BELTRAN DE GUEVARA, Alex",2012,CN Judizmendi,1:03.84,2026-06-14,Cto Álava Verano,M,31.15;32.69,,
100 Libre,"ARMIÑO CRUCELEGUI, Alex",2011,CN Judizmendi,1:05.89,2026-06-14,Cto Álava Verano,M,30.88;35.01,,
100 Libre,"BASABEA OLABE, Ekain",2012,CN Judizmendi,1:06.62,2026-06-14,Cto Álava Verano,M,32.21;34.41,,
100 Libre,"CARPIO RODRIGUEZ, Urko",2012,CN Judizmendi,1:10.02,2026-06-14,Cto Álava Verano,M,33.54;36.48,,
100 Libre,"COLLADO ARRANZ, Hegoi",2011,CN Judizmendi,1:04.19,2026-06-14,Cto Álava Verano,M,31.01;33.18,,
100 Libre,"CORTINA FERNANDEZ DE LIGER, Xabier",2012,CN Judizmendi,1:00.95,2026-06-14,Cto Álava Verano,M,29.66;31.29,,
100 Libre,"ETXEBARRIA SAEZ DE UGARTE, Eneko",2011,CN Judizmendi,1:04.57,2026-06-14,Cto Álava Verano,M,29.93;34.64,,
100 Libre,"FERNANDEZ SAEZ, Martin",2011,CN Judizmendi,1:01.09,2026-06-14,Cto Álava Verano,M,29.78;31.31,,
100 Libre,"HERNANDEZ QUEREJAZU, John",2011,CN Menditxo,1:08.65,2026-06-14,Cto Álava Verano,M,33.37;35.28,,
100 Libre,"IBARRARAN RAMIREZ DE OCARIZ, Jon",2012,CN Judizmendi,1:01.55,2026-06-14,Cto Álava Verano,M,29.65;31.90,,
100 Libre,"LOPEZ DE MUNAIN SEDANO, Oier",2011,CN Menditxo,1:07.66,2026-06-14,Cto Álava Verano,M,32.32;35.34,,
100 Libre,"MARTINEZ MUZAS, Unax",2012,CN Judizmendi,1:10.54,2026-06-14,Cto Álava Verano,M,33.50;37.04,,
100 Libre,"MENDIA GAINZARAIN, Oihan",2011,CN Menditxo,1:01.63,2026-06-14,Cto Álava Verano,M,29.41;32.22,,
100 Libre,"PUERTAS RIVAS, Aratz",2011,CN Judizmendi,1:01.43,2026-06-14,Cto Álava Verano,M,29.67;31.76,,
100 Libre,"RODRIGUEZ ZUBIAURRE, Luka",2012,CN Judizmendi,1:03.80,2026-06-14,Cto Álava Verano,M,31.57;32.23,,
100 Libre,"ROS IRIARTE, Ekhi",2012,CN Urgain,1:11.99,2026-06-14,Cto Álava Verano,M,33.60;38.39,,
100 Libre,"UBIRIA APRAIZ, Julen",2012,CN Judizmendi,1:03.14,2026-06-14,Cto Álava Verano,M,30.30;32.84,,
100 Libre,"VARA DIAZ DE GARAYO, Aimar",2011,CN Menditxo,1:02.70,2026-06-14,Cto Álava Verano,M,30.40;32.30,,
200 Libre,"AGUIRREGOMEZCORTA ALIAS, Olatz",2011,CN Menditxo,3:04.72,2026-06-14,Cto Álava Verano,F,40.48;48.23;48.58;47.43,,
200 Libre,"DURANA ANDA, Martina",2011,CN Judizmendi,2:20.96,2026-06-14,Cto Álava Verano,F,33.42;35.50;36.13;35.91,,
200 Libre,"GARAY SAENZ, Ixone",2011,CN Judizmendi,2:15.67,2026-06-14,Cto Álava Verano,F,32.33;34.52;34.31;34.51,,
200 Libre,"GOMEZ MORAN, Naroa",2011,CN Urgain,2:41.77,2026-06-14,Cto Álava Verano,F,36.28;40.92;43.54;41.03,,
200 Libre,"GONZALEZ ELIZBURU, Leire",2012,CN Judizmendi,2:35.69,2026-06-14,Cto Álava Verano,F,36.14;39.67;41.23;38.65,,
200 Libre,"GONZALEZ FERNANDEZ, Laia",2012,CN Judizmendi,2:28.41,2026-06-14,Cto Álava Verano,F,34.37;38.00;38.59;37.45,,
200 Libre,"GOYARROLA ARTOLA, Ayala",2012,CN Judizmendi,2:24.88,2026-06-14,Cto Álava Verano,F,33.80;37.05;37.67;36.36,,
200 Libre,"GUTIERREZ BERMUDEZ, Lucia",2011,CN Zadorra,2:56.57,2026-06-14,Cto Álava Verano,F,40.86;44.91;46.21;44.59,,
200 Libre,"HERRANZ FDZ DE LANDA, Haizea",2011,CN Menditxo,2:25.06,2026-06-14,Cto Álava Verano,F,33.82;36.72;37.25;37.27,,
200 Libre,"HERRERO ALONSO, Izaro",2012,CN Judizmendi,2:47.12,2026-06-14,Cto Álava Verano,F,39.43;42.77;42.93;41.99,,
200 Libre,"LLAMAS FERNANDEZ, Irati",2012,CN Judizmendi,2:36.12,2026-06-14,Cto Álava Verano,F,34.38;38.20;42.44;41.10,,
200 Libre,"MARTINEZ DE MURGUIA ALVAREZ, Izaro",2012,CN Judizmendi,2:34.34,2026-06-14,Cto Álava Verano,F,35.33;38.87;40.56;39.58,,
200 Libre,"MARTINEZ ESCOLAR, Ainhoa",2012,CN Zadorra,2:40.29,2026-06-14,Cto Álava Verano,F,37.40;40.50;42.38;40.01,,
200 Libre,"MARTINEZ ROJO, Leire",2012,CN Judizmendi,2:31.10,2026-06-14,Cto Álava Verano,F,35.11;39.04;39.20;37.75,,
200 Libre,"ORTIZ DE ZARATE VILLEN, Leizuri",2012,CN Menditxo,2:30.31,2026-06-14,Cto Álava Verano,F,34.36;37.98;39.57;38.40,,
200 Libre,"PULIDO CRESPO, Nahia",2011,CN Menditxo,2:36.73,2026-06-14,Cto Álava Verano,F,35.70;39.52;42.00;39.51,,
200 Libre,"RODRIGUEZ GUINEA, Ane",2011,CN Zadorra,3:09.51,2026-06-14,Cto Álava Verano,F,43.26;49.31;50.91;46.03,,
200 Libre,"RODRÍGUEZ LÓPEZ DE VICUÑA, Nora",2012,CN Judizmendi,2:27.61,2026-06-14,Cto Álava Verano,F,34.19;37.06;38.81;37.55,,
200 Libre,"SAEZ DE ASTEASU ALTZAGA, Maddi",2012,CN Urgain,2:42.27,2026-06-14,Cto Álava Verano,F,37.75;41.05;43.16;40.31,,
200 Libre,"BASABEA OLABE, Ekain",2012,CN Judizmendi,2:29.26,2026-06-14,Cto Álava Verano,M,34.12;38.18;39.71;37.25,,
200 Libre,"CARPIO RODRIGUEZ, Urko",2012,CN Judizmendi,2:34.42,2026-06-14,Cto Álava Verano,M,35.51;38.63;41.04;39.24,,
200 Libre,"COLLADO ARRANZ, Hegoi",2011,CN Judizmendi,2:19.02,2026-06-14,Cto Álava Verano,M,31.80;35.89;36.28;35.05,,
200 Libre,"CORTINA FERNANDEZ DE LIGER, Xabier",2012,CN Judizmendi,2:15.17,2026-06-14,Cto Álava Verano,M,31.52;34.70;35.02;33.93,,
200 Libre,"FDZ. DE RETANA GONZALEZ DE HEREDIA, Xabier",2011,CN Judizmendi,2:11.24,2026-06-14,Cto Álava Verano,M,30.01;33.04;34.11;34.08,,
200 Libre,"HERNANDEZ QUEREJAZU, John",2011,CN Menditxo,2:35.50,2026-06-14,Cto Álava Verano,M,34.69;39.20;41.16;40.45,,
200 Libre,"IBARRARAN RAMIREZ DE OCARIZ, Jon",2012,CN Judizmendi,2:15.22,2026-06-14,Cto Álava Verano,M,30.98;33.87;34.92;35.45,,
200 Libre,"ORTEGA ENRIQUE, Yeray",2012,CN Menditxo,2:03.80,2026-06-14,Cto Álava Verano,M,28.31;31.24;32.23;32.02,,
200 Libre,"RODRIGUEZ ZUBIAURRE, Luka",2012,CN Judizmendi,2:18.95,2026-06-14,Cto Álava Verano,M,31.77;34.69;36.32;36.17,,
200 Libre,"ROS IRIARTE, Ekhi",2012,CN Urgain,2:43.99,2026-06-14,Cto Álava Verano,M,39.09;41.87;43.00;40.03,,
200 Libre,"UBIRIA APRAIZ, Julen",2012,CN Judizmendi,2:20.14,2026-06-14,Cto Álava Verano,M,31.78;35.18;36.55;36.63,,
200 Libre,"VARA DIAZ DE GARAYO, Aimar",2011,CN Menditxo,2:22.95,2026-06-14,Cto Álava Verano,M,31.58;35.90;38.54;36.93,,
400 Libre,"GOMEZ MORAN, Naroa",2011,CN Urgain,5:57.59,2026-06-14,Cto Álava Verano,F,38.40;43.50;45.65;45.16;46.91;46.78;46.65;44.54,,
400 Libre,"GONZALEZ FERNANDEZ, Laia",2012,CN Judizmendi,5:18.41,2026-06-14,Cto Álava Verano,F,36.01;39.94;41.12;41.20;40.97;40.45;41.09;37.63,,
400 Libre,"ORTIZ DE ZARATE VILLEN, Leizuri",2012,CN Menditxo,5:23.45,2026-06-14,Cto Álava Verano,F,37.18;40.66;41.32;41.11;41.19;41.64;41.65;38.70,,
400 Libre,"SAINZ MONGE, Idurre",2011,CN Menditxo,5:30.77,2026-06-14,Cto Álava Verano,F,36.20;40.64;42.04;42.25;42.86;42.99;42.82;40.97,,
400 Libre,"CARPIO RODRIGUEZ, Urko",2012,CN Judizmendi,5:30.23,2026-06-14,Cto Álava Verano,M,37.43;40.33;41.63;42.51;42.85;42.45;43.00;40.03,,
400 Libre,"COLLADO ARRANZ, Hegoi",2011,CN Judizmendi,5:01.18,2026-06-14,Cto Álava Verano,M,33.58;37.54;38.62;39.05;38.83;38.47;38.71;36.38,,
400 Libre,"CORTINA FERNANDEZ DE LIGER, Xabier",2012,CN Judizmendi,4:56.85,2026-06-14,Cto Álava Verano,M,34.66;37.19;37.57;38.70;37.38;37.98;37.82;35.55,,
400 Libre,"FDZ. DE RETANA GONZALEZ DE HEREDIA, Xabier",2011,CN Judizmendi,4:35.35,2026-06-14,Cto Álava Verano,M,31.49;34.34;35.17;35.46;35.12;35.53;34.60;33.64,,
400 Libre,"IBARRARAN RAMIREZ DE OCARIZ, Jon",2012,CN Judizmendi,4:52.48,2026-06-14,Cto Álava Verano,M,33.89;36.00;37.49;37.99;37.19;37.27;36.82;35.83,,
400 Libre,"ORTEGA ARANGO, Ander",2012,CN Judizmendi,5:02.48,2026-06-14,Cto Álava Verano,M,34.11;36.47;38.00;38.45;38.74;39.07;39.61;38.03,,
400 Libre,"PUERTAS RIVAS, Aratz",2011,CN Judizmendi,4:42.90,2026-06-14,Cto Álava Verano,M,31.89;34.79;35.50;36.08;36.42;36.30;36.48;35.44,,
400 Libre,"UBIRIA APRAIZ, Julen",2012,CN Judizmendi,4:56.61,2026-06-14,Cto Álava Verano,M,33.38;36.73;38.28;37.72;38.10;37.86;37.82;36.72,,
800 Libre,"ABAITUA PIPAON, Malen",2011,CN Judizmendi,10:03.52,2026-06-14,Cto Álava Verano,F,;1:12.22;;1:14.56;;1:14.57;;1:16.07;;1:15.83;;1:16.44;;1:16.54;;1:17.29,,
800 Libre,"DURANA ANDA, Martina",2011,CN Judizmendi,10:16.33,2026-06-14,Cto Álava Verano,F,;1:12.73;;1:17.38;;1:17.73;;1:18.68;;1:17.71;;1:19.18;;1:17.94;;1:14.98,,
800 Libre,"RODRÍGUEZ LÓPEZ DE VICUÑA, Nora",2012,CN Judizmendi,10:42.49,2026-06-14,Cto Álava Verano,F,;1:15.52;;1:20.57;;1:21.33;;1:21.86;;1:22.10;;1:21.60;;1:20.58;;1:18.93,,
800 Libre,"ARMIÑO CRUCELEGUI, Alex",2011,CN Judizmendi,10:12.51,2026-06-14,Cto Álava Verano,M,,,
800 Libre,"FDZ. DE RETANA GONZALEZ DE HEREDIA, Xabier",2011,CN Judizmendi,9:18.95,2026-06-14,Cto Álava Verano,M,,,
800 Libre,"FERNANDEZ SAEZ, Martin",2011,CN Judizmendi,9:43.64,2026-06-14,Cto Álava Verano,M,,,
800 Libre,"ORTEGA ARANGO, Ander",2012,CN Judizmendi,10:41.03,2026-06-14,Cto Álava Verano,M,,,
800 Libre,"PUERTAS RIVAS, Aratz",2011,CN Judizmendi,9:41.15,2026-06-14,Cto Álava Verano,M,,,
800 Libre,"RODRIGUEZ ZUBIAURRE, Luka",2012,CN Judizmendi,10:29.77,2026-06-14,Cto Álava Verano,M,,,
50 Espalda,"ABAITUA PIPAON, Malen",2011,CN Judizmendi,32.36,2026-06-14,Cto Álava Verano,F,,,
50 Espalda,"AGUIRREGOMEZCORTA ALIAS, Olatz",2011,CN Menditxo,46.79,2026-06-14,Cto Álava Verano,F,,,
50 Espalda,"ALONSO GARCIA, Adriana",2012,CN Zadorra,42.15,2026-06-14,Cto Álava Verano,F,,,
50 Espalda,"CARAZO ARISTIMUÑO, Nerea",2011,CN Zadorra,39.49,2026-06-14,Cto Álava Verano,F,,,
50 Espalda,"DAQUANNO, Giorgia",2012,CN Menditxo,35.47,2026-06-14,Cto Álava Verano,F,,,
50 Espalda,"FERNANDEZ CABRERA, Mara",2012,CN Menditxo,38.59,2026-06-14,Cto Álava Verano,F,,,
50 Espalda,"GONZALEZ ELIZBURU, Leire",2012,CN Judizmendi,34.97,2026-06-14,Cto Álava Verano,F,,,
50 Espalda,"GUTIERREZ BERMUDEZ, Lucia",2011,CN Zadorra,44.50,2026-06-14,Cto Álava Verano,F,,,
50 Espalda,"HERRERO ALONSO, Izaro",2012,CN Judizmendi,39.14,2026-06-14,Cto Álava Verano,F,,,
50 Espalda,"IBARRA FERNANDEZ, Iris",2012,CN Menditxo,40.33,2026-06-14,Cto Álava Verano,F,,,
50 Espalda,"LUCIA LIN, Xuyun",2011,CN Urgain,43.95,2026-06-14,Cto Álava Verano,F,,,
50 Espalda,"MARTINEZ ROJO, Leire",2012,CN Judizmendi,36.82,2026-06-14,Cto Álava Verano,F,,,
50 Espalda,"MENDIBE SAN JUAN, Amaia",2011,CN Menditxo,42.66,2026-06-14,Cto Álava Verano,F,,,
50 Espalda,"MUÑOZ FELIPE, Oihane",2011,CN Menditxo,36.20,2026-06-14,Cto Álava Verano,F,,,
50 Espalda,"NUÑEZ ASPIAZU, Miren",2011,CN Zadorra,41.15,2026-06-14,Cto Álava Verano,F,,,
50 Espalda,"PULIDO CRESPO, Nahia",2011,CN Menditxo,39.16,2026-06-14,Cto Álava Verano,F,,,
50 Espalda,"RODRIGUEZ GUINEA, Ane",2011,CN Zadorra,49.86,2026-06-14,Cto Álava Verano,F,,,
50 Espalda,"SAEZ DE ASTEASU ALTZAGA, Maddi",2012,CN Urgain,40.12,2026-06-14,Cto Álava Verano,F,,,
50 Espalda,"ZUFIAUR GOMEZ, Maite",2011,CN Menditxo,38.34,2026-06-14,Cto Álava Verano,F,,,
50 Espalda,"ANTON BELTRAN DE GUEVARA, Alex",2012,CN Judizmendi,32.14,2026-06-14,Cto Álava Verano,M,,,
50 Espalda,"COLLADO ARRANZ, Hegoi",2011,CN Judizmendi,33.79,2026-06-14,Cto Álava Verano,M,,,
50 Espalda,"CORTINA FERNANDEZ DE LIGER, Xabier",2012,CN Judizmendi,32.88,2026-06-14,Cto Álava Verano,M,,,
50 Espalda,"HERNANDEZ QUEREJAZU, John",2011,CN Menditxo,34.71,2026-06-14,Cto Álava Verano,M,,,
50 Espalda,"IBARRARAN RAMIREZ DE OCARIZ, Jon",2012,CN Judizmendi,33.12,2026-06-14,Cto Álava Verano,M,,,
50 Espalda,"LOPEZ DE MUNAIN SEDANO, Oier",2011,CN Menditxo,33.26,2026-06-14,Cto Álava Verano,M,,,
50 Espalda,"MARTINEZ MUZAS, Unax",2012,CN Judizmendi,37.33,2026-06-14,Cto Álava Verano,M,,,
50 Espalda,"ORTEGA ENRIQUE, Yeray",2012,CN Menditxo,28.92,2026-06-14,Cto Álava Verano,M,,,
50 Espalda,"RAMIREZ DE OCARIZ VILOR, Markel",2012,CN Judizmendi,36.40,2026-06-14,Cto Álava Verano,M,,,
50 Espalda,"ROS IRIARTE, Ekhi",2012,CN Urgain,41.04,2026-06-14,Cto Álava Verano,M,,,
50 Espalda,"UBIRIA APRAIZ, Julen",2012,CN Judizmendi,34.16,2026-06-14,Cto Álava Verano,M,,,
50 Espalda,"VARA DIAZ DE GARAYO, Aimar",2011,CN Menditxo,36.49,2026-06-14,Cto Álava Verano,M,,,
100 Espalda,"ALONSO GARCIA, Adriana",2012,CN Zadorra,1:31.17,2026-06-14,Cto Álava Verano,F,44.76;46.41,,
100 Espalda,"DAQUANNO, Giorgia",2012,CN Menditxo,1:15.93,2026-06-14,Cto Álava Verano,F,36.79;39.14,,
100 Espalda,"DURANA ANDA, Martina",2011,CN Judizmendi,1:14.29,2026-06-14,Cto Álava Verano,F,36.00;38.29,,
100 Espalda,"FERNANDEZ CABRERA, Mara",2012,CN Menditxo,1:24.85,2026-06-14,Cto Álava Verano,F,41.01;43.84,,
100 Espalda,"GOMEZ MORAN, Naroa",2011,CN Urgain,1:26.38,2026-06-14,Cto Álava Verano,F,42.96;43.42,,
100 Espalda,"GONZALEZ ELIZBURU, Leire",2012,CN Judizmendi,1:17.20,2026-06-14,Cto Álava Verano,F,37.69;39.51,,
100 Espalda,"GOYARROLA ARTOLA, Ayala",2012,CN Judizmendi,1:20.54,2026-06-14,Cto Álava Verano,F,39.54;41.00,,
100 Espalda,"GUTIERREZ BERMUDEZ, Lucia",2011,CN Zadorra,1:36.14,2026-06-14,Cto Álava Verano,F,46.55;49.59,,
100 Espalda,"HERRERO ALONSO, Izaro",2012,CN Judizmendi,1:23.42,2026-06-14,Cto Álava Verano,F,40.96;42.46,,
100 Espalda,"IBARRA FERNANDEZ, Iris",2012,CN Menditxo,1:27.76,2026-06-14,Cto Álava Verano,F,43.02;44.74,,
100 Espalda,"LUCIA LIN, Xuyun",2011,CN Urgain,1:31.86,2026-06-14,Cto Álava Verano,F,44.24;47.62,,
100 Espalda,"MUÑOZ FELIPE, Oihane",2011,CN Menditxo,1:18.26,2026-06-14,Cto Álava Verano,F,37.96;40.30,,
100 Espalda,"ORTIZ DE ZARATE VILLEN, Leizuri",2012,CN Menditxo,1:20.50,2026-06-14,Cto Álava Verano,F,40.16;40.34,,
100 Espalda,"PULIDO CRESPO, Nahia",2011,CN Menditxo,1:28.32,2026-06-14,Cto Álava Verano,F,43.27;45.05,,
100 Espalda,"SAEZ DE ASTEASU ALTZAGA, Maddi",2012,CN Urgain,1:28.95,2026-06-14,Cto Álava Verano,F,43.28;45.67,,
100 Espalda,"ZUFIAUR GOMEZ, Maite",2011,CN Menditxo,1:21.93,2026-06-14,Cto Álava Verano,F,40.43;41.50,,
100 Espalda,"ANTON BELTRAN DE GUEVARA, Alex",2012,CN Judizmendi,1:08.47,2026-06-14,Cto Álava Verano,M,33.01;35.46,,
100 Espalda,"BASABEA OLABE, Ekain",2012,CN Judizmendi,1:19.52,2026-06-14,Cto Álava Verano,M,38.04;41.48,,
100 Espalda,"HERNANDEZ QUEREJAZU, John",2011,CN Menditxo,1:18.08,2026-06-14,Cto Álava Verano,M,37.71;40.37,,
100 Espalda,"IBARRARAN RAMIREZ DE OCARIZ, Jon",2012,CN Judizmendi,1:11.42,2026-06-14,Cto Álava Verano,M,34.60;36.82,,
100 Espalda,"LOPEZ DE MUNAIN SEDANO, Oier",2011,CN Menditxo,1:15.63,2026-06-14,Cto Álava Verano,M,36.86;38.77,,
100 Espalda,"MARTINEZ MUZAS, Unax",2012,CN Judizmendi,1:19.61,2026-06-14,Cto Álava Verano,M,38.49;41.12,,
100 Espalda,"ORTEGA ENRIQUE, Yeray",2012,CN Menditxo,1:03.45,2026-06-14,Cto Álava Verano,M,30.44;33.01,,
100 Espalda,"RAMIREZ DE OCARIZ VILOR, Markel",2012,CN Judizmendi,1:18.30,2026-06-14,Cto Álava Verano,M,37.27;41.03,,
100 Espalda,"ROS IRIARTE, Ekhi",2012,CN Urgain,1:31.06,2026-06-14,Cto Álava Verano,M,44.77;46.29,,
200 Espalda,"ABAITUA PIPAON, Malen",2011,CN Judizmendi,2:32.60,2026-06-14,Cto Álava Verano,F,34.44;38.51;39.90;39.75,,
200 Espalda,"ALONSO GARCIA, Adriana",2012,CN Zadorra,3:08.73,2026-06-14,Cto Álava Verano,F,44.70;47.82;48.63;47.58,,
200 Espalda,"DAQUANNO, Giorgia",2012,CN Menditxo,2:45.51,2026-06-14,Cto Álava Verano,F,38.89;41.21;42.88;42.53,,
200 Espalda,"HERRERO ALONSO, Izaro",2012,CN Judizmendi,,2026-06-14,Cto Álava Verano,F,,DSQ,Nado Irregular
200 Espalda,"MARTINEZ ROJO, Leire",2012,CN Judizmendi,2:51.20,2026-06-14,Cto Álava Verano,F,40.33;43.86;44.59;42.42,,
200 Espalda,"ANTON BELTRAN DE GUEVARA, Alex",2012,CN Judizmendi,2:32.64,2026-06-14,Cto Álava Verano,M,36.03;39.21;39.55;37.85,,
200 Espalda,"BASABEA OLABE, Ekain",2012,CN Judizmendi,2:48.97,2026-06-14,Cto Álava Verano,M,39.62;43.92;44.63;40.80,,
200 Espalda,"ORTEGA ENRIQUE, Yeray",2012,CN Menditxo,2:18.94,2026-06-14,Cto Álava Verano,M,32.96;35.38;35.73;34.87,,
200 Espalda,"RAMIREZ DE OCARIZ VILOR, Markel",2012,CN Judizmendi,2:53.99,2026-06-14,Cto Álava Verano,M,38.57;44.78;45.03;45.61,,
50 Braza,"AGUIRREGOMEZCORTA ALIAS, Olatz",2011,CN Menditxo,51.46,2026-06-14,Cto Álava Verano,F,,,
50 Braza,"ANGULO SANTAMARIA, Irune",2011,CN Menditxo,38.35,2026-06-14,Cto Álava Verano,F,,,
50 Braza,"FERNANDEZ CABRERA, Mara",2012,CN Menditxo,42.39,2026-06-14,Cto Álava Verano,F,,,
50 Braza,"GONZALEZ ELIZBURU, Leire",2012,CN Judizmendi,38.43,2026-06-14,Cto Álava Verano,F,,,
50 Braza,"LUCIA LIN, Xuyun",2011,CN Urgain,44.79,2026-06-14,Cto Álava Verano,F,,,
50 Braza,"MARTINEZ DE MURGUIA ALVAREZ, Izaro",2012,CN Judizmendi,41.97,2026-06-14,Cto Álava Verano,F,,,
50 Braza,"MARTINEZ ESCOLAR, Ainhoa",2012,CN Zadorra,41.83,2026-06-14,Cto Álava Verano,F,,,
50 Braza,"MENDIBE SAN JUAN, Amaia",2011,CN Menditxo,45.70,2026-06-14,Cto Álava Verano,F,,,
50 Braza,"NUÑEZ ASPIAZU, Miren",2011,CN Zadorra,43.35,2026-06-14,Cto Álava Verano,F,,,
50 Braza,"PINILLA SOLETO, Naia",2011,CN Menditxo,37.65,2026-06-14,Cto Álava Verano,F,,,
50 Braza,"RODRIGUEZ GUINEA, Ane",2011,CN Zadorra,48.55,2026-06-14,Cto Álava Verano,F,,,
50 Braza,"SAEZ DE ASTEASU ALTZAGA, Maddi",2012,CN Urgain,,2026-06-14,Cto Álava Verano,F,,DSQ,Nado Irregular
50 Braza,"SAINZ MONGE, Idurre",2011,CN Menditxo,42.84,2026-06-14,Cto Álava Verano,F,,,
50 Braza,"ZUFIAUR GOMEZ, Maite",2011,CN Menditxo,39.54,2026-06-14,Cto Álava Verano,F,,,
50 Braza,"MARTINEZ GARRIDO, Fermin",2011,CN Judizmendi,34.87,2026-06-14,Cto Álava Verano,M,,,
50 Braza,"ORTEGA ARANGO, Ander",2012,CN Judizmendi,38.07,2026-06-14,Cto Álava Verano,M,,,
50 Braza,"ORTEGA ENRIQUE, Yeray",2012,CN Menditxo,34.61,2026-06-14,Cto Álava Verano,M,,,
50 Braza,"ORTIZ DE BARRON TENA, Jon",2011,CN Judizmendi,36.03,2026-06-14,Cto Álava Verano,M,,,
50 Braza,"RAMIREZ DE OCARIZ VILOR, Markel",2012,CN Judizmendi,40.02,2026-06-14,Cto Álava Verano,M,,,
100 Braza,"ANGULO SANTAMARIA, Irune",2011,CN Menditxo,1:24.79,2026-06-14,Cto Álava Verano,F,40.41;44.38,,
100 Braza,"DURANA ANDA, Martina",2011,CN Judizmendi,1:24.14,2026-06-14,Cto Álava Verano,F,39.70;44.44,,
100 Braza,"GONZALEZ ELIZBURU, Leire",2012,CN Judizmendi,1:25.17,2026-06-14,Cto Álava Verano,F,40.67;44.50,,
100 Braza,"GOYARROLA ARTOLA, Ayala",2012,CN Judizmendi,1:26.00,2026-06-14,Cto Álava Verano,F,40.84;45.16,,
100 Braza,"LLAMAS FERNANDEZ, Irati",2012,CN Judizmendi,1:31.13,2026-06-14,Cto Álava Verano,F,43.68;47.45,,
100 Braza,"MARTINEZ ESCOLAR, Ainhoa",2012,CN Zadorra,1:31.98,2026-06-14,Cto Álava Verano,F,43.32;48.66,,
100 Braza,"MARTINEZ ROJO, Leire",2012,CN Judizmendi,1:24.50,2026-06-14,Cto Álava Verano,F,39.59;44.91,,
100 Braza,"MENDIBE SAN JUAN, Amaia",2011,CN Menditxo,1:37.99,2026-06-14,Cto Álava Verano,F,46.74;51.25,,
100 Braza,"PINILLA SOLETO, Naia",2011,CN Menditxo,1:24.53,2026-06-14,Cto Álava Verano,F,39.71;44.82,,
100 Braza,"RODRÍGUEZ LÓPEZ DE VICUÑA, Nora",2012,CN Judizmendi,1:24.60,2026-06-14,Cto Álava Verano,F,39.83;44.77,,
100 Braza,"ZUFIAUR GOMEZ, Maite",2011,CN Menditxo,,2026-06-14,Cto Álava Verano,F,,DSQ,Nado Irregular
100 Braza,"ARMIÑO CRUCELEGUI, Alex",2011,CN Judizmendi,1:23.43,2026-06-14,Cto Álava Verano,M,39.50;43.93,,
100 Braza,"ETXEBARRIA SAEZ DE UGARTE, Eneko",2011,CN Judizmendi,1:17.41,2026-06-14,Cto Álava Verano,M,37.00;40.41,,
100 Braza,"FERNANDEZ SAEZ, Martin",2011,CN Judizmendi,1:17.53,2026-06-14,Cto Álava Verano,M,37.16;40.37,,
100 Braza,"MARTINEZ GARRIDO, Fermin",2011,CN Judizmendi,1:20.37,2026-06-14,Cto Álava Verano,M,38.33;42.04,,
100 Braza,"ORTIZ DE BARRON TENA, Jon",2011,CN Judizmendi,1:21.36,2026-06-14,Cto Álava Verano,M,38.60;42.76,,
100 Braza,"RAMIREZ DE OCARIZ VILOR, Markel",2012,CN Judizmendi,1:29.08,2026-06-14,Cto Álava Verano,M,41.46;47.62,,
200 Braza,"ANGULO SANTAMARIA, Irune",2011,CN Menditxo,3:00.20,2026-06-14,Cto Álava Verano,F,,,
200 Braza,"MARTINEZ ESCOLAR, Ainhoa",2012,CN Zadorra,3:15.58,2026-06-14,Cto Álava Verano,F,,,
200 Braza,"MARTINEZ ROJO, Leire",2012,CN Judizmendi,3:06.81,2026-06-14,Cto Álava Verano,F,,,
200 Braza,"MENDIBE SAN JUAN, Amaia",2011,CN Menditxo,3:29.21,2026-06-14,Cto Álava Verano,F,,,
200 Braza,"PINILLA SOLETO, Naia",2011,CN Menditxo,2:58.00,2026-06-14,Cto Álava Verano,F,,,
200 Braza,"RODRÍGUEZ LÓPEZ DE VICUÑA, Nora",2012,CN Judizmendi,3:02.24,2026-06-14,Cto Álava Verano,F,,,
200 Braza,"SAINZ MONGE, Idurre",2011,CN Menditxo,3:15.04,2026-06-14,Cto Álava Verano,F,,,
200 Braza,"FDZ. DE RETANA GONZALEZ DE HEREDIA, Xabier",2011,CN Judizmendi,2:48.33,2026-06-14,Cto Álava Verano,M,,,
200 Braza,"MARTINEZ GARRIDO, Fermin",2011,CN Judizmendi,2:58.24,2026-06-14,Cto Álava Verano,M,,,
200 Braza,"ORTEGA ARANGO, Ander",2012,CN Judizmendi,2:48.23,2026-06-14,Cto Álava Verano,M,,,
200 Braza,"ORTIZ DE BARRON TENA, Jon",2011,CN Judizmendi,2:56.84,2026-06-14,Cto Álava Verano,M,,,
50 Mariposa,"ABAITUA PIPAON, Malen",2011,CN Judizmendi,33.22,2026-06-14,Cto Álava Verano,F,,,
50 Mariposa,"AGUIRRE SANCHEZ, Eider",2011,CN Judizmendi,29.07,2026-06-14,Cto Álava Verano,F,,,
50 Mariposa,"ALONSO GARCIA, Adriana",2012,CN Zadorra,40.09,2026-06-14,Cto Álava Verano,F,,,
50 Mariposa,"COLLADO MORENO, Cristina",2011,CN Urgain,42.14,2026-06-14,Cto Álava Verano,F,,,
50 Mariposa,"DAQUANNO, Giorgia",2012,CN Menditxo,34.75,2026-06-14,Cto Álava Verano,F,,,
50 Mariposa,"FDZ. DE LABASTIDA DIAZ, Ainhize",2011,CN Menditxo,35.73,2026-06-14,Cto Álava Verano,F,,,
50 Mariposa,"FERNANDEZ CABRERA, Mara",2012,CN Menditxo,34.88,2026-06-14,Cto Álava Verano,F,,,
50 Mariposa,"GARAY SAENZ, Ixone",2011,CN Judizmendi,32.64,2026-06-14,Cto Álava Verano,F,,,
50 Mariposa,"GONZALEZ FERNANDEZ, Laia",2012,CN Judizmendi,32.34,2026-06-14,Cto Álava Verano,F,,,
50 Mariposa,"HERRANZ FDZ DE LANDA, Haizea",2011,CN Menditxo,33.11,2026-06-14,Cto Álava Verano,F,,,
50 Mariposa,"IBARRA FERNANDEZ, Iris",2012,CN Menditxo,41.52,2026-06-14,Cto Álava Verano,F,,,
50 Mariposa,"MARTINEZ DE MURGUIA ALVAREZ, Izaro",2012,CN Judizmendi,36.21,2026-06-14,Cto Álava Verano,F,,,
50 Mariposa,"MUÑOZ FELIPE, Oihane",2011,CN Menditxo,35.65,2026-06-14,Cto Álava Verano,F,,,
50 Mariposa,"RODRIGUEZ GUINEA, Ane",2011,CN Zadorra,44.62,2026-06-14,Cto Álava Verano,F,,,
50 Mariposa,"TABARES LERMA, Getari",2012,CN Zadorra,38.76,2026-06-14,Cto Álava Verano,F,,,
50 Mariposa,"ANTON BELTRAN DE GUEVARA, Alex",2012,CN Judizmendi,31.69,2026-06-14,Cto Álava Verano,M,,,
50 Mariposa,"BASABEA OLABE, Ekain",2012,CN Judizmendi,33.01,2026-06-14,Cto Álava Verano,M,,,
50 Mariposa,"CARPIO RODRIGUEZ, Urko",2012,CN Judizmendi,36.22,2026-06-14,Cto Álava Verano,M,,,
50 Mariposa,"ETXEBARRIA SAEZ DE UGARTE, Eneko",2011,CN Judizmendi,30.68,2026-06-14,Cto Álava Verano,M,,,
50 Mariposa,"HERNANDEZ QUEREJAZU, John",2011,CN Menditxo,32.72,2026-06-14,Cto Álava Verano,M,,,
50 Mariposa,"LOPEZ DE MUNAIN SEDANO, Oier",2011,CN Menditxo,33.97,2026-06-14,Cto Álava Verano,M,,,
50 Mariposa,"MARTINEZ MUZAS, Unax",2012,CN Judizmendi,39.64,2026-06-14,Cto Álava Verano,M,,,
50 Mariposa,"MENDIA GAINZARAIN, Oihan",2011,CN Menditxo,31.01,2026-06-14,Cto Álava Verano,M,,,
50 Mariposa,"RODRIGUEZ ZUBIAURRE, Luka",2012,CN Judizmendi,33.91,2026-06-14,Cto Álava Verano,M,,,
50 Mariposa,"ROS IRIARTE, Ekhi",2012,CN Urgain,40.05,2026-06-14,Cto Álava Verano,M,,,
100 Mariposa,"AGUIRRE SANCHEZ, Eider",2011,CN Judizmendi,1:05.58,2026-06-14,Cto Álava Verano,F,30.54;35.04,,
100 Mariposa,"ALONSO GARCIA, Adriana",2012,CN Zadorra,1:32.79,2026-06-14,Cto Álava Verano,F,41.83;50.96,,
100 Mariposa,"FDZ. DE LABASTIDA DIAZ, Ainhize",2011,CN Menditxo,1:25.58,2026-06-14,Cto Álava Verano,F,38.60;46.98,,
100 Mariposa,"IBARRA FERNANDEZ, Iris",2012,CN Menditxo,,2026-06-14,Cto Álava Verano,F,,DSQ,Nado Irregular
100 Mariposa,"ZUFIAUR GOMEZ, Maite",2011,CN Menditxo,1:22.41,2026-06-14,Cto Álava Verano,F,38.82;43.59,,
100 Mariposa,"ANTON BELTRAN DE GUEVARA, Alex",2012,CN Judizmendi,1:13.41,2026-06-14,Cto Álava Verano,M,34.03;39.38,,
100 Mariposa,"LOPEZ DE MUNAIN SEDANO, Oier",2011,CN Menditxo,1:15.91,2026-06-14,Cto Álava Verano,M,34.88;41.03,,
100 Mariposa,"MENDIA GAINZARAIN, Oihan",2011,CN Menditxo,1:10.81,2026-06-14,Cto Álava Verano,M,32.60;38.21,,
200 Mariposa,"GONZALEZ FERNANDEZ, Laia",2012,CN Judizmendi,2:48.43,2026-06-14,Cto Álava Verano,F,37.75;44.16;44.74;41.78,,
200 Estilos,"AGUIRRE SANCHEZ, Eider",2011,CN Judizmendi,2:31.74,2026-06-14,Cto Álava Verano,F,31.49;38.13;47.65;34.47,,
200 Estilos,"ANGULO SANTAMARIA, Irune",2011,CN Menditxo,2:54.11,2026-06-14,Cto Álava Verano,F,36.84;47.75;48.13;41.39,,
200 Estilos,"FDZ. DE LABASTIDA DIAZ, Ainhize",2011,CN Menditxo,2:54.16,2026-06-14,Cto Álava Verano,F,37.70;43.06;52.39;41.01,,
200 Estilos,"GARAY SAENZ, Ixone",2011,CN Judizmendi,2:37.40,2026-06-14,Cto Álava Verano,F,34.57;38.78;47.84;36.21,,
200 Estilos,"GOMEZ MORAN, Naroa",2011,CN Urgain,3:00.65,2026-06-14,Cto Álava Verano,F,40.06;45.19;53.82;41.58,,
200 Estilos,"GOYARROLA ARTOLA, Ayala",2012,CN Judizmendi,2:48.79,2026-06-14,Cto Álava Verano,F,38.77;44.35;47.87;37.80,,
200 Estilos,"HERRANZ FDZ DE LANDA, Haizea",2011,CN Menditxo,2:48.32,2026-06-14,Cto Álava Verano,F,34.48;41.38;52.10;40.36,,
200 Estilos,"LLAMAS FERNANDEZ, Irati",2012,CN Judizmendi,3:02.00,2026-06-14,Cto Álava Verano,F,40.21;44.00;57.07;40.72,,
200 Estilos,"MARTINEZ DE MURGUIA ALVAREZ, Izaro",2012,CN Judizmendi,2:53.36,2026-06-14,Cto Álava Verano,F,37.15;46.19;50.01;40.01,,
200 Estilos,"MARTINEZ ESCOLAR, Ainhoa",2012,CN Zadorra,3:04.11,2026-06-14,Cto Álava Verano,F,43.55;46.80;51.25;42.51,,
200 Estilos,"ORTIZ DE ZARATE VILLEN, Leizuri",2012,CN Menditxo,2:55.94,2026-06-14,Cto Álava Verano,F,41.44;43.36;52.22;38.92,,
200 Estilos,"SAINZ MONGE, Idurre",2011,CN Menditxo,2:58.49,2026-06-14,Cto Álava Verano,F,39.16;45.28;51.73;42.32,,
200 Estilos,"BASABEA OLABE, Ekain",2012,CN Judizmendi,2:44.00,2026-06-14,Cto Álava Verano,M,37.74;42.85;46.39;37.02,,
200 Estilos,"CARPIO RODRIGUEZ, Urko",2012,CN Judizmendi,2:57.97,2026-06-14,Cto Álava Verano,M,40.54;46.01;52.42;39.00,,
200 Estilos,"ETXEBARRIA SAEZ DE UGARTE, Eneko",2011,CN Judizmendi,2:28.40,2026-06-14,Cto Álava Verano,M,31.92;37.57;43.25;35.66,,
200 Estilos,"MARTINEZ GARRIDO, Fermin",2011,CN Judizmendi,2:44.52,2026-06-14,Cto Álava Verano,M,37.13;44.38;46.54;36.47,,
200 Estilos,"MENDIA GAINZARAIN, Oihan",2011,CN Menditxo,2:37.90,2026-06-14,Cto Álava Verano,M,31.92;40.74;48.13;37.11,,
200 Estilos,"ORTIZ DE BARRON TENA, Jon",2011,CN Judizmendi,2:48.04,2026-06-14,Cto Álava Verano,M,38.98;44.83;46.30;37.93,,
400 Estilos,"GONZALEZ FERNANDEZ, Laia",2012,CN Judizmendi,5:50.85,2026-06-14,Cto Álava Verano,F,38.76;45.03;46.60;44.73;47.64;47.82;41.27;39.00,,
400 Estilos,"ARMIÑO CRUCELEGUI, Alex",2011,CN Judizmendi,5:32.58,2026-06-14,Cto Álava Verano,M,36.29;46.53;44.02;42.04;46.77;45.38;37.88;33.67,,
400 Estilos,"ETXEBARRIA SAEZ DE UGARTE, Eneko",2011,CN Judizmendi,,2026-06-14,Cto Álava Verano,M,,DSQ,Viraje Irregular
400 Estilos,"MENDIA GAINZARAIN, Oihan",2011,CN Menditxo,5:32.53,2026-06-14,Cto Álava Verano,M,34.96;41.08;43.66;42.05;48.84;48.57;37.86;35.51,,
50 Libre,"AGUIRRE SANCHEZ, Eider",2011,CN Judizmendi,27.92,2026-06-28,Cto Euskal Herria Verano (50 m),F,,,
50 Libre,"DAQUANNO, Giorgia",2012,CN Menditxo,32.11,2026-06-28,Cto Euskal Herria Verano (50 m),F,,,
50 Libre,"FERNANDEZ CABRERA, Mara",2012,CN Menditxo,31.89,2026-06-28,Cto Euskal Herria Verano (50 m),F,,,
50 Libre,"GARAY SAENZ, Ixone",2011,CN Judizmendi,29.77,2026-06-28,Cto Euskal Herria Verano (50 m),F,,,
50 Libre,"GONZALEZ SANCHEZ, Miren",2012,CN Judizmendi,30.98,2026-06-28,Cto Euskal Herria Verano (50 m),F,,,
50 Libre,"ORTIZ DE ZARATE VILLEN, Leizuri",2012,CN Menditxo,31.22,2026-06-28,Cto Euskal Herria Verano (50 m),F,,,
50 Libre,"ANTON BELTRAN DE GUEVARA, Alex",2012,CN Judizmendi,29.02,2026-06-28,Cto Euskal Herria Verano (50 m),M,,,
50 Libre,"ORTEGA ENRIQUE, Yeray",2012,CN Menditxo,25.91,2026-06-28,Cto Euskal Herria Verano (50 m),M,,,
50 Libre,"RODRIGUEZ ZUBIAURRE, Luka",2012,CN Judizmendi,28.91,2026-06-28,Cto Euskal Herria Verano (50 m),M,,,
50 Libre,"VARA DIAZ DE GARAYO, Aimar",2011,CN Menditxo,27.37,2026-06-28,Cto Euskal Herria Verano (50 m),M,,,
100 Libre,"GARAY SAENZ, Ixone",2011,CN Judizmendi,1:03.80,2026-06-28,Cto Euskal Herria Verano (50 m),F,31.09;32.71,,
100 Libre,"GONZALEZ SANCHEZ, Miren",2012,CN Judizmendi,1:07.32,2026-06-28,Cto Euskal Herria Verano (50 m),F,32.58;34.74,,
100 Libre,"GOYARROLA ARTOLA, Ayala",2012,CN Judizmendi,1:06.76,2026-06-28,Cto Euskal Herria Verano (50 m),F,32.47;34.29,,
100 Libre,"HERRANZ FDZ DE LANDA, Haizea",2011,CN Menditxo,1:06.50,2026-06-28,Cto Euskal Herria Verano (50 m),F,32.68;33.82,,
100 Libre,"ORTIZ DE ZARATE VILLEN, Leizuri",2012,CN Menditxo,1:08.50,2026-06-28,Cto Euskal Herria Verano (50 m),F,33.08;35.42,,
100 Libre,"RODRÍGUEZ LÓPEZ DE VICUÑA, Nora",2012,CN Judizmendi,1:09.24,2026-06-28,Cto Euskal Herria Verano (50 m),F,33.14;36.10,,
100 Libre,"CORTINA FERNANDEZ DE LIGER, Xabier",2012,CN Judizmendi,1:00.53,2026-06-28,Cto Euskal Herria Verano (50 m),M,29.60;30.93,,
100 Libre,"FERNANDEZ SAEZ, Martin",2011,CN Judizmendi,1:01.14,2026-06-28,Cto Euskal Herria Verano (50 m),M,29.53;31.61,,
100 Libre,"ORTEGA ENRIQUE, Yeray",2012,CN Menditxo,57.08,2026-06-28,Cto Euskal Herria Verano (50 m),M,27.30;29.78,,
100 Libre,"UBIRIA APRAIZ, Julen",2012,CN Judizmendi,1:03.53,2026-06-28,Cto Euskal Herria Verano (50 m),M,30.49;33.04,,
100 Libre,"VARA DIAZ DE GARAYO, Aimar",2011,CN Menditxo,1:04.21,2026-06-28,Cto Euskal Herria Verano (50 m),M,30.31;33.90,,
200 Libre,"AGUIRRE SANCHEZ, Eider",2011,CN Judizmendi,2:11.39,2026-06-28,Cto Euskal Herria Verano (50 m),F,30.83;33.73;34.04;32.79,,
200 Libre,"HERRANZ FDZ DE LANDA, Haizea",2011,CN Menditxo,2:24.82,2026-06-28,Cto Euskal Herria Verano (50 m),F,33.60;36.62;37.53;37.07,,
200 Libre,"ORTIZ DE ZARATE VILLEN, Leizuri",2012,CN Menditxo,2:30.11,2026-06-28,Cto Euskal Herria Verano (50 m),F,34.89;38.22;38.85;38.15,,
400 Libre,"AGUIRRE SANCHEZ, Eider",2011,CN Judizmendi,4:36.04,2026-06-28,Cto Euskal Herria Verano (50 m),F,31.76;34.44;34.84;35.06;34.95;35.02;36.20;33.77,,
400 Libre,"DURANA ANDA, Martina",2011,CN Judizmendi,4:55.00,2026-06-28,Cto Euskal Herria Verano (50 m),F,35.07;37.28;37.90;38.13;37.37;37.09;36.69;35.47,,
400 Libre,"GARAY SAENZ, Ixone",2011,CN Judizmendi,4:51.65,2026-06-28,Cto Euskal Herria Verano (50 m),F,33.95;36.36;36.84;37.33;37.31;36.96;37.07;35.83,,
400 Libre,"GOYARROLA ARTOLA, Ayala",2012,CN Judizmendi,5:04.55,2026-06-28,Cto Euskal Herria Verano (50 m),F,34.56;37.99;39.03;38.93;38.83;39.01;38.86;37.34,,
400 Libre,"ARMIÑO CRUCELEGUI, Alex",2011,CN Judizmendi,4:48.96,2026-06-28,Cto Euskal Herria Verano (50 m),M,31.94;35.54;37.16;36.66;36.99;38.18;37.41;35.08,,
400 Libre,"FDZ. DE RETANA GONZALEZ DE HEREDIA, Xabier",2011,CN Judizmendi,4:33.58,2026-06-28,Cto Euskal Herria Verano (50 m),M,31.03;34.01;35.30;35.54;35.42;35.29;34.97;32.02,,
400 Libre,"MARTINEZ YOLDI, Gorka",2012,CN Judizmendi,5:14.27,2026-06-28,Cto Euskal Herria Verano (50 m),M,33.46;37.27;38.94;40.23;40.79;41.92;41.31;40.35,,
400 Libre,"MENDIA GAINZARAIN, Oihan",2011,CN Menditxo,4:50.41,2026-06-28,Cto Euskal Herria Verano (50 m),M,32.35;35.32;36.33;36.80;37.50;37.79;37.88;36.44,,
400 Libre,"ORTEGA ARANGO, Ander",2012,CN Judizmendi,5:02.75,2026-06-28,Cto Euskal Herria Verano (50 m),M,34.67;37.50;38.30;38.82;38.66;38.74;39.05;37.01,,
400 Libre,"PUERTAS RIVAS, Aratz",2011,CN Judizmendi,4:41.34,2026-06-28,Cto Euskal Herria Verano (50 m),M,32.00;35.10;35.84;36.23;35.97;36.13;36.05;34.02,,
400 Libre,"UBIRIA APRAIZ, Julen",2012,CN Judizmendi,4:57.09,2026-06-28,Cto Euskal Herria Verano (50 m),M,32.69;36.20;37.23;38.34;38.80;38.38;38.60;36.85,,
800 Libre,"GARAY SAENZ, Ixone",2011,CN Judizmendi,10:02.41,2026-06-28,Cto Euskal Herria Verano (50 m),F,33.47;35.93;36.49;36.62;37.15;37.34;37.90;38.31;38.43;38.55;38.47;38.67;39.13;39.39;38.62;37.94,,
800 Libre,"GOYARROLA ARTOLA, Ayala",2012,CN Judizmendi,10:19.42,2026-06-28,Cto Euskal Herria Verano (50 m),F,35.33;38.33;39.46;39.42;39.10;39.20;39.14;39.32;39.11;39.07;38.93;39.03;39.07;39.08;38.75;37.08,,
800 Libre,"RODRÍGUEZ LÓPEZ DE VICUÑA, Nora",2012,CN Judizmendi,10:22.55,2026-06-28,Cto Euskal Herria Verano (50 m),F,35.62;38.82;38.85;38.70;39.41;39.90;39.14;39.44;39.14;39.10;39.39;39.22;39.60;39.25;39.01;37.96,,
800 Libre,"FDZ. DE RETANA GONZALEZ DE HEREDIA, Xabier",2011,CN Judizmendi,9:25.10,2026-06-28,Cto Euskal Herria Verano (50 m),M,31.70;34.03;34.85;35.19;35.26;35.62;35.55;35.85;36.01;36.17;36.28;36.65;36.44;36.26;35.18;34.06,,
800 Libre,"FERNANDEZ SAEZ, Martin",2011,CN Judizmendi,9:39.95,2026-06-28,Cto Euskal Herria Verano (50 m),M,33.44;36.52;36.26;36.72;36.67;36.81;36.53;36.38;36.43;36.36;36.76;36.25;36.79;36.71;36.55;34.77,,
800 Libre,"ORTEGA ENRIQUE, Yeray",2012,CN Menditxo,9:00.23,2026-06-28,Cto Euskal Herria Verano (50 m),M,29.64;31.87;32.96;33.22;33.80;34.25;34.45;34.57;34.75;34.64;34.92;34.80;35.09;34.30;34.29;32.68,,
800 Libre,"UBIRIA APRAIZ, Julen",2012,CN Judizmendi,10:10.43,2026-06-28,Cto Euskal Herria Verano (50 m),M,34.08;37.49;38.77;37.78;38.62;38.96;38.55;38.33;38.15;38.39;38.51;38.46;38.78;38.56;38.86;38.14,,
1500 Libre,"ABAITUA PIPAON, Malen",2011,CN Judizmendi,19:00.15,2026-06-28,Cto Euskal Herria Verano (50 m),F,34.62;37.38;37.99;38.39;38.04;38.11;38.23;37.72;37.96;38.09;37.93;37.90;38.17;38.00;37.71;38.45;38.45;38.52;38.38;38.47;38.32;37.96;38.40;38.24;38.46;37.92;38.48;38.34;38.25;37.27,,
1500 Libre,"GOYARROLA ARTOLA, Ayala",2012,CN Judizmendi,19:53.77,2026-06-28,Cto Euskal Herria Verano (50 m),F,36.40;39.25;39.85;39.52;39.94;39.93;40.04;39.74;40.12;40.13;39.98;40.03;40.18;40.09;40.30;39.87;40.13;39.97;39.97;39.96;39.88;39.68;40.13;40.25;40.03;40.05;39.77;39.98;40.19;38.41,,
1500 Libre,"FDZ. DE RETANA GONZALEZ DE HEREDIA, Xabier",2011,CN Judizmendi,18:04.31,2026-06-28,Cto Euskal Herria Verano (50 m),M,33.02;35.96;36.24;36.21;36.23;36.60;36.24;36.22;36.34;36.30;36.30;36.48;36.31;36.45;36.24;36.39;36.34;36.52;36.18;36.30;36.13;36.06;36.17;36.46;36.46;36.24;35.94;36.94;36.28;34.76,,
1500 Libre,"MENDIA GAINZARAIN, Oihan",2011,CN Menditxo,19:13.41,2026-06-28,Cto Euskal Herria Verano (50 m),M,33.29;36.78;38.14;38.54;38.51;38.54;39.05;39.18;38.75;38.85;38.35;39.04;38.62;38.85;38.92;38.80;38.86;38.58;39.12;38.78;38.42;38.43;39.31;38.47;38.44;38.90;39.24;38.99;39.03;36.63,,
1500 Libre,"ORTEGA ENRIQUE, Yeray",2012,CN Menditxo,17:24.10,2026-06-28,Cto Euskal Herria Verano (50 m),M,31.84;34.58;34.96;35.33;35.50;35.62;35.42;35.40;35.68;35.71;34.85;35.47;35.20;35.71;35.70;34.96;34.99;35.18;35.22;34.79;34.20;34.73;34.86;34.71;34.65;34.22;34.67;34.32;33.94;31.69,,
1500 Libre,"PUERTAS RIVAS, Aratz",2011,CN Judizmendi,18:20.76,2026-06-28,Cto Euskal Herria Verano (50 m),M,32.63;35.31;35.98;36.64;36.63;36.79;37.05;37.46;37.01;36.93;36.75;37.13;37.42;37.06;36.99;37.11;36.09;36.84;36.76;36.78;37.15;37.22;37.06;36.81;37.45;37.34;37.25;37.20;36.86;35.06,,
1500 Libre,"UBIRIA APRAIZ, Julen",2012,CN Judizmendi,19:25.36,2026-06-28,Cto Euskal Herria Verano (50 m),M,35.73;38.46;38.63;39.25;40.30;39.48;39.59;39.52;39.06;38.94;39.81;39.52;38.59;39.58;38.73;38.93;38.57;39.09;38.81;38.74;38.65;39.13;38.77;38.68;39.07;38.52;38.70;38.66;38.08;37.77,,
50 Espalda,"ABAITUA PIPAON, Malen",2011,CN Judizmendi,32.51,2026-06-28,Cto Euskal Herria Verano (50 m),F,,,
50 Espalda,"DAQUANNO, Giorgia",2012,CN Menditxo,36.05,2026-06-28,Cto Euskal Herria Verano (50 m),F,,,
50 Espalda,"GONZALEZ ELIZBURU, Leire",2012,CN Judizmendi,34.96,2026-06-28,Cto Euskal Herria Verano (50 m),F,,,
50 Espalda,"HERRANZ FDZ DE LANDA, Haizea",2011,CN Menditxo,35.70,2026-06-28,Cto Euskal Herria Verano (50 m),F,,,
50 Espalda,"LLAMAS FERNANDEZ, Irati",2012,CN Judizmendi,37.35,2026-06-28,Cto Euskal Herria Verano (50 m),F,,,
50 Espalda,"MUÑOZ FELIPE, Oihane",2011,CN Menditxo,36.55,2026-06-28,Cto Euskal Herria Verano (50 m),F,,,
50 Espalda,"ANTON BELTRAN DE GUEVARA, Alex",2012,CN Judizmendi,31.36,2026-06-28,Cto Euskal Herria Verano (50 m),M,,,
50 Espalda,"BASABEA OLABE, Ekain",2012,CN Judizmendi,34.13,2026-06-28,Cto Euskal Herria Verano (50 m),M,,,
50 Espalda,"RODRIGUEZ ZUBIAURRE, Luka",2012,CN Judizmendi,34.80,2026-06-28,Cto Euskal Herria Verano (50 m),M,,,
100 Espalda,"ABAITUA PIPAON, Malen",2011,CN Judizmendi,1:09.17,2026-06-28,Cto Euskal Herria Verano (50 m),F,33.84;35.33,,
100 Espalda,"DAQUANNO, Giorgia",2012,CN Menditxo,1:16.30,2026-06-28,Cto Euskal Herria Verano (50 m),F,37.41;38.89,,
100 Espalda,"LLAMAS FERNANDEZ, Irati",2012,CN Judizmendi,1:18.58,2026-06-28,Cto Euskal Herria Verano (50 m),F,38.02;40.56,,
100 Espalda,"MUÑOZ FELIPE, Oihane",2011,CN Menditxo,1:18.89,2026-06-28,Cto Euskal Herria Verano (50 m),F,38.14;40.75,,
100 Espalda,"BASABEA OLABE, Ekain",2012,CN Judizmendi,1:15.65,2026-06-28,Cto Euskal Herria Verano (50 m),M,36.54;39.11,,
100 Espalda,"PUERTAS RIVAS, Aratz",2011,CN Judizmendi,1:06.74,2026-06-28,Cto Euskal Herria Verano (50 m),M,32.74;34.00,,
100 Espalda,"RODRIGUEZ ZUBIAURRE, Luka",2012,CN Judizmendi,1:15.56,2026-06-28,Cto Euskal Herria Verano (50 m),M,36.64;38.92,,
200 Espalda,"ABAITUA PIPAON, Malen",2011,CN Judizmendi,2:29.82,2026-06-28,Cto Euskal Herria Verano (50 m),F,35.64;38.10;38.23;37.85,,
200 Espalda,"DAQUANNO, Giorgia",2012,CN Menditxo,2:44.74,2026-06-28,Cto Euskal Herria Verano (50 m),F,38.14;41.02;43.01;42.57,,
200 Espalda,"GONZALEZ ELIZBURU, Leire",2012,CN Judizmendi,2:43.55,2026-06-28,Cto Euskal Herria Verano (50 m),F,39.22;41.80;42.65;39.88,,
200 Espalda,"HERRERO ALONSO, Izaro",2012,CN Judizmendi,2:58.50,2026-06-28,Cto Euskal Herria Verano (50 m),F,42.14;45.24;46.52;44.60,,
200 Espalda,"LLAMAS FERNANDEZ, Irati",2012,CN Judizmendi,2:52.78,2026-06-28,Cto Euskal Herria Verano (50 m),F,39.71;42.25;45.77;45.05,,
200 Espalda,"MARTINEZ ROJO, Leire",2012,CN Judizmendi,2:55.65,2026-06-28,Cto Euskal Herria Verano (50 m),F,40.65;44.58;46.25;44.17,,
200 Espalda,"ANTON BELTRAN DE GUEVARA, Alex",2012,CN Judizmendi,2:31.20,2026-06-28,Cto Euskal Herria Verano (50 m),M,35.02;37.72;39.75;38.71,,
200 Espalda,"MARTINEZ MUZAS, Unax",2012,CN Judizmendi,2:50.98,2026-06-28,Cto Euskal Herria Verano (50 m),M,39.42;43.42;44.49;43.65,,
200 Espalda,"PUERTAS RIVAS, Aratz",2011,CN Judizmendi,2:22.10,2026-06-28,Cto Euskal Herria Verano (50 m),M,33.90;35.18;36.64;36.38,,
200 Espalda,"RODRIGUEZ ZUBIAURRE, Luka",2012,CN Judizmendi,2:42.43,2026-06-28,Cto Euskal Herria Verano (50 m),M,37.80;40.35;42.27;42.01,,
50 Braza,"ANGULO SANTAMARIA, Irune",2011,CN Menditxo,38.76,2026-06-28,Cto Euskal Herria Verano (50 m),F,,,
50 Braza,"DURANA ANDA, Martina",2011,CN Judizmendi,38.05,2026-06-28,Cto Euskal Herria Verano (50 m),F,,,
50 Braza,"GONZALEZ ELIZBURU, Leire",2012,CN Judizmendi,38.82,2026-06-28,Cto Euskal Herria Verano (50 m),F,,,
50 Braza,"MARTINEZ ESCOLAR, Ainhoa",2012,CN Zadorra,43.18,2026-06-28,Cto Euskal Herria Verano (50 m),F,,,
50 Braza,"MARTINEZ ROJO, Leire",2012,CN Judizmendi,39.24,2026-06-28,Cto Euskal Herria Verano (50 m),F,,,
50 Braza,"PINILLA SOLETO, Naia",2011,CN Menditxo,38.86,2026-06-28,Cto Euskal Herria Verano (50 m),F,,,
50 Braza,"IBARRARAN RAMIREZ DE OCARIZ, Jon",2012,CN Judizmendi,36.46,2026-06-28,Cto Euskal Herria Verano (50 m),M,,,
50 Braza,"ORTEGA ARANGO, Ander",2012,CN Judizmendi,37.16,2026-06-28,Cto Euskal Herria Verano (50 m),M,,,
100 Braza,"ANGULO SANTAMARIA, Irune",2011,CN Menditxo,1:22.76,2026-06-28,Cto Euskal Herria Verano (50 m),F,39.31;43.45,,
100 Braza,"DURANA ANDA, Martina",2011,CN Judizmendi,1:24.40,2026-06-28,Cto Euskal Herria Verano (50 m),F,39.81;44.59,,
100 Braza,"GONZALEZ ELIZBURU, Leire",2012,CN Judizmendi,1:25.07,2026-06-28,Cto Euskal Herria Verano (50 m),F,40.64;44.43,,
100 Braza,"MARTINEZ ESCOLAR, Ainhoa",2012,CN Zadorra,1:30.54,2026-06-28,Cto Euskal Herria Verano (50 m),F,43.00;47.54,,
100 Braza,"MARTINEZ ROJO, Leire",2012,CN Judizmendi,1:24.84,2026-06-28,Cto Euskal Herria Verano (50 m),F,39.93;44.91,,
100 Braza,"PINILLA SOLETO, Naia",2011,CN Menditxo,1:25.93,2026-06-28,Cto Euskal Herria Verano (50 m),F,41.00;44.93,,
100 Braza,"RODRÍGUEZ LÓPEZ DE VICUÑA, Nora",2012,CN Judizmendi,1:25.49,2026-06-28,Cto Euskal Herria Verano (50 m),F,40.58;44.91,,
100 Braza,"ETXEBARRIA SAEZ DE UGARTE, Eneko",2011,CN Judizmendi,1:18.54,2026-06-28,Cto Euskal Herria Verano (50 m),M,37.40;41.14,,
100 Braza,"FERNANDEZ SAEZ, Martin",2011,CN Judizmendi,1:17.96,2026-06-28,Cto Euskal Herria Verano (50 m),M,36.64;41.32,,
100 Braza,"IBARRARAN RAMIREZ DE OCARIZ, Jon",2012,CN Judizmendi,1:19.62,2026-06-28,Cto Euskal Herria Verano (50 m),M,37.58;42.04,,
100 Braza,"ORTEGA ARANGO, Ander",2012,CN Judizmendi,1:19.05,2026-06-28,Cto Euskal Herria Verano (50 m),M,37.77;41.28,,
200 Braza,"ANGULO SANTAMARIA, Irune",2011,CN Menditxo,2:59.81,2026-06-28,Cto Euskal Herria Verano (50 m),F,41.23;46.12;46.71;45.75,,
200 Braza,"MARTINEZ ESCOLAR, Ainhoa",2012,CN Zadorra,3:20.56,2026-06-28,Cto Euskal Herria Verano (50 m),F,44.96;50.50;52.47;52.63,,
200 Braza,"MARTINEZ ROJO, Leire",2012,CN Judizmendi,3:06.76,2026-06-28,Cto Euskal Herria Verano (50 m),F,43.28;47.15;48.10;48.23,,
200 Braza,"PINILLA SOLETO, Naia",2011,CN Menditxo,3:05.70,2026-06-28,Cto Euskal Herria Verano (50 m),F,41.60;46.66;48.27;49.17,,
200 Braza,"RODRÍGUEZ LÓPEZ DE VICUÑA, Nora",2012,CN Judizmendi,3:04.55,2026-06-28,Cto Euskal Herria Verano (50 m),F,42.70;46.82;48.29;46.74,,
200 Braza,"FERNANDEZ SAEZ, Martin",2011,CN Judizmendi,2:46.65,2026-06-28,Cto Euskal Herria Verano (50 m),M,38.02;41.79;43.16;43.68,,
200 Braza,"IBARRARAN RAMIREZ DE OCARIZ, Jon",2012,CN Judizmendi,2:54.70,2026-06-28,Cto Euskal Herria Verano (50 m),M,40.13;43.94;45.44;45.19,,
200 Braza,"ORTEGA ARANGO, Ander",2012,CN Judizmendi,2:48.73,2026-06-28,Cto Euskal Herria Verano (50 m),M,39.05;42.60;43.62;43.46,,
50 Mariposa,"AGUIRRE SANCHEZ, Eider",2011,CN Judizmendi,29.32,2026-06-28,Cto Euskal Herria Verano (50 m),F,,,
50 Mariposa,"FERNANDEZ CABRERA, Mara",2012,CN Menditxo,36.67,2026-06-28,Cto Euskal Herria Verano (50 m),F,,,
50 Mariposa,"GONZALEZ FERNANDEZ, Laia",2012,CN Judizmendi,32.77,2026-06-28,Cto Euskal Herria Verano (50 m),F,,,
50 Mariposa,"HERRANZ FDZ DE LANDA, Haizea",2011,CN Menditxo,32.99,2026-06-28,Cto Euskal Herria Verano (50 m),F,,,
50 Mariposa,"MUÑOZ FELIPE, Oihane",2011,CN Menditxo,34.54,2026-06-28,Cto Euskal Herria Verano (50 m),F,,,
50 Mariposa,"ORTIZ DE ZARATE VILLEN, Leizuri",2012,CN Menditxo,34.67,2026-06-28,Cto Euskal Herria Verano (50 m),F,,,
50 Mariposa,"BASABEA OLABE, Ekain",2012,CN Judizmendi,33.18,2026-06-28,Cto Euskal Herria Verano (50 m),M,,,
50 Mariposa,"CORTINA FERNANDEZ DE LIGER, Xabier",2012,CN Judizmendi,29.74,2026-06-28,Cto Euskal Herria Verano (50 m),M,,,
50 Mariposa,"MENDIA GAINZARAIN, Oihan",2011,CN Menditxo,32.06,2026-06-28,Cto Euskal Herria Verano (50 m),M,,,
100 Mariposa,"GONZALEZ FERNANDEZ, Laia",2012,CN Judizmendi,1:14.07,2026-06-28,Cto Euskal Herria Verano (50 m),F,34.91;39.16,,
100 Mariposa,"CORTINA FERNANDEZ DE LIGER, Xabier",2012,CN Judizmendi,1:09.26,2026-06-28,Cto Euskal Herria Verano (50 m),M,32.63;36.63,,
100 Mariposa,"ETXEBARRIA SAEZ DE UGARTE, Eneko",2011,CN Judizmendi,1:07.44,2026-06-28,Cto Euskal Herria Verano (50 m),M,31.76;35.68,,
200 Mariposa,"GONZALEZ FERNANDEZ, Laia",2012,CN Judizmendi,2:51.29,2026-06-28,Cto Euskal Herria Verano (50 m),F,39.19;45.07;44.86;42.17,,
200 Mariposa,"CORTINA FERNANDEZ DE LIGER, Xabier",2012,CN Judizmendi,2:42.75,2026-06-28,Cto Euskal Herria Verano (50 m),M,34.72;40.19;42.07;45.77,,
200 Estilos,"ANGULO SANTAMARIA, Irune",2011,CN Menditxo,2:52.36,2026-06-28,Cto Euskal Herria Verano (50 m),F,37.16;47.32;46.92;40.96,,
200 Estilos,"GONZALEZ FERNANDEZ, Laia",2012,CN Judizmendi,2:45.45,2026-06-28,Cto Euskal Herria Verano (50 m),F,35.39;42.96;47.13;39.97,,
200 Estilos,"MARTINEZ DE MURGUIA ALVAREZ, Izaro",2012,CN Judizmendi,2:49.62,2026-06-28,Cto Euskal Herria Verano (50 m),F,37.69;44.21;49.26;38.46,,
200 Estilos,"ARMIÑO CRUCELEGUI, Alex",2011,CN Judizmendi,2:37.78,2026-06-28,Cto Euskal Herria Verano (50 m),M,35.27;39.52;48.37;34.62,,
200 Estilos,"BASABEA OLABE, Ekain",2012,CN Judizmendi,2:46.05,2026-06-28,Cto Euskal Herria Verano (50 m),M,36.32;43.16;47.79;38.78,,
200 Estilos,"ETXEBARRIA SAEZ DE UGARTE, Eneko",2011,CN Judizmendi,2:28.56,2026-06-28,Cto Euskal Herria Verano (50 m),M,31.84;37.57;44.27;34.88,,
200 Estilos,"IBARRARAN RAMIREZ DE OCARIZ, Jon",2012,CN Judizmendi,,2026-06-28,Cto Euskal Herria Verano (50 m),M,,DSQ,
400 Estilos,"DURANA ANDA, Martina",2011,CN Judizmendi,5:44.60,2026-06-28,Cto Euskal Herria Verano (50 m),F,35.94;41.76;42.80;42.40;50.69;51.03;40.41;39.57,,
400 Estilos,"ANTON BELTRAN DE GUEVARA, Alex",2012,CN Judizmendi,5:31.96,2026-06-28,Cto Euskal Herria Verano (50 m),M,36.07;43.25;39.62;40.33;49.24;49.48;37.95;36.02,,
400 Estilos,"ARMIÑO CRUCELEGUI, Alex",2011,CN Judizmendi,5:34.19,2026-06-28,Cto Euskal Herria Verano (50 m),M,35.88;45.71;42.70;43.04;47.16;47.62;36.62;35.46,,
400 Estilos,"ETXEBARRIA SAEZ DE UGARTE, Eneko",2011,CN Judizmendi,5:22.99,2026-06-28,Cto Euskal Herria Verano (50 m),M,33.73;39.39;41.06;40.72;46.98;48.17;36.23;36.71,,
400 Estilos,"FDZ. DE RETANA GONZALEZ DE HEREDIA, Xabier",2011,CN Judizmendi,5:07.89,2026-06-28,Cto Euskal Herria Verano (50 m),M,33.49;38.86;39.38;37.97;43.68;44.29;35.56;34.66,,
400 Estilos,"MENDIA GAINZARAIN, Oihan",2011,CN Menditxo,5:34.00,2026-06-28,Cto Euskal Herria Verano (50 m),M,34.37;41.57;44.59;42.79;48.41;49.43;37.08;35.76,,
50 Espalda,"AGUIRRE SANCHEZ, Eider",2011,CN Judizmendi,33.13,2026-03-22,Cto España Infantil Invierno (50 m),F,,,
100 Espalda,"AGUIRRE SANCHEZ, Eider",2011,CN Judizmendi,,2026-03-22,Cto España Infantil Invierno (50 m),F,,DSQ,
50 Mariposa,"AGUIRRE SANCHEZ, Eider",2011,CN Judizmendi,28.79,2026-03-22,Cto España Infantil Invierno (50 m),F,,,
100 Mariposa,"AGUIRRE SANCHEZ, Eider",2011,CN Judizmendi,1:05.32,2026-03-22,Cto España Infantil Invierno (50 m),F,30.46;34.86,,
50 Libre,"ORTEGA ENRIQUE, Yeray",2012,CN Menditxo,26.59,2026-03-22,Cto España Infantil Invierno (50 m),M,,,
50 Espalda,"ORTEGA ENRIQUE, Yeray",2012,CN Menditxo,30.38,2026-03-22,Cto España Infantil Invierno (50 m),M,,,
100 Espalda,"ORTEGA ENRIQUE, Yeray",2012,CN Menditxo,1:06.95,2026-03-22,Cto España Infantil Invierno (50 m),M,32.01;34.94,,
200 Espalda,"ORTEGA ENRIQUE, Yeray",2012,CN Menditxo,2:25.34,2026-03-22,Cto España Infantil Invierno (50 m),M,32.07;36.08;38.23;38.96,,
100 Espalda,"AGUIRRE SANCHEZ, Eider",2011,CN Judizmendi,1:09.81,2026-07-19,Cto España Infantil Verano (50 m),F,34.18;35.63,,
50 Mariposa,"AGUIRRE SANCHEZ, Eider",2011,CN Judizmendi,29.62,2026-07-19,Cto España Infantil Verano (50 m),F,,,
100 Mariposa,"AGUIRRE SANCHEZ, Eider",2011,CN Judizmendi,1:05.49,2026-07-19,Cto España Infantil Verano (50 m),F,30.39;35.10,,
50 Libre,"ORTEGA ENRIQUE, Yeray",2012,CN Menditxo,26.59,2026-07-19,Cto España Infantil Verano (50 m),M,,,
1500 Libre,"ORTEGA ENRIQUE, Yeray",2012,CN Menditxo,17:46.52,2026-07-19,Cto España Infantil Verano (50 m),M,31.25;34.86;34.78;35.81;35.41;36.03;35.34;36.58;35.66;36.33;35.66;36.35;35.77;36.41;35.47;36.48;34.99;36.38;35.05;35.93;35.32;36.12;35.34;36.14;35.51;36.26;35.28;36.19;35.00;34.82,,
50 Espalda,"ORTEGA ENRIQUE, Yeray",2012,CN Menditxo,30.01,2026-07-19,Cto España Infantil Verano (50 m),M,,,
100 Espalda,"ORTEGA ENRIQUE, Yeray",2012,CN Menditxo,1:05.38,2026-07-19,Cto España Infantil Verano (50 m),M,31.60;33.78,,
200 Espalda,"ORTEGA ENRIQUE, Yeray",2012,CN Menditxo,2:19.79,2026-07-19,Cto España Infantil Verano (50 m),M,33.61;34.94;36.23;35.01,,
50 Mariposa,"CORTINA FERNANDEZ DE LIGER, Xabier",2012,CN Judizmendi,29.16,2026-07-19,Cto España Infantil Verano (50 m),M,,,
100 Braza,"ALBA MARTÍNEZ DE ANTOÑANA, Uxue",2004,CN Judizmendi,1:43.91,2025-10-18,1ª Jornada Federada,F,48.79;55.12,,
100 Braza,"GUZMAN BREDA, Uxue",2010,CN Judizmendi,1:30.43,2025-10-18,1ª Jornada Federada,F,43.09;47.34,,
100 Braza,"MARTINEZ PRADO, Cielo",2010,CN Judizmendi,1:19.84,2025-10-18,1ª Jornada Federada,F,37.96;41.88,,
100 Braza,"CANTERO RISQUE, Danel",2002,CN Menditxo,1:12.55,2025-10-18,1ª Jornada Federada,M,34.40;38.15,,
100 Braza,"ESPEJO MARTIN, Markel",2009,CN Judizmendi,1:13.03,2025-10-18,1ª Jornada Federada,M,34.41;38.62,,
100 Braza,"FZ RETANA GZ HEREDIA, Oier",2009,CN Judizmendi,1:22.31,2025-10-18,1ª Jornada Federada,M,38.79;43.52,,
100 Braza,"MARIMON ANZOLA, Aritz",2005,CN Judizmendi,1:12.15,2025-10-18,1ª Jornada Federada,M,33.97;38.18,,
100 Braza,"MENESES ARRIZABALAGA, Xabier",2003,CN Judizmendi,1:16.76,2025-10-18,1ª Jornada Federada,M,35.98;40.78,,
100 Braza,"URIARTE ORTIZ DE MENDIVIL, Galder",2010,CN Judizmendi,1:20.33,2025-10-18,1ª Jornada Federada,M,37.91;42.42,,
100 Espalda,"DIAZ DE CERIO ABASOLO, Laida",2009,CN Judizmendi,1:12.03,2025-10-18,1ª Jornada Federada,F,35.38;36.65,,
100 Espalda,"SALAZAR ORTIZ DE URBINA, Haizea",2006,CN Urgain,1:16.42,2025-10-18,1ª Jornada Federada,F,36.66;39.76,,
100 Espalda,"BASABEA OLABE, Oinatz",2010,CN Judizmendi,1:17.75,2025-10-18,1ª Jornada Federada,M,38.33;39.42,,
100 Espalda,"DIAZ DE BERRIKANO BUESA, Xabier",2009,CN Judizmendi,1:16.82,2025-10-18,1ª Jornada Federada,M,36.80;40.02,,
100 Espalda,"GARCIA DE LOMANA VESGA, Nacho",2010,CN Menditxo,1:01.09,2025-10-18,1ª Jornada Federada,M,29.48;31.61,,
100 Espalda,"JAUSORO GONZALEZ, Martin",2006,CN Urgain,1:09.87,2025-10-18,1ª Jornada Federada,M,34.51;35.36,,
100 Espalda,"LOPEZ DE OCARIZ DE ALAVA, Sergio",2009,CN Judizmendi,58.10,2025-10-18,1ª Jornada Federada,M,28.61;29.49,,
100 Espalda,"NANCLARES IBARGUTXI, Xabier",2003,CN Judizmendi,1:04.53,2025-10-18,1ª Jornada Federada,M,31.11;33.42,,
100 Espalda,"RODRIGUEZ LÓPEZ DE VICUÑA, Jokin",2010,CN Judizmendi,1:15.83,2025-10-18,1ª Jornada Federada,M,36.72;39.11,,
100 Espalda,"ZUGAZAGA GARAGALZA, Urko",2005,CN Judizmendi,1:05.64,2025-10-18,1ª Jornada Federada,M,31.81;33.83,,
100 Estilos,"BAZTAN ARANA, Maddi",2008,CN Judizmendi,1:14.23,2025-10-18,1ª Jornada Federada,F,35.36;38.87,,
100 Estilos,"CIRRE MARTINEZ DE ALBENIZ, Irati",2010,CN Zadorra,1:21.94,2025-10-18,1ª Jornada Federada,F,37.37;44.57,,
100 Estilos,"FERNANDEZ JORGE, Eider",2008,CN Menditxo,1:37.63,2025-10-18,1ª Jornada Federada,F,43.72;53.91,,
100 Estilos,"FERNANDEZ NISO, June",2010,CN Judizmendi,1:18.37,2025-10-18,1ª Jornada Federada,F,35.24;43.13,,
100 Estilos,"GONZALEZ ANGULO, Olatz",2008,CN Zadorra,1:18.50,2025-10-18,1ª Jornada Federada,F,35.24;43.26,,
100 Estilos,"LZ LUZURIAGA FZ RETANA, Maddi",2010,CN Judizmendi,1:14.18,2025-10-18,1ª Jornada Federada,F,34.10;40.08,,
100 Estilos,"MONDEJAR MOYA, Ekine",2007,CN Menditxo,1:05.79,2025-10-18,1ª Jornada Federada,F,30.45;35.34,,
100 Estilos,"SANZ URRETAVIZCAYA, Naroa",2007,CN Judizmendi,1:11.49,2025-10-18,1ª Jornada Federada,F,31.50;39.99,,
100 Estilos,"GIL ALLAFLOR, Inigo",2006,CN Judizmendi,1:01.99,2025-10-18,1ª Jornada Federada,M,27.56;34.43,,
100 Estilos,"GONZALEZ BERNARDO, Aimar",2009,CN Menditxo,1:12.35,2025-10-18,1ª Jornada Federada,M,34.68;37.67,,
100 Estilos,"HERVIAS FERNANDEZ, Saul",1999,CN Menditxo,1:00.47,2025-10-18,1ª Jornada Federada,M,27.91;32.56,,
100 Estilos,"LIZARDUY CASTILLO, Sergio",2006,CN Menditxo,59.88,2025-10-18,1ª Jornada Federada,M,27.55;32.33,,
100 Estilos,"MARTINEZ GARRIDO, Adrian",2007,CN Judizmendi,1:04.11,2025-10-18,1ª Jornada Federada,M,29.40;34.71,,
100 Estilos,"MENESES ARRIZABALAGA, Xabier",2003,CN Judizmendi,1:06.70,2025-10-18,1ª Jornada Federada,M,30.61;36.09,,
100 Estilos,"MZ DE SAN VICENTE LLANA, Markel",2009,CN Judizmendi,1:15.47,2025-10-18,1ª Jornada Federada,M,33.99;41.48,,
100 Estilos,"PEÑA BARCENA, Alvaro",2009,CN Menditxo,1:05.66,2025-10-18,1ª Jornada Federada,M,29.28;36.38,,
100 Estilos,"ZUGAZAGA GARAGALZA, Urko",2005,CN Judizmendi,1:04.69,2025-10-18,1ª Jornada Federada,M,29.68;35.01,,
100 Libre,"AGUIRREGOMEZCORTA ALIAS, Johana",2007,CN Menditxo,1:02.13,2025-10-18,1ª Jornada Federada,F,29.88;32.25,,
100 Libre,"BIDAURRATZAGA CHASCO, Sara",2010,CN Judizmendi,1:23.40,2025-10-18,1ª Jornada Federada,F,40.41;42.99,,
100 Libre,"CIRRE MARTINEZ DE ALBENIZ, Irati",2010,CN Zadorra,1:10.86,2025-10-18,1ª Jornada Federada,F,33.97;36.89,,
100 Libre,"MARTINEZ PRADO, Cielo",2010,CN Judizmendi,1:15.84,2025-10-18,1ª Jornada Federada,F,37.18;38.66,,
100 Libre,"REDONDO CRAF, Lucia",2006,CI Laudio,1:07.63,2025-10-18,1ª Jornada Federada,F,32.16;35.47,,
100 Libre,"RUIZ GARITANO, Izaro",2008,CN Menditxo,1:02.53,2025-10-18,1ª Jornada Federada,F,29.91;32.62,,
100 Libre,"SANCHEZ VICENTE, Nagore",2008,CN Zadorra,1:17.01,2025-10-18,1ª Jornada Federada,F,36.54;40.47,,
100 Libre,"ABAITUA PIPAON, Benat",2008,CN Judizmendi,57.37,2025-10-18,1ª Jornada Federada,M,27.78;29.59,,
100 Libre,"DIAZ DE OTAZU ORAA, Urtzi",2009,CN Zadorra,1:12.55,2025-10-18,1ª Jornada Federada,M,34.26;38.29,,
100 Libre,"ESPEJO MARTIN, Markel",2009,CN Judizmendi,57.35,2025-10-18,1ª Jornada Federada,M,27.89;29.46,,
100 Libre,"ESPEJO MARTIN, Pablo",2005,CN Judizmendi,56.63,2025-10-18,1ª Jornada Federada,M,27.43;29.20,,
100 Libre,"FERNANDEZ HUARTE, Asier",2007,CN Menditxo,52.85,2025-10-18,1ª Jornada Federada,M,25.46;27.39,,
100 Libre,"FZ RETANA GZ HEREDIA, Oier",2009,CN Judizmendi,1:01.00,2025-10-18,1ª Jornada Federada,M,29.93;31.07,,
100 Libre,"GIL ALLAFLOR, Inigo",2006,CN Judizmendi,52.87,2025-10-18,1ª Jornada Federada,M,25.35;27.52,,
100 Libre,"GIL ALONSO, Jon",1990,CN Urgain,1:02.20,2025-10-18,1ª Jornada Federada,M,29.75;32.45,,
100 Libre,"HERVIAS FERNANDEZ, Saul",1999,CN Menditxo,54.46,2025-10-18,1ª Jornada Federada,M,26.15;28.31,,
100 Libre,"MARIMON ANZOLA, Aritz",2005,CN Judizmendi,55.85,2025-10-18,1ª Jornada Federada,M,26.99;28.86,,
100 Libre,"MONTORO RAMIREZ, Angel",2010,CN Menditxo,1:03.72,2025-10-18,1ª Jornada Federada,M,30.10;33.62,,
100 Libre,"OZAETA URQUIJO, Jon",2006,CI Laudio,1:02.83,2025-10-18,1ª Jornada Federada,M,29.65;33.18,,
100 Libre,"URIARTE MARQUEZ, Bruno",2010,CN Menditxo,1:02.13,2025-10-18,1ª Jornada Federada,M,29.42;32.71,,
100 Libre,"URIARTE ORTIZ DE MENDIVIL, Galder",2010,CN Judizmendi,1:00.81,2025-10-18,1ª Jornada Federada,M,29.03;31.78,,
100 Mariposa,"ANDRES HERNANDO, Nahia",2010,CN Judizmendi,1:21.52,2025-10-18,1ª Jornada Federada,F,38.67;42.85,,
100 Mariposa,"BAZTAN ARANA, Maddi",2008,CN Judizmendi,1:14.30,2025-10-18,1ª Jornada Federada,F,34.82;39.48,,
100 Mariposa,"DELGADO LOPO, Aizane",2006,CN Urgain,1:23.91,2025-10-18,1ª Jornada Federada,F,39.60;44.31,,
100 Mariposa,"DIAZ DE CERIO ABASOLO, Laida",2009,CN Judizmendi,1:12.47,2025-10-18,1ª Jornada Federada,F,33.83;38.64,,
100 Mariposa,"RODRIGUEZ DE YURRE BUESA, Amaia",2010,CN Judizmendi,1:16.24,2025-10-18,1ª Jornada Federada,F,35.30;40.94,,
100 Mariposa,"BASABEA OLABE, Oinatz",2010,CN Judizmendi,1:21.65,2025-10-18,1ª Jornada Federada,M,36.12;45.53,,
100 Mariposa,"DIAZ DE BERRIKANO BUESA, Xabier",2009,CN Judizmendi,1:13.30,2025-10-18,1ª Jornada Federada,M,34.24;39.06,,
100 Mariposa,"DIAZ DE CERIO ABASOLO, Aitor",2008,CN Judizmendi,1:07.82,2025-10-18,1ª Jornada Federada,M,31.36;36.46,,
100 Mariposa,"ESPEJO MARTIN, Pablo",2005,CN Judizmendi,59.80,2025-10-18,1ª Jornada Federada,M,28.07;31.73,,
100 Mariposa,"GARCIA LUKE, Unai",2010,CN Judizmendi,1:09.95,2025-10-18,1ª Jornada Federada,M,31.44;38.51,,
100 Mariposa,"HERNANDEZ CAÑO, Gonzalo",2010,CN Judizmendi,1:21.07,2025-10-18,1ª Jornada Federada,M,36.27;44.80,,
100 Mariposa,"LOPEZ DE OCARIZ DE ALAVA, Sergio",2009,CN Judizmendi,56.87,2025-10-18,1ª Jornada Federada,M,26.93;29.94,,
100 Mariposa,"LOPEZ DE SABANDO GONZALEZ, Uztaritz",2006,CN Menditxo,57.28,2025-10-18,1ª Jornada Federada,M,26.27;31.01,,
100 Mariposa,"PUERTAS RIVAS, Urtzi",2010,CN Judizmendi,1:08.52,2025-10-18,1ª Jornada Federada,M,31.00;37.52,,
100 Mariposa,"RODRIGUEZ LÓPEZ DE VICUÑA, Jokin",2010,CN Judizmendi,1:13.36,2025-10-18,1ª Jornada Federada,M,34.10;39.26,,
100 Mariposa,"VALDERRAMA MARTIN, Oscar",2000,CN Judizmendi,1:25.45,2025-10-18,1ª Jornada Federada,M,38.74;46.71,,
50 Braza,"ANDRES HERNANDO, Nahia",2010,CN Judizmendi,42.08,2025-10-18,1ª Jornada Federada,F,,,
50 Braza,"BAZTAN ARANA, Maddi",2008,CN Judizmendi,40.14,2025-10-18,1ª Jornada Federada,F,,,
50 Braza,"CAUBILLA MARTIN, Eider",2008,CN Menditxo,35.69,2025-10-18,1ª Jornada Federada,F,,,
50 Braza,"FERNANDEZ NISO, June",2010,CN Judizmendi,42.70,2025-10-18,1ª Jornada Federada,F,,,
50 Braza,"GONZALEZ ANGULO, Olatz",2008,CN Zadorra,41.93,2025-10-18,1ª Jornada Federada,F,,,
50 Braza,"GOTXIKOA TORRECILLA, Ainhoa",2005,CN Menditxo,34.63,2025-10-18,1ª Jornada Federada,F,,,
50 Braza,"GUZMAN BREDA, Uxue",2010,CN Judizmendi,41.02,2025-10-18,1ª Jornada Federada,F,,,
50 Braza,"IZUSKITZA UGARTE, June",2003,CN Judizmendi,55.81,2025-10-18,1ª Jornada Federada,F,,,
50 Braza,"LZ LUZURIAGA FZ RETANA, Maddi",2010,CN Judizmendi,39.15,2025-10-18,1ª Jornada Federada,F,,,
50 Braza,"ORTEGA ENRIQUE, Nayra",2008,CN Menditxo,35.13,2025-10-18,1ª Jornada Federada,F,,,
50 Braza,"RODRIGUEZ DE YURRE BUESA, Amaia",2010,CN Judizmendi,37.86,2025-10-18,1ª Jornada Federada,F,,,
50 Braza,"SANZ URRETAVIZCAYA, Naroa",2007,CN Judizmendi,39.75,2025-10-18,1ª Jornada Federada,F,,,
50 Braza,"CONDE GARCIA, Aingeru",2010,CN Menditxo,42.84,2025-10-18,1ª Jornada Federada,M,,,
50 Braza,"DIAZ DE CERIO ABASOLO, Aitor",2008,CN Judizmendi,33.05,2025-10-18,1ª Jornada Federada,M,,,
50 Braza,"FERNANDEZ DE RETANA PALMA, Ieltxu",2006,CN Urgain,37.19,2025-10-18,1ª Jornada Federada,M,,,
50 Braza,"GARCIA LUKE, Unai",2010,CN Judizmendi,33.77,2025-10-18,1ª Jornada Federada,M,,,
50 Braza,"HERNANDEZ CAÑO, Gonzalo",2010,CN Judizmendi,36.46,2025-10-18,1ª Jornada Federada,M,,,
50 Braza,"HORNAS GONZALEZ, Gorka",2008,CN Menditxo,34.93,2025-10-18,1ª Jornada Federada,M,,,
50 Braza,"LIZARDUY CASTILLO, Sergio",2006,CN Menditxo,31.15,2025-10-18,1ª Jornada Federada,M,,,
50 Braza,"MARTINEZ GARRIDO, Adrian",2007,CN Judizmendi,33.02,2025-10-18,1ª Jornada Federada,M,,,
50 Braza,"MZ DE SAN VICENTE LLANA, Markel",2009,CN Judizmendi,35.69,2025-10-18,1ª Jornada Federada,M,,,
50 Braza,"PUERTAS RIVAS, Urtzi",2010,CN Judizmendi,33.45,2025-10-18,1ª Jornada Federada,M,,,
50 Braza,"RITUERTO PEREZ DEL NOTARIO, Iker",2007,CN Menditxo,30.94,2025-10-18,1ª Jornada Federada,M,,,
50 Braza,"SAINZ MONGE, Iker",2009,CN Menditxo,36.99,2025-10-18,1ª Jornada Federada,M,,,
50 Braza,"VALDERRAMA MARTIN, Oscar",2000,CN Judizmendi,46.31,2025-10-18,1ª Jornada Federada,M,,,
50 Espalda,"ALBA MARTÍNEZ DE ANTOÑANA, Uxue",2004,CN Judizmendi,30.58,2025-10-18,1ª Jornada Federada,F,,,
50 Espalda,"BIDAURRATZAGA CHASCO, Sara",2010,CN Judizmendi,41.90,2025-10-18,1ª Jornada Federada,F,,,
50 Espalda,"CASTELLANO LOPEZ, Maialen",2006,CN Menditxo,30.73,2025-10-18,1ª Jornada Federada,F,,,
50 Espalda,"CAUBILLA MARTIN, Eider",2008,CN Menditxo,35.46,2025-10-18,1ª Jornada Federada,F,,,
50 Espalda,"CIRRE MARTINEZ DE ALBENIZ, Irati",2010,CN Zadorra,39.88,2025-10-18,1ª Jornada Federada,F,,,
50 Espalda,"FERNANDEZ JORGE, Eider",2008,CN Menditxo,32.08,2025-10-18,1ª Jornada Federada,F,,,
50 Espalda,"FERNANDEZ NISO, June",2010,CN Judizmendi,35.07,2025-10-18,1ª Jornada Federada,F,,,
50 Espalda,"GONZALEZ ANGULO, Olatz",2008,CN Zadorra,35.33,2025-10-18,1ª Jornada Federada,F,,,
50 Espalda,"GOTXIKOA TORRECILLA, Ainhoa",2005,CN Menditxo,31.80,2025-10-18,1ª Jornada Federada,F,,,
50 Espalda,"LIZARDUY CASTILLO, Iris",2008,CN Menditxo,30.50,2025-10-18,1ª Jornada Federada,F,,,
50 Espalda,"LOPEZ DE JUAN ABAD, Carla",2009,CN Menditxo,33.48,2025-10-18,1ª Jornada Federada,F,,,
50 Espalda,"LZ LUZURIAGA FZ RETANA, Maddi",2010,CN Judizmendi,33.40,2025-10-18,1ª Jornada Federada,F,,,
50 Espalda,"RUIZ GARITANO, Izaro",2008,CN Menditxo,33.15,2025-10-18,1ª Jornada Federada,F,,,
50 Espalda,"SANCHEZ VICENTE, Nagore",2008,CN Zadorra,37.31,2025-10-18,1ª Jornada Federada,F,,,
50 Espalda,"ABAITUA PIPAON, Benat",2008,CN Judizmendi,28.65,2025-10-18,1ª Jornada Federada,M,,,
50 Espalda,"BAÑON ALFARO, Javier",1989,CN Menditxo,31.85,2025-10-18,1ª Jornada Federada,M,,,
50 Espalda,"FERNANDEZ HUARTE, Asier",2007,CN Menditxo,27.71,2025-10-18,1ª Jornada Federada,M,,,
50 Espalda,"GARCIA DE LOMANA VESGA, Nacho",2010,CN Menditxo,27.81,2025-10-18,1ª Jornada Federada,M,,,
50 Espalda,"GIL ALLAFLOR, Inigo",2006,CN Judizmendi,27.80,2025-10-18,1ª Jornada Federada,M,,,
50 Espalda,"HERVIAS FERNANDEZ, Saul",1999,CN Menditxo,27.72,2025-10-18,1ª Jornada Federada,M,,,
50 Espalda,"LIZARDUY CASTILLO, Sergio",2006,CN Menditxo,27.42,2025-10-18,1ª Jornada Federada,M,,,
50 Espalda,"MARTINEZ GARRIDO, Adrian",2007,CN Judizmendi,28.69,2025-10-18,1ª Jornada Federada,M,,,
50 Espalda,"MONTORO RAMIREZ, Angel",2010,CN Menditxo,33.28,2025-10-18,1ª Jornada Federada,M,,,
50 Espalda,"MZ DE SAN VICENTE LLANA, Markel",2009,CN Judizmendi,34.09,2025-10-18,1ª Jornada Federada,M,,,
50 Espalda,"RITUERTO PEREZ DEL NOTARIO, Iker",2007,CN Menditxo,29.65,2025-10-18,1ª Jornada Federada,M,,,
50 Espalda,"SAINZ MONGE, Iker",2009,CN Menditxo,33.70,2025-10-18,1ª Jornada Federada,M,,,
50 Libre,"AGUIRREGOMEZCORTA ALIAS, Johana",2007,CN Menditxo,28.96,2025-10-18,1ª Jornada Federada,F,,,
50 Libre,"ANDRES HERNANDO, Nahia",2010,CN Judizmendi,31.66,2025-10-18,1ª Jornada Federada,F,,,
50 Libre,"CASTELLANO LOPEZ, Maialen",2006,CN Menditxo,28.62,2025-10-18,1ª Jornada Federada,F,,,
50 Libre,"CAUBILLA MARTIN, Eider",2008,CN Menditxo,29.59,2025-10-18,1ª Jornada Federada,F,,,
50 Libre,"DELGADO LOPO, Aizane",2006,CN Urgain,33.79,2025-10-18,1ª Jornada Federada,F,,,
50 Libre,"DIAZ DE CERIO ABASOLO, Laida",2009,CN Judizmendi,29.22,2025-10-18,1ª Jornada Federada,F,,,
50 Libre,"FERNANDEZ JORGE, Eider",2008,CN Menditxo,29.78,2025-10-18,1ª Jornada Federada,F,,,
50 Libre,"IZUSKITZA UGARTE, June",2003,CN Judizmendi,47.90,2025-10-18,1ª Jornada Federada,F,,,
50 Libre,"LIZARDUY CASTILLO, Iris",2008,CN Menditxo,27.61,2025-10-18,1ª Jornada Federada,F,,,
50 Libre,"LOPEZ DE JUAN ABAD, Carla",2009,CN Menditxo,29.39,2025-10-18,1ª Jornada Federada,F,,,
50 Libre,"MONDEJAR MOYA, Ekine",2007,CN Menditxo,26.25,2025-10-18,1ª Jornada Federada,F,,,
50 Libre,"ORTEGA ENRIQUE, Nayra",2008,CN Menditxo,27.49,2025-10-18,1ª Jornada Federada,F,,,
50 Libre,"REDONDO CRAF, Lucia",2006,CI Laudio,29.44,2025-10-18,1ª Jornada Federada,F,,,
50 Libre,"RODRIGUEZ DE YURRE BUESA, Amaia",2010,CN Judizmendi,30.99,2025-10-18,1ª Jornada Federada,F,,,
50 Libre,"RUIZ GARITANO, Izaro",2008,CN Menditxo,28.72,2025-10-18,1ª Jornada Federada,F,,,
50 Libre,"BASABEA OLABE, Oinatz",2010,CN Judizmendi,29.35,2025-10-18,1ª Jornada Federada,M,,,
50 Libre,"BAÑON ALFARO, Javier",1989,CN Menditxo,26.64,2025-10-18,1ª Jornada Federada,M,,,
50 Libre,"CANTERO RISQUE, Danel",2002,CN Menditxo,25.85,2025-10-18,1ª Jornada Federada,M,,,
50 Libre,"CONDE GARCIA, Aingeru",2010,CN Menditxo,33.38,2025-10-18,1ª Jornada Federada,M,,,
50 Libre,"DIAZ DE BERRIKANO BUESA, Xabier",2009,CN Judizmendi,30.24,2025-10-18,1ª Jornada Federada,M,,,
50 Libre,"DIAZ DE CERIO ABASOLO, Aitor",2008,CN Judizmendi,25.98,2025-10-18,1ª Jornada Federada,M,,,
50 Libre,"DIAZ DE OTAZU ORAA, Urtzi",2009,CN Zadorra,32.09,2025-10-18,1ª Jornada Federada,M,,,
50 Libre,"FERNANDEZ DE RETANA PALMA, Ieltxu",2006,CN Urgain,27.51,2025-10-18,1ª Jornada Federada,M,,,
50 Libre,"FERNANDEZ HUARTE, Asier",2007,CN Menditxo,24.01,2025-10-18,1ª Jornada Federada,M,,,
50 Libre,"GARCIA DE LOMANA VESGA, Nacho",2010,CN Menditxo,26.02,2025-10-18,1ª Jornada Federada,M,,,
50 Libre,"GARCIA LUKE, Unai",2010,CN Judizmendi,27.14,2025-10-18,1ª Jornada Federada,M,,,
50 Libre,"GIL ALONSO, Jon",1990,CN Urgain,27.88,2025-10-18,1ª Jornada Federada,M,,,
50 Libre,"GONZALEZ BERNARDO, Aimar",2009,CN Menditxo,26.78,2025-10-18,1ª Jornada Federada,M,,,
50 Libre,"HERNANDEZ CAÑO, Gonzalo",2010,CN Judizmendi,28.79,2025-10-18,1ª Jornada Federada,M,,,
50 Libre,"HORNAS GONZALEZ, Gorka",2008,CN Menditxo,27.45,2025-10-18,1ª Jornada Federada,M,,,
50 Libre,"JAUSORO GONZALEZ, Martin",2006,CN Urgain,26.32,2025-10-18,1ª Jornada Federada,M,,,
50 Libre,"LOPEZ DE OCARIZ DE ALAVA, Sergio",2009,CN Judizmendi,23.97,2025-10-18,1ª Jornada Federada,M,,,
50 Libre,"LOPEZ DE SABANDO GONZALEZ, Uztaritz",2006,CN Menditxo,25.32,2025-10-18,1ª Jornada Federada,M,,,
50 Libre,"LOPEZ OCIO, Jon",2006,CN Urgain,26.01,2025-10-18,1ª Jornada Federada,M,,,
50 Libre,"NANCLARES IBARGUTXI, Xabier",2003,CN Judizmendi,25.38,2025-10-18,1ª Jornada Federada,M,,,
50 Libre,"OZAETA URQUIJO, Jon",2006,CI Laudio,28.29,2025-10-18,1ª Jornada Federada,M,,,
50 Libre,"PEÑA BARCENA, Alvaro",2009,CN Menditxo,26.29,2025-10-18,1ª Jornada Federada,M,,,
50 Libre,"PUERTAS RIVAS, Urtzi",2010,CN Judizmendi,27.40,2025-10-18,1ª Jornada Federada,M,,,
50 Libre,"RITUERTO PEREZ DEL NOTARIO, Iker",2007,CN Menditxo,25.30,2025-10-18,1ª Jornada Federada,M,,,
50 Libre,"RODRIGUEZ LÓPEZ DE VICUÑA, Jokin",2010,CN Judizmendi,28.72,2025-10-18,1ª Jornada Federada,M,,,
50 Libre,"SAINZ MONGE, Iker",2009,CN Menditxo,28.53,2025-10-18,1ª Jornada Federada,M,,,
50 Libre,"ZUGAZAGA GARAGALZA, Urko",2005,CN Judizmendi,25.24,2025-10-18,1ª Jornada Federada,M,,,
50 Mariposa,"ALBA MARTÍNEZ DE ANTOÑANA, Uxue",2004,CN Judizmendi,31.28,2025-10-18,1ª Jornada Federada,F,,,
50 Mariposa,"BIDAURRATZAGA CHASCO, Sara",2010,CN Judizmendi,44.96,2025-10-18,1ª Jornada Federada,F,,,
50 Mariposa,"CASTELLANO LOPEZ, Maialen",2006,CN Menditxo,29.69,2025-10-18,1ª Jornada Federada,F,,,
50 Mariposa,"GUZMAN BREDA, Uxue",2010,CN Judizmendi,32.73,2025-10-18,1ª Jornada Federada,F,,,
50 Mariposa,"LIZARDUY CASTILLO, Iris",2008,CN Menditxo,29.22,2025-10-18,1ª Jornada Federada,F,,,
50 Mariposa,"LOPEZ DE JUAN ABAD, Carla",2009,CN Menditxo,32.10,2025-10-18,1ª Jornada Federada,F,,,
50 Mariposa,"MARTINEZ PRADO, Cielo",2010,CN Judizmendi,37.75,2025-10-18,1ª Jornada Federada,F,,,
50 Mariposa,"MONDEJAR MOYA, Ekine",2007,CN Menditxo,28.97,2025-10-18,1ª Jornada Federada,F,,,
50 Mariposa,"ORTEGA ENRIQUE, Nayra",2008,CN Menditxo,31.90,2025-10-18,1ª Jornada Federada,F,,,
50 Mariposa,"SANCHEZ VICENTE, Nagore",2008,CN Zadorra,39.31,2025-10-18,1ª Jornada Federada,F,,,
50 Mariposa,"SANZ URRETAVIZCAYA, Naroa",2007,CN Judizmendi,32.04,2025-10-18,1ª Jornada Federada,F,,,
50 Mariposa,"ABAITUA PIPAON, Benat",2008,CN Judizmendi,27.80,2025-10-18,1ª Jornada Federada,M,,,
50 Mariposa,"BAÑON ALFARO, Javier",1989,CN Menditxo,31.20,2025-10-18,1ª Jornada Federada,M,,,
50 Mariposa,"CANTERO RISQUE, Danel",2002,CN Menditxo,27.87,2025-10-18,1ª Jornada Federada,M,,,
50 Mariposa,"CONDE GARCIA, Aingeru",2010,CN Menditxo,39.35,2025-10-18,1ª Jornada Federada,M,,,
50 Mariposa,"ESPEJO MARTIN, Markel",2009,CN Judizmendi,28.23,2025-10-18,1ª Jornada Federada,M,,,
50 Mariposa,"ESPEJO MARTIN, Pablo",2005,CN Judizmendi,26.43,2025-10-18,1ª Jornada Federada,M,,,
50 Mariposa,"FZ RETANA GZ HEREDIA, Oier",2009,CN Judizmendi,30.33,2025-10-18,1ª Jornada Federada,M,,,
50 Mariposa,"HORNAS GONZALEZ, Gorka",2008,CN Menditxo,29.65,2025-10-18,1ª Jornada Federada,M,,,
50 Mariposa,"LOPEZ DE SABANDO GONZALEZ, Uztaritz",2006,CN Menditxo,26.41,2025-10-18,1ª Jornada Federada,M,,,
50 Mariposa,"LOPEZ OCIO, Jon",2006,CN Urgain,29.76,2025-10-18,1ª Jornada Federada,M,,,
50 Mariposa,"MARIMON ANZOLA, Aritz",2005,CN Judizmendi,26.14,2025-10-18,1ª Jornada Federada,M,,,
50 Mariposa,"MENESES ARRIZABALAGA, Xabier",2003,CN Judizmendi,29.78,2025-10-18,1ª Jornada Federada,M,,,
50 Mariposa,"MONTORO RAMIREZ, Angel",2010,CN Menditxo,32.74,2025-10-18,1ª Jornada Federada,M,,,
50 Mariposa,"PEÑA BARCENA, Alvaro",2009,CN Menditxo,27.88,2025-10-18,1ª Jornada Federada,M,,,
50 Mariposa,"URIARTE MARQUEZ, Bruno",2010,CN Menditxo,31.82,2025-10-18,1ª Jornada Federada,M,,,
50 Mariposa,"URIARTE ORTIZ DE MENDIVIL, Galder",2010,CN Judizmendi,29.76,2025-10-18,1ª Jornada Federada,M,,,
50 Mariposa,"VALDERRAMA MARTIN, Oscar",2000,CN Judizmendi,35.12,2025-10-18,1ª Jornada Federada,M,,,
100 Espalda,"FERNANDEZ JORGE, Eider",2008,CN Menditxo,1:10.34,2025-11-08,2ª Jornada Federada,F,33.55;36.79,,
100 Espalda,"MORENO ALONSO, Aintzane",2008,CN Zadorra,1:17.99,2025-11-08,2ª Jornada Federada,F,37.45;40.54,,
100 Espalda,"RUIZ GARITANO, Izaro",2008,CN Menditxo,1:09.87,2025-11-08,2ª Jornada Federada,F,34.46;35.41,,
100 Espalda,"SANCHEZ VICENTE, Nagore",2008,CN Zadorra,1:23.51,2025-11-08,2ª Jornada Federada,F,39.56;43.95,,
100 Espalda,"SANZ URRETAVIZCAYA, Naroa",2007,CN Judizmendi,1:07.34,2025-11-08,2ª Jornada Federada,F,32.75;34.59,,
100 Espalda,"ALBIZU LOPEZ DE GUEREÑU, Ruben",2005,CN Zadorra,1:11.90,2025-11-08,2ª Jornada Federada,M,34.03;37.87,,
100 Espalda,"BARREDO LANSAC, Mikel",1996,CN Urgain,1:08.47,2025-11-08,2ª Jornada Federada,M,33.07;35.40,,
100 Espalda,"DIAZ DE CERIO ABASOLO, Aitor",2008,CN Judizmendi,1:03.34,2025-11-08,2ª Jornada Federada,M,30.04;33.30,,
100 Espalda,"ESPEJO MARTIN, Markel",2009,CN Judizmendi,1:02.43,2025-11-08,2ª Jornada Federada,M,30.03;32.40,,
100 Espalda,"MONTORO RAMIREZ, Angel",2010,CN Menditxo,1:12.64,2025-11-08,2ª Jornada Federada,M,34.74;37.90,,
100 Espalda,"PEÑA BARCENA, Alvaro",2009,CN Menditxo,1:03.79,2025-11-08,2ª Jornada Federada,M,30.93;32.86,,
100 Espalda,"VALDERRAMA MARTIN, Oscar",2000,CN Judizmendi,1:42.69,2025-11-08,2ª Jornada Federada,M,49.19;53.50,,
100 Estilos,"GOTXIKOA TORRECILLA, Ainhoa",2005,CN Menditxo,1:07.33,2025-11-08,2ª Jornada Federada,F,30.72;36.61,,
100 Estilos,"LOPEZ DE JUAN ABAD, Carla",2009,CN Menditxo,1:13.61,2025-11-08,2ª Jornada Federada,F,34.01;39.60,,
100 Estilos,"REDONDO CRAF, Lucia",2006,CI Laudio,1:16.23,2025-11-08,2ª Jornada Federada,F,33.42;42.81,,
100 Estilos,"RODRIGUEZ DE YURRE BUESA, Amaia",2010,CN Judizmendi,1:11.75,2025-11-08,2ª Jornada Federada,F,32.98;38.77,,
100 Estilos,"BARREDO LANSAC, Mikel",1996,CN Urgain,1:07.56,2025-11-08,2ª Jornada Federada,M,31.45;36.11,,
100 Estilos,"BASABEA OLABE, Oinatz",2010,CN Judizmendi,1:16.97,2025-11-08,2ª Jornada Federada,M,35.69;41.28,,
100 Estilos,"DIAZ DE CERIO ABASOLO, Aitor",2008,CN Judizmendi,1:05.27,2025-11-08,2ª Jornada Federada,M,29.42;35.85,,
100 Estilos,"ESPEJO MARTIN, Pablo",2005,CN Judizmendi,59.94,2025-11-08,2ª Jornada Federada,M,28.68;31.26,,
100 Estilos,"GARCIA DE LOMANA VESGA, Nacho",2010,CN Menditxo,1:06.05,2025-11-08,2ª Jornada Federada,M,29.07;36.98,,
100 Estilos,"HORNAS GONZALEZ, Gorka",2008,CN Menditxo,1:10.24,2025-11-08,2ª Jornada Federada,M,32.04;38.20,,
100 Estilos,"MONTORO RAMIREZ, Angel",2010,CN Menditxo,1:13.02,2025-11-08,2ª Jornada Federada,M,34.01;39.01,,
100 Estilos,"RITUERTO PEREZ DEL NOTARIO, Iker",2007,CN Menditxo,1:03.00,2025-11-08,2ª Jornada Federada,M,29.40;33.60,,
100 Estilos,"SAINZ MONGE, Iker",2009,CN Menditxo,1:11.44,2025-11-08,2ª Jornada Federada,M,32.42;39.02,,
100 Estilos,"URIARTE MARQUEZ, Bruno",2010,CN Menditxo,1:11.27,2025-11-08,2ª Jornada Federada,M,32.87;38.40,,
100 Estilos,"VALDERRAMA MARTIN, Oscar",2000,CN Judizmendi,1:31.25,2025-11-08,2ª Jornada Federada,M,40.77;50.48,,
100 Mariposa,"FERNANDEZ JORGE, Eider",2008,CN Menditxo,1:09.86,2025-11-08,2ª Jornada Federada,F,32.52;37.34,,
100 Mariposa,"MARTINEZ PRADO, Cielo",2010,CN Judizmendi,1:25.14,2025-11-08,2ª Jornada Federada,F,37.99;47.15,,
100 Mariposa,"RUIZ GARITANO, Izaro",2008,CN Menditxo,1:07.61,2025-11-08,2ª Jornada Federada,F,31.62;35.99,,
100 Mariposa,"RUIZ OLALLA MARQUEZ, Vera",2007,CN Urgain,1:28.11,2025-11-08,2ª Jornada Federada,F,39.53;48.58,,
100 Mariposa,"DIAZ DE BERRIKANO BUESA, Xabier",2009,CN Judizmendi,1:11.92,2025-11-08,2ª Jornada Federada,M,33.50;38.42,,
100 Mariposa,"GIL ALLAFLOR, Inigo",2006,CN Judizmendi,57.22,2025-11-08,2ª Jornada Federada,M,26.46;30.76,,
100 Mariposa,"HERVIAS FERNANDEZ, Saul",1999,CN Menditxo,58.93,2025-11-08,2ª Jornada Federada,M,27.42;31.51,,
100 Mariposa,"LIZARDUY CASTILLO, Sergio",2006,CN Menditxo,56.63,2025-11-08,2ª Jornada Federada,M,26.49;30.14,,
100 Mariposa,"LOPEZ OCIO, Jon",2006,CN Urgain,1:09.43,2025-11-08,2ª Jornada Federada,M,31.31;38.12,,
100 Mariposa,"MARIMON ANZOLA, Aritz",2005,CN Judizmendi,57.05,2025-11-08,2ª Jornada Federada,M,26.22;30.83,,
100 Mariposa,"MZ DE SAN VICENTE LLANA, Markel",2009,CN Judizmendi,1:13.29,2025-11-08,2ª Jornada Federada,M,33.75;39.54,,
100 Mariposa,"PEÑA BARCENA, Alvaro",2009,CN Menditxo,1:00.77,2025-11-08,2ª Jornada Federada,M,28.43;32.34,,
200 Braza,"ANDRES HERNANDO, Nahia",2010,CN Judizmendi,3:06.88,2025-11-08,2ª Jornada Federada,F,42.98;48.09;48.04;47.77,,
200 Braza,"BAZTAN ARANA, Maddi",2008,CN Judizmendi,3:00.36,2025-11-08,2ª Jornada Federada,F,41.19;45.98;46.64;46.55,,
200 Braza,"CONDE GARCIA, Aingeru",2010,CN Menditxo,3:20.84,2025-11-08,2ª Jornada Federada,M,46.08;52.99;52.59;49.18,,
200 Espalda,"GONZALEZ ANGULO, Olatz",2008,CN Zadorra,2:51.48,2025-11-08,2ª Jornada Federada,F,40.59;43.68;44.63;42.58,,
200 Espalda,"LZ LUZURIAGA FZ RETANA, Maddi",2010,CN Judizmendi,2:29.71,2025-11-08,2ª Jornada Federada,F,35.38;38.32;38.49;37.52,,
200 Espalda,"ABAITUA PIPAON, Benat",2008,CN Judizmendi,2:21.10,2025-11-08,2ª Jornada Federada,M,32.37;36.52;36.23;35.98,,
200 Espalda,"ESPEJO MARTIN, Pablo",2005,CN Judizmendi,2:09.16,2025-11-08,2ª Jornada Federada,M,29.37;32.10;33.57;34.12,,
200 Espalda,"GUTIERREZ ARTOLA, Mikel",2009,CN Zadorra,2:59.36,2025-11-08,2ª Jornada Federada,M,41.16;45.29;46.68;46.23,,
200 Espalda,"JAUSORO GONZALEZ, Martin",2006,CN Urgain,2:30.13,2025-11-08,2ª Jornada Federada,M,35.16;37.97;39.46;37.54,,
200 Espalda,"ZUGAZAGA GARAGALZA, Urko",2005,CN Judizmendi,2:22.74,2025-11-08,2ª Jornada Federada,M,33.15;35.47;36.90;37.22,,
200 Libre,"ALBA MARTÍNEZ DE ANTOÑANA, Uxue",2004,CN Judizmendi,2:13.99,2025-11-08,2ª Jornada Federada,F,31.29;33.61;34.77;34.32,,
200 Libre,"CIRRE MARTINEZ DE ALBENIZ, Irati",2010,CN Zadorra,2:39.79,2025-11-08,2ª Jornada Federada,F,36.37;40.18;41.64;41.60,,
200 Libre,"DIAZ DE CERIO ABASOLO, Laida",2009,CN Judizmendi,2:18.04,2025-11-08,2ª Jornada Federada,F,31.26;35.21;35.68;35.89,,
200 Libre,"FERNANDEZ NISO, June",2010,CN Judizmendi,2:25.12,2025-11-08,2ª Jornada Federada,F,33.43;36.63;37.21;37.85,,
200 Libre,"GUZMAN BREDA, Uxue",2010,CN Judizmendi,2:20.42,2025-11-08,2ª Jornada Federada,F,32.82;36.24;36.27;35.09,,
200 Libre,"LZ LUZURIAGA FZ RETANA, Maddi",2010,CN Judizmendi,2:21.04,2025-11-08,2ª Jornada Federada,F,33.02;36.52;36.17;35.33,,
200 Libre,"MARTINEZ PRADO, Cielo",2010,CN Judizmendi,2:42.05,2025-11-08,2ª Jornada Federada,F,36.70;41.47;42.71;41.17,,
200 Libre,"MONDEJAR MOYA, Ekine",2007,CN Menditxo,2:08.92,2025-11-08,2ª Jornada Federada,F,29.01;32.88;33.78;33.25,,
200 Libre,"ORTEGA ENRIQUE, Nayra",2008,CN Menditxo,2:21.00,2025-11-08,2ª Jornada Federada,F,31.88;34.70;36.61;37.81,,
200 Libre,"RODRIGUEZ DE YURRE BUESA, Amaia",2010,CN Judizmendi,2:15.72,2025-11-08,2ª Jornada Federada,F,31.92;35.00;35.14;33.66,,
200 Libre,"ABAITUA PIPAON, Benat",2008,CN Judizmendi,2:06.85,2025-11-08,2ª Jornada Federada,M,29.00;32.45;33.46;31.94,,
200 Libre,"BASABEA OLABE, Oinatz",2010,CN Judizmendi,2:26.16,2025-11-08,2ª Jornada Federada,M,33.21;37.93;38.20;36.82,,
200 Libre,"DIAZ DE BERRIKANO BUESA, Xabier",2009,CN Judizmendi,2:22.61,2025-11-08,2ª Jornada Federada,M,34.12;36.53;36.17;35.79,,
200 Libre,"FERNANDEZ DE RETANA PALMA, Ieltxu",2006,CN Urgain,2:14.94,2025-11-08,2ª Jornada Federada,M,30.11;33.38;35.68;35.77,,
200 Libre,"FERNANDEZ HUARTE, Asier",2007,CN Menditxo,1:59.62,2025-11-08,2ª Jornada Federada,M,27.32;30.23;30.56;31.51,,
200 Libre,"GARCIA DE LOMANA VESGA, Nacho",2010,CN Menditxo,2:06.58,2025-11-08,2ª Jornada Federada,M,28.44;31.44;33.10;33.60,,
200 Libre,"GIL ALLAFLOR, Inigo",2006,CN Judizmendi,1:59.12,2025-11-08,2ª Jornada Federada,M,27.21;29.42;30.72;31.77,,
200 Libre,"GONZALEZ BERNARDO, Aimar",2009,CN Menditxo,2:23.92,2025-11-08,2ª Jornada Federada,M,31.15;36.08;38.34;38.35,,
200 Libre,"HERVIAS FERNANDEZ, Saul",1999,CN Menditxo,1:58.13,2025-11-08,2ª Jornada Federada,M,27.35;30.19;30.26;30.33,,
200 Libre,"LIZARDUY CASTILLO, Sergio",2006,CN Menditxo,1:58.38,2025-11-08,2ª Jornada Federada,M,26.52;28.95;31.08;31.83,,
200 Libre,"LOPEZ DE SABANDO GONZALEZ, Uztaritz",2006,CN Menditxo,1:58.79,2025-11-08,2ª Jornada Federada,M,27.82;29.55;30.46;30.96,,
200 Libre,"LOPEZ OCIO, Jon",2006,CN Urgain,2:12.31,2025-11-08,2ª Jornada Federada,M,29.59;32.17;34.62;35.93,,
200 Libre,"MARIMON ANZOLA, Aritz",2005,CN Judizmendi,2:00.49,2025-11-08,2ª Jornada Federada,M,27.96;31.29;31.19;30.05,,
200 Libre,"MENESES ARRIZABALAGA, Xabier",2003,CN Judizmendi,2:09.20,2025-11-08,2ª Jornada Federada,M,28.70;32.73;33.76;34.01,,
200 Libre,"MZ DE SAN VICENTE LLANA, Markel",2009,CN Judizmendi,2:19.76,2025-11-08,2ª Jornada Federada,M,33.17;35.87;35.91;34.81,,
200 Libre,"NANCLARES IBARGUTXI, Xabier",2003,CN Judizmendi,2:01.51,2025-11-08,2ª Jornada Federada,M,27.98;30.68;31.67;31.18,,
200 Libre,"RITUERTO PEREZ DEL NOTARIO, Iker",2007,CN Menditxo,2:06.05,2025-11-08,2ª Jornada Federada,M,28.02;31.50;32.79;33.74,,
200 Libre,"ZUGAZAGA GARAGALZA, Urko",2005,CN Judizmendi,1:57.88,2025-11-08,2ª Jornada Federada,M,27.76;30.15;30.67;29.30,,
50 Braza,"ALBA MARTÍNEZ DE ANTOÑANA, Uxue",2004,CN Judizmendi,35.85,2025-11-08,2ª Jornada Federada,F,,,
50 Braza,"ANDRES HERNANDO, Nahia",2010,CN Judizmendi,40.58,2025-11-08,2ª Jornada Federada,F,,,
50 Braza,"BIDAURRATZAGA CHASCO, Sara",2010,CN Judizmendi,45.98,2025-11-08,2ª Jornada Federada,F,,,
50 Braza,"DIAZ DE CERIO ABASOLO, Laida",2009,CN Judizmendi,35.69,2025-11-08,2ª Jornada Federada,F,,,
50 Braza,"LOPEZ DE JUAN ABAD, Carla",2009,CN Menditxo,39.19,2025-11-08,2ª Jornada Federada,F,,,
50 Braza,"MONDEJAR MOYA, Ekine",2007,CN Menditxo,33.71,2025-11-08,2ª Jornada Federada,F,,,
50 Braza,"MORENO ALONSO, Aintzane",2008,CN Zadorra,39.93,2025-11-08,2ª Jornada Federada,F,,,
50 Braza,"PORTILLA GONZALEZ, Maria",1992,CN Urgain,45.78,2025-11-08,2ª Jornada Federada,F,,,
50 Braza,"CONDE GARCIA, Aingeru",2010,CN Menditxo,41.83,2025-11-08,2ª Jornada Federada,M,,,
50 Braza,"GIL ALONSO, Jon",1990,CN Urgain,36.21,2025-11-08,2ª Jornada Federada,M,,,
50 Braza,"MENESES ARRIZABALAGA, Xabier",2003,CN Judizmendi,34.91,2025-11-08,2ª Jornada Federada,M,,,
50 Libre,"ANDRES HERNANDO, Nahia",2010,CN Judizmendi,31.24,2025-11-08,2ª Jornada Federada,F,,,
50 Libre,"BAZTAN ARANA, Maddi",2008,CN Judizmendi,30.30,2025-11-08,2ª Jornada Federada,F,,,
50 Libre,"BIDAURRATZAGA CHASCO, Sara",2010,CN Judizmendi,36.86,2025-11-08,2ª Jornada Federada,F,,,
50 Libre,"CIRRE MARTINEZ DE ALBENIZ, Irati",2010,CN Zadorra,32.24,2025-11-08,2ª Jornada Federada,F,,,
50 Libre,"FERNANDEZ NISO, June",2010,CN Judizmendi,30.44,2025-11-08,2ª Jornada Federada,F,,,
50 Libre,"GONZALEZ ANGULO, Olatz",2008,CN Zadorra,30.71,2025-11-08,2ª Jornada Federada,F,,,
50 Libre,"GUZMAN BREDA, Uxue",2010,CN Judizmendi,29.93,2025-11-08,2ª Jornada Federada,F,,,
50 Libre,"ORTEGA ENRIQUE, Nayra",2008,CN Menditxo,27.89,2025-11-08,2ª Jornada Federada,F,,,
50 Libre,"PORTILLA GONZALEZ, Maria",1992,CN Urgain,35.52,2025-11-08,2ª Jornada Federada,F,,,
50 Libre,"RUIZ OLALLA MARQUEZ, Vera",2007,CN Urgain,33.96,2025-11-08,2ª Jornada Federada,F,,,
50 Libre,"SALAZAR ORTIZ DE URBINA, Haizea",2006,CN Urgain,30.69,2025-11-08,2ª Jornada Federada,F,,,
50 Libre,"URIGOITIA SAN ROMAN, Uxue",2006,CN Menditxo,31.11,2025-11-08,2ª Jornada Federada,F,,,
50 Libre,"ABAITUA PIPAON, Benat",2008,CN Judizmendi,26.34,2025-11-08,2ª Jornada Federada,M,,,
50 Libre,"AGUIRRE ROMERO, Kirmen",2008,CN Urgain,28.81,2025-11-08,2ª Jornada Federada,M,,,
50 Libre,"ALBIZU LOPEZ DE GUEREÑU, Ruben",2005,CN Zadorra,27.12,2025-11-08,2ª Jornada Federada,M,,,
50 Libre,"DIAZ DE OTAZU ORAA, Urtzi",2009,CN Zadorra,31.86,2025-11-08,2ª Jornada Federada,M,,,
50 Libre,"GOMEZ ANGULO, Eder",2010,CN Urgain,28.01,2025-11-08,2ª Jornada Federada,M,,,
50 Libre,"GONZALEZ BERNARDO, Aimar",2009,CN Menditxo,26.93,2025-11-08,2ª Jornada Federada,M,,,
50 Libre,"MENESES ARRIZABALAGA, Xabier",2003,CN Judizmendi,25.61,2025-11-08,2ª Jornada Federada,M,,,
50 Libre,"OZAETA URQUIJO, Jon",2006,CI Laudio,28.31,2025-11-08,2ª Jornada Federada,M,,,
50 Libre,"ZUGAZAGA GARAGALZA, Urko",2005,CN Judizmendi,25.06,2025-11-08,2ª Jornada Federada,M,,,
50 Mariposa,"DIAZ DE CERIO ABASOLO, Laida",2009,CN Judizmendi,30.59,2025-11-08,2ª Jornada Federada,F,,,
50 Mariposa,"FERNANDEZ NISO, June",2010,CN Judizmendi,34.10,2025-11-08,2ª Jornada Federada,F,,,
50 Mariposa,"GONZALEZ ANGULO, Olatz",2008,CN Zadorra,33.43,2025-11-08,2ª Jornada Federada,F,,,
50 Mariposa,"GUZMAN BREDA, Uxue",2010,CN Judizmendi,31.97,2025-11-08,2ª Jornada Federada,F,,,
50 Mariposa,"LZ LUZURIAGA FZ RETANA, Maddi",2010,CN Judizmendi,33.14,2025-11-08,2ª Jornada Federada,F,,,
50 Mariposa,"MARTINEZ PRADO, Cielo",2010,CN Judizmendi,38.07,2025-11-08,2ª Jornada Federada,F,,,
50 Mariposa,"RODRIGUEZ DE YURRE BUESA, Amaia",2010,CN Judizmendi,33.04,2025-11-08,2ª Jornada Federada,F,,,
50 Mariposa,"SANCHEZ VICENTE, Nagore",2008,CN Zadorra,40.25,2025-11-08,2ª Jornada Federada,F,,,
50 Mariposa,"SANZ URRETAVIZCAYA, Naroa",2007,CN Judizmendi,31.30,2025-11-08,2ª Jornada Federada,F,,,
50 Mariposa,"AGUIRRE ROMERO, Kirmen",2008,CN Urgain,33.40,2025-11-08,2ª Jornada Federada,M,,,
50 Mariposa,"BASABEA OLABE, Oinatz",2010,CN Judizmendi,36.92,2025-11-08,2ª Jornada Federada,M,,,
50 Mariposa,"DIAZ DE BERRIKANO BUESA, Xabier",2009,CN Judizmendi,31.87,2025-11-08,2ª Jornada Federada,M,,,
50 Mariposa,"DIAZ DE CERIO ABASOLO, Aitor",2008,CN Judizmendi,28.55,2025-11-08,2ª Jornada Federada,M,,,
50 Mariposa,"DIAZ DE OTAZU ORAA, Urtzi",2009,CN Zadorra,34.93,2025-11-08,2ª Jornada Federada,M,,,
50 Mariposa,"FERNANDEZ HUARTE, Asier",2007,CN Menditxo,27.66,2025-11-08,2ª Jornada Federada,M,,,
50 Mariposa,"FZ RETANA GZ HEREDIA, Oier",2009,CN Judizmendi,30.27,2025-11-08,2ª Jornada Federada,M,,,
50 Mariposa,"GARCIA LUKE, Unai",2010,CN Judizmendi,29.82,2025-11-08,2ª Jornada Federada,M,,,
50 Mariposa,"GIL ALONSO, Jon",1990,CN Urgain,30.76,2025-11-08,2ª Jornada Federada,M,,,
50 Mariposa,"GOMEZ ANGULO, Eder",2010,CN Urgain,35.69,2025-11-08,2ª Jornada Federada,M,,,
50 Mariposa,"HERNANDEZ CAÑO, Gonzalo",2010,CN Judizmendi,33.37,2025-11-08,2ª Jornada Federada,M,,,
50 Mariposa,"HORNAS GONZALEZ, Gorka",2008,CN Menditxo,29.51,2025-11-08,2ª Jornada Federada,M,,,
50 Mariposa,"LIZARDUY CASTILLO, Sergio",2006,CN Menditxo,25.83,2025-11-08,2ª Jornada Federada,M,,,
50 Mariposa,"MZ DE SAN VICENTE LLANA, Markel",2009,CN Judizmendi,31.60,2025-11-08,2ª Jornada Federada,M,,,
50 Mariposa,"PUERTAS RIVAS, Urtzi",2010,CN Judizmendi,28.52,2025-11-08,2ª Jornada Federada,M,,,
50 Mariposa,"RITUERTO PEREZ DEL NOTARIO, Iker",2007,CN Menditxo,27.39,2025-11-08,2ª Jornada Federada,M,,,
50 Mariposa,"RODRIGUEZ LÓPEZ DE VICUÑA, Jokin",2010,CN Judizmendi,32.44,2025-11-08,2ª Jornada Federada,M,,,
50 Mariposa,"SAINZ MONGE, Iker",2009,CN Menditxo,29.82,2025-11-08,2ª Jornada Federada,M,,,
50 Mariposa,"URIARTE MARQUEZ, Bruno",2010,CN Menditxo,31.50,2025-11-08,2ª Jornada Federada,M,,,
50 Mariposa,"URIARTE ORTIZ DE MENDIVIL, Galder",2010,CN Judizmendi,28.85,2025-11-08,2ª Jornada Federada,M,,,
50 Mariposa,"VALDERRAMA MARTIN, Oscar",2000,CN Judizmendi,36.68,2025-11-08,2ª Jornada Federada,M,,,
800 Libre,"CASTELLANO LOPEZ, Maialen",2006,CN Menditxo,10:00.01,2025-11-08,2ª Jornada Federada,F,34.50;36.98;37.20;37.32;37.67;38.09;37.91;38.19;37.98;38.06;38.38;38.45;38.38;37.67;37.93;35.30,,
800 Libre,"DELGADO LOPO, Aizane",2006,CN Urgain,11:23.08,2025-11-08,2ª Jornada Federada,F,37.42;42.09;42.68;42.79;43.03;43.54;43.51;43.77;43.07;43.18;43.47;43.23;43.16;43.44;43.06;41.64,,
800 Libre,"REDONDO CRAF, Lucia",2006,CI Laudio,11:57.32,2025-11-08,2ª Jornada Federada,F,38.97;43.25;44.62;45.37;46.27;46.49;47.46;47.16;46.03;45.29;45.77;45.08;44.52;44.36;45.38;41.30,,
800 Libre,"ESPEJO MARTIN, Markel",2009,CN Judizmendi,9:20.92,2025-11-08,2ª Jornada Federada,M,30.14;33.72;34.68;34.53;36.01;35.67;35.92;36.29;35.48;36.78;35.33;36.45;35.95;35.93;35.38;32.66,,
800 Libre,"FZ RETANA GZ HEREDIA, Oier",2009,CN Judizmendi,9:49.36,2025-11-08,2ª Jornada Federada,M,32.38;34.77;35.79;35.55;35.94;36.32;36.54;36.63;36.66;36.84;37.10;37.35;38.09;39.20;40.40;39.80,,
800 Libre,"GARCIA LUKE, Unai",2010,CN Judizmendi,9:28.97,2025-11-08,2ª Jornada Federada,M,32.44;35.50;36.57;35.95;36.19;36.98;36.32;35.98;36.40;36.16;35.74;35.60;35.17;34.93;34.66;34.38,,
800 Libre,"HERNANDEZ CAÑO, Gonzalo",2010,CN Judizmendi,9:42.57,2025-11-08,2ª Jornada Federada,M,32.57;35.54;36.37;36.38;36.10;36.71;36.84;36.85;36.68;36.99;37.23;37.01;37.38;37.33;36.91;35.68,,
800 Libre,"OZAETA URQUIJO, Jon",2006,CI Laudio,11:00.16,2025-11-08,2ª Jornada Federada,M,33.62;38.95;40.51;41.39;41.71;42.63;43.79;43.63;41.33;42.38;41.76;42.37;42.86;42.04;41.47;39.72,,
800 Libre,"PUERTAS RIVAS, Urtzi",2010,CN Judizmendi,9:35.99,2025-11-08,2ª Jornada Federada,M,31.96;34.64;35.43;35.70;36.39;36.48;37.18;36.79;36.85;37.05;36.67;36.90;36.66;36.47;36.85;33.97,,
800 Libre,"RODRIGUEZ LÓPEZ DE VICUÑA, Jokin",2010,CN Judizmendi,9:36.14,2025-11-08,2ª Jornada Federada,M,32.27;35.40;36.59;36.64;35.96;36.83;36.58;36.54;36.57;36.17;37.04;36.87;36.48;36.53;35.91;33.76,,
800 Libre,"URIARTE ORTIZ DE MENDIVIL, Galder",2010,CN Judizmendi,9:53.09,2025-11-08,2ª Jornada Federada,M,32.32;35.34;36.35;36.80;36.44;37.03;37.17;37.43;37.75;38.05;37.80;37.90;38.65;38.74;38.35;36.97,,
100 Braza,"DELGADO LOPO, Aizane",2006,CN Urgain,1:30.08,2025-12-20,3ª Jornada Federada,F,43.19;46.89,,
100 Braza,"RODRIGUEZ DE YURRE BUESA, Amaia",2010,CN Judizmendi,1:20.22,2025-12-20,3ª Jornada Federada,F,38.06;42.16,,
100 Braza,"FERNANDEZ HUARTE, Asier",2007,CN Menditxo,1:13.32,2025-12-20,3ª Jornada Federada,M,34.09;39.23,,
100 Braza,"GARCIA LUKE, Unai",2010,CN Judizmendi,1:10.36,2025-12-20,3ª Jornada Federada,M,33.16;37.20,,
100 Braza,"HERNANDEZ CAÑO, Gonzalo",2010,CN Judizmendi,1:16.83,2025-12-20,3ª Jornada Federada,M,36.02;40.81,,
100 Braza,"MZ DE SAN VICENTE LLANA, Markel",2009,CN Judizmendi,1:15.86,2025-12-20,3ª Jornada Federada,M,36.02;39.84,,
100 Braza,"PUERTAS RIVAS, Urtzi",2010,CN Judizmendi,1:12.15,2025-12-20,3ª Jornada Federada,M,33.94;38.21,,
100 Braza,"SAEZ ONDEVILLA, Alex",2008,CN Menditxo,1:27.88,2025-12-20,3ª Jornada Federada,M,40.66;47.22,,
100 Espalda,"BIDAURRATZAGA CHASCO, Sara",2010,CN Judizmendi,1:25.76,2025-12-20,3ª Jornada Federada,F,41.25;44.51,,
100 Espalda,"CASTELLANO LOPEZ, Maialen",2006,CN Menditxo,1:06.78,2025-12-20,3ª Jornada Federada,F,31.73;35.05,,
100 Espalda,"GONZALEZ ANGULO, Olatz",2008,CN Zadorra,1:15.46,2025-12-20,3ª Jornada Federada,F,36.07;39.39,,
100 Espalda,"GOTXIKOA TORRECILLA, Ainhoa",2005,CN Menditxo,1:08.64,2025-12-20,3ª Jornada Federada,F,33.24;35.40,,
100 Espalda,"GUZMAN BREDA, Uxue",2010,CN Judizmendi,1:13.03,2025-12-20,3ª Jornada Federada,F,35.44;37.59,,
100 Espalda,"LZ LUZURIAGA FZ RETANA, Maddi",2010,CN Judizmendi,1:10.36,2025-12-20,3ª Jornada Federada,F,34.58;35.78,,
100 Espalda,"SANCHEZ VICENTE, Nagore",2008,CN Zadorra,1:30.06,2025-12-20,3ª Jornada Federada,F,43.14;46.92,,
100 Espalda,"ESPEJO MARTIN, Markel",2009,CN Judizmendi,59.95,2025-12-20,3ª Jornada Federada,M,28.45;31.50,,
100 Espalda,"FERNANDEZ HUARTE, Asier",2007,CN Menditxo,59.24,2025-12-20,3ª Jornada Federada,M,28.49;30.75,,
100 Espalda,"GIL ALLAFLOR, Inigo",2006,CN Judizmendi,1:00.95,2025-12-20,3ª Jornada Federada,M,29.80;31.15,,
100 Espalda,"MARIMON ANZOLA, Aritz",2005,CN Judizmendi,1:03.61,2025-12-20,3ª Jornada Federada,M,30.64;32.97,,
100 Espalda,"OZAETA URQUIJO, Jon",2006,CI Laudio,1:16.77,2025-12-20,3ª Jornada Federada,M,36.94;39.83,,
100 Espalda,"PUERTAS RIVAS, Urtzi",2010,CN Judizmendi,1:01.84,2025-12-20,3ª Jornada Federada,M,29.81;32.03,,
100 Espalda,"RITUERTO PEREZ DEL NOTARIO, Iker",2007,CN Menditxo,1:04.56,2025-12-20,3ª Jornada Federada,M,30.96;33.60,,
100 Libre,"BAZTAN ARANA, Maddi",2008,CN Judizmendi,1:04.76,2025-12-20,3ª Jornada Federada,F,31.72;33.04,,
100 Libre,"CAUBILLA MARTIN, Eider",2008,CN Menditxo,1:04.52,2025-12-20,3ª Jornada Federada,F,31.15;33.37,,
100 Libre,"CIRRE MARTINEZ DE ALBENIZ, Irati",2010,CN Zadorra,1:09.05,2025-12-20,3ª Jornada Federada,F,33.10;35.95,,
100 Libre,"FERNANDEZ NISO, June",2010,CN Judizmendi,1:06.38,2025-12-20,3ª Jornada Federada,F,31.84;34.54,,
100 Libre,"GAISAN PEREZ, Leire",2003,CN Menditxo,1:12.13,2025-12-20,3ª Jornada Federada,F,34.05;38.08,,
100 Libre,"GONZALEZ ANGULO, Olatz",2008,CN Zadorra,1:08.31,2025-12-20,3ª Jornada Federada,F,32.29;36.02,,
100 Libre,"GUZMAN BREDA, Uxue",2010,CN Judizmendi,1:04.83,2025-12-20,3ª Jornada Federada,F,31.14;33.69,,
100 Libre,"IZUSKITZA UGARTE, June",2003,CN Judizmendi,1:52.52,2025-12-20,3ª Jornada Federada,F,50.23;1:02.29,,
100 Libre,"LZ LUZURIAGA FZ RETANA, Maddi",2010,CN Judizmendi,1:08.10,2025-12-20,3ª Jornada Federada,F,32.72;35.38,,
100 Libre,"RODRIGUEZ DE YURRE BUESA, Amaia",2010,CN Judizmendi,1:04.49,2025-12-20,3ª Jornada Federada,F,31.51;32.98,,
100 Libre,"RUIZ OLALLA MARQUEZ, Vera",2007,CN Urgain,1:14.81,2025-12-20,3ª Jornada Federada,F,36.34;38.47,,
100 Libre,"ABAITUA PIPAON, Benat",2008,CN Judizmendi,57.17,2025-12-20,3ª Jornada Federada,M,27.59;29.58,,
100 Libre,"AGUIRRE ROMERO, Kirmen",2008,CN Urgain,1:04.22,2025-12-20,3ª Jornada Federada,M,30.15;34.07,,
100 Libre,"ALBIZU LOPEZ DE GUEREÑU, Ruben",2005,CN Zadorra,1:00.46,2025-12-20,3ª Jornada Federada,M,29.21;31.25,,
100 Libre,"ARBERAS URQUIJO, Martin",2006,CI Laudio,57.23,2025-12-20,3ª Jornada Federada,M,27.13;30.10,,
100 Libre,"DIAZ DE OTAZU ORAA, Urtzi",2009,CN Zadorra,1:11.19,2025-12-20,3ª Jornada Federada,M,33.49;37.70,,
100 Libre,"ESPEJO MARTIN, Markel",2009,CN Judizmendi,55.63,2025-12-20,3ª Jornada Federada,M,26.49;29.14,,
100 Libre,"FERNANDEZ DE RETANA PALMA, Ieltxu",2006,CN Urgain,1:00.95,2025-12-20,3ª Jornada Federada,M,28.79;32.16,,
100 Libre,"FZ RETANA GZ HEREDIA, Oier",2009,CN Judizmendi,1:01.65,2025-12-20,3ª Jornada Federada,M,29.82;31.83,,
100 Libre,"GARCIA LUKE, Unai",2010,CN Judizmendi,58.21,2025-12-20,3ª Jornada Federada,M,27.87;30.34,,
100 Libre,"GOMEZ ANGULO, Eder",2010,CN Urgain,1:06.93,2025-12-20,3ª Jornada Federada,M,31.43;35.50,,
100 Libre,"GONZALEZ BERNARDO, Aimar",2009,CN Menditxo,1:00.42,2025-12-20,3ª Jornada Federada,M,28.81;31.61,,
100 Libre,"GUTIERREZ ARTOLA, Mikel",2009,CN Zadorra,1:06.99,2025-12-20,3ª Jornada Federada,M,32.72;34.27,,
100 Libre,"HERNANDEZ CAÑO, Gonzalo",2010,CN Judizmendi,1:01.86,2025-12-20,3ª Jornada Federada,M,29.67;32.19,,
100 Libre,"MONTORO RAMIREZ, Angel",2010,CN Menditxo,1:02.33,2025-12-20,3ª Jornada Federada,M,29.10;33.23,,
100 Libre,"OZAETA URQUIJO, Jon",2006,CI Laudio,1:02.43,2025-12-20,3ª Jornada Federada,M,29.53;32.90,,
100 Libre,"RITUERTO PEREZ DEL NOTARIO, Iker",2007,CN Menditxo,54.71,2025-12-20,3ª Jornada Federada,M,25.99;28.72,,
100 Libre,"VALDERRAMA MARTIN, Oscar",2000,CN Judizmendi,1:23.02,2025-12-20,3ª Jornada Federada,M,39.68;43.34,,
1500 Libre,"LIZARDUY CASTILLO, Iris",2008,CN Menditxo,19:09.29,2025-12-20,3ª Jornada Federada,F,;1:10.90;;1:15.60;;1:15.91;;1:15.74;;1:15.98;;1:17.04;;1:16.63;;1:16.98;;1:16.70;;1:18.06;;1:17.79;;1:19.00;;1:18.63;;1:17.91;;1:16.42,,
1500 Libre,"ORTEGA ENRIQUE, Nayra",2008,CN Menditxo,19:31.35,2025-12-20,3ª Jornada Federada,F,,,
1500 Libre,"RENEDO LIZUAIN, Nerea",2009,CN Menditxo,19:42.41,2025-12-20,3ª Jornada Federada,F,;1:14.18;;1:18.31;;1:18.67;;1:19.15;;1:19.49;;1:19.25;;1:19.39;;1:19.28;;1:19.46;;1:20.05;;1:20.45;;1:19.96;;1:20.01;;1:19.31;;1:15.45,,
1500 Libre,"RUIZ GARITANO, Izaro",2008,CN Menditxo,18:33.59,2025-12-20,3ª Jornada Federada,F,;1:11.05;;1:15.22;;1:15.25;;1:15.04;;1:14.45;;1:14.06;;1:14.50;;1:14.18;;1:14.63;;1:14.42;;1:13.32;;1:14.58;;1:13.94;;1:15.09;;1:13.86,,
1500 Libre,"HERVIAS FERNANDEZ, Saul",1999,CN Menditxo,17:03.40,2025-12-20,3ª Jornada Federada,M,;1:02.26;;1:07.82;;1:07.49;;1:08.16;;1:08.29;;1:08.92;;1:09.29;;1:09.24;;1:09.31;;1:09.39;;1:09.95;;1:09.13;;1:09.00;;1:08.57;;1:06.58,,
1500 Libre,"HORNAS GONZALEZ, Gorka",2008,CN Menditxo,19:13.85,2025-12-20,3ª Jornada Federada,M,;1:09.33;;1:15.21;;1:17.60;;1:18.30;;1:18.05;;1:17.85;;1:18.21;;1:18.24;;1:17.98;;1:17.36;;1:17.71;;1:18.36;;1:18.39;;1:17.04;;1:14.22,,
200 Libre,"AGUIRREGOMEZCORTA ALIAS, Johana",2007,CN Menditxo,2:15.62,2025-12-20,3ª Jornada Federada,F,31.99;33.90;34.87;34.86,,
200 Libre,"BAZTAN ARANA, Maddi",2008,CN Judizmendi,2:20.74,2025-12-20,3ª Jornada Federada,F,32.97;36.08;36.14;35.55,,
200 Libre,"CAUBILLA MARTIN, Eider",2008,CN Menditxo,2:24.29,2025-12-20,3ª Jornada Federada,F,32.48;36.39;37.85;37.57,,
200 Libre,"FERNANDEZ JORGE, Eider",2008,CN Menditxo,2:22.72,2025-12-20,3ª Jornada Federada,F,33.06;36.08;36.79;36.79,,
200 Libre,"FERNANDEZ NISO, June",2010,CN Judizmendi,2:24.89,2025-12-20,3ª Jornada Federada,F,32.72;36.23;37.57;38.37,,
200 Libre,"LOPEZ DE JUAN ABAD, Carla",2009,CN Menditxo,2:21.07,2025-12-20,3ª Jornada Federada,F,32.88;35.32;36.47;36.40,,
200 Libre,"SALAZAR ORTIZ DE URBINA, Haizea",2006,CN Urgain,2:30.49,2025-12-20,3ª Jornada Federada,F,33.21;36.38;39.12;41.78,,
200 Libre,"ALBIZU LOPEZ DE GUEREÑU, Ruben",2005,CN Zadorra,2:17.08,2025-12-20,3ª Jornada Federada,M,30.83;35.07;35.42;35.76,,
200 Libre,"ARBERAS URQUIJO, Martin",2006,CI Laudio,2:06.96,2025-12-20,3ª Jornada Federada,M,27.73;31.82;33.43;33.98,,
200 Libre,"BASABEA OLABE, Oinatz",2010,CN Judizmendi,2:24.47,2025-12-20,3ª Jornada Federada,M,32.33;36.54;38.11;37.49,,
200 Libre,"BAÑON ALFARO, Javier",1989,CN Menditxo,2:10.42,2025-12-20,3ª Jornada Federada,M,30.21;33.11;33.67;33.43,,
200 Libre,"FZ RETANA GZ HEREDIA, Oier",2009,CN Judizmendi,2:13.67,2025-12-20,3ª Jornada Federada,M,31.35;34.12;34.55;33.65,,
200 Libre,"GARCIA LUKE, Unai",2010,CN Judizmendi,2:07.15,2025-12-20,3ª Jornada Federada,M,28.69;32.24;33.17;33.05,,
200 Libre,"GONZALEZ BERNARDO, Aimar",2009,CN Menditxo,2:24.27,2025-12-20,3ª Jornada Federada,M,30.73;36.40;38.92;38.22,,
200 Libre,"MONTORO RAMIREZ, Angel",2010,CN Menditxo,2:18.06,2025-12-20,3ª Jornada Federada,M,29.44;33.90;36.32;38.40,,
200 Libre,"RODRIGUEZ LÓPEZ DE VICUÑA, Jokin",2010,CN Judizmendi,2:13.57,2025-12-20,3ª Jornada Federada,M,30.95;34.31;34.38;33.93,,
200 Libre,"SAEZ ONDEVILLA, Alex",2008,CN Menditxo,2:27.92,2025-12-20,3ª Jornada Federada,M,,,
200 Libre,"URIARTE MARQUEZ, Bruno",2010,CN Menditxo,2:14.65,2025-12-20,3ª Jornada Federada,M,29.59;33.38;35.34;36.34,,
200 Libre,"URIARTE ORTIZ DE MENDIVIL, Galder",2010,CN Judizmendi,2:11.43,2025-12-20,3ª Jornada Federada,M,30.10;33.06;34.00;34.27,,
200 Libre,"VALDERRAMA MARTIN, Oscar",2000,CN Judizmendi,3:07.99,2025-12-20,3ª Jornada Federada,M,40.91;47.89;50.43;48.76,,
400 Estilos,"ANDRES HERNANDO, Nahia",2010,CN Judizmendi,6:02.52,2025-12-20,3ª Jornada Federada,F,39.34;46.89;47.17;45.54;50.72;51.88;39.72;41.26,,
400 Estilos,"DIAZ DE CERIO ABASOLO, Laida",2009,CN Judizmendi,5:34.19,2025-12-20,3ª Jornada Federada,F,35.60;41.59;43.22;41.74;45.18;46.97;41.91;37.98,,
400 Estilos,"FERNANDEZ JORGE, Eider",2008,CN Menditxo,5:32.61,2025-12-20,3ª Jornada Federada,F,33.75;39.75;42.32;41.77;48.42;48.88;39.27;38.45,,
400 Estilos,"MONDEJAR MOYA, Ekine",2007,CN Menditxo,5:02.84,2025-12-20,3ª Jornada Federada,F,30.48;37.27;41.50;39.14;40.94;42.12;36.62;34.77,,
400 Estilos,"DIAZ DE BERRIKANO BUESA, Xabier",2009,CN Judizmendi,5:35.72,2025-12-20,3ª Jornada Federada,M,34.72;39.67;45.11;43.24;45.26;46.72;41.31;39.69,,
400 Estilos,"GARCIA DE LOMANA VESGA, Nacho",2010,CN Menditxo,5:04.32,2025-12-20,3ª Jornada Federada,M,31.76;36.99;38.40;37.35;43.56;44.52;36.96;34.78,,
400 Estilos,"GIL ALLAFLOR, Inigo",2006,CN Judizmendi,4:50.19,2025-12-20,3ª Jornada Federada,M,29.35;34.00;38.66;37.31;43.09;43.41;33.18;31.19,,
400 Estilos,"LOPEZ DE OCARIZ DE ALAVA, Sergio",2009,CN Judizmendi,4:43.65,2025-12-20,3ª Jornada Federada,M,28.97;34.00;37.11;36.25;39.39;40.29;34.57;33.07,,
400 Estilos,"PEÑA BARCENA, Alvaro",2009,CN Menditxo,5:05.65,2025-12-20,3ª Jornada Federada,M,31.03;36.89;38.87;37.50;43.72;45.47;37.55;34.62,,
400 Estilos,"RODRIGUEZ LÓPEZ DE VICUÑA, Jokin",2010,CN Judizmendi,5:25.72,2025-12-20,3ª Jornada Federada,M,35.26;41.28;43.42;41.38;46.72;47.97;35.56;34.13,,
400 Estilos,"SAINZ MONGE, Iker",2009,CN Menditxo,5:37.18,2025-12-20,3ª Jornada Federada,M,35.07;42.55;42.07;41.39;48.87;50.25;38.17;38.81,,
400 Estilos,"URIARTE ORTIZ DE MENDIVIL, Galder",2010,CN Judizmendi,5:21.25,2025-12-20,3ª Jornada Federada,M,32.59;38.27;42.73;40.96;46.98;46.60;37.59;35.53,,
400 Estilos,"ZUGAZAGA GARAGALZA, Urko",2005,CN Judizmendi,4:55.50,2025-12-20,3ª Jornada Federada,M,31.34;36.22;38.48;38.13;43.16;42.99;32.87;32.31,,
50 Braza,"ANDRES HERNANDO, Nahia",2010,CN Judizmendi,40.35,2025-12-20,3ª Jornada Federada,F,,,
50 Braza,"BIDAURRATZAGA CHASCO, Sara",2010,CN Judizmendi,46.87,2025-12-20,3ª Jornada Federada,F,,,
50 Braza,"DELGADO LOPO, Aizane",2006,CN Urgain,41.98,2025-12-20,3ª Jornada Federada,F,,,
50 Braza,"DIAZ DE CERIO ABASOLO, Laida",2009,CN Judizmendi,36.53,2025-12-20,3ª Jornada Federada,F,,,
50 Braza,"GUZMAN BREDA, Uxue",2010,CN Judizmendi,42.19,2025-12-20,3ª Jornada Federada,F,,,
50 Braza,"RODRIGUEZ DE YURRE BUESA, Amaia",2010,CN Judizmendi,37.00,2025-12-20,3ª Jornada Federada,F,,,
50 Braza,"ABAITUA PIPAON, Benat",2008,CN Judizmendi,31.28,2025-12-20,3ª Jornada Federada,M,,,
50 Braza,"AGUIRRE ROMERO, Kirmen",2008,CN Urgain,35.57,2025-12-20,3ª Jornada Federada,M,,,
50 Braza,"CONDE GARCIA, Aingeru",2010,CN Menditxo,40.63,2025-12-20,3ª Jornada Federada,M,,,
50 Braza,"DIAZ DE BERRIKANO BUESA, Xabier",2009,CN Judizmendi,35.78,2025-12-20,3ª Jornada Federada,M,,,
50 Braza,"GOMEZ ANGULO, Eder",2010,CN Urgain,40.46,2025-12-20,3ª Jornada Federada,M,,,
50 Braza,"HERNANDEZ CAÑO, Gonzalo",2010,CN Judizmendi,35.16,2025-12-20,3ª Jornada Federada,M,,,
50 Braza,"LOPEZ OCIO, Jon",2006,CN Urgain,35.54,2025-12-20,3ª Jornada Federada,M,,,
50 Braza,"MARTINEZ GARRIDO, Adrian",2007,CN Judizmendi,32.31,2025-12-20,3ª Jornada Federada,M,,,
50 Braza,"MZ DE SAN VICENTE LLANA, Markel",2009,CN Judizmendi,35.02,2025-12-20,3ª Jornada Federada,M,,,
50 Mariposa,"BAZTAN ARANA, Maddi",2008,CN Judizmendi,32.76,2025-12-20,3ª Jornada Federada,F,,,
50 Mariposa,"CASTELLANO LOPEZ, Maialen",2006,CN Menditxo,29.36,2025-12-20,3ª Jornada Federada,F,,,
50 Mariposa,"CIRRE MARTINEZ DE ALBENIZ, Irati",2010,CN Zadorra,33.41,2025-12-20,3ª Jornada Federada,F,,,
50 Mariposa,"FERNANDEZ NISO, June",2010,CN Judizmendi,33.91,2025-12-20,3ª Jornada Federada,F,,,
50 Mariposa,"GAISAN PEREZ, Leire",2003,CN Menditxo,33.74,2025-12-20,3ª Jornada Federada,F,,,
50 Mariposa,"GONZALEZ ANGULO, Olatz",2008,CN Zadorra,33.55,2025-12-20,3ª Jornada Federada,F,,,
50 Mariposa,"IZUSKITZA UGARTE, June",2003,CN Judizmendi,51.92,2025-12-20,3ª Jornada Federada,F,,,
50 Mariposa,"LZ LUZURIAGA FZ RETANA, Maddi",2010,CN Judizmendi,33.89,2025-12-20,3ª Jornada Federada,F,,,
50 Mariposa,"RUIZ OLALLA MARQUEZ, Vera",2007,CN Urgain,38.47,2025-12-20,3ª Jornada Federada,F,,,
50 Mariposa,"SALAZAR ORTIZ DE URBINA, Haizea",2006,CN Urgain,36.31,2025-12-20,3ª Jornada Federada,F,,,
50 Mariposa,"SANCHEZ VICENTE, Nagore",2008,CN Zadorra,40.62,2025-12-20,3ª Jornada Federada,F,,,
50 Mariposa,"ABAITUA PIPAON, Benat",2008,CN Judizmendi,27.73,2025-12-20,3ª Jornada Federada,M,,,
50 Mariposa,"ARBERAS URQUIJO, Martin",2006,CI Laudio,28.37,2025-12-20,3ª Jornada Federada,M,,,
50 Mariposa,"BASABEA OLABE, Oinatz",2010,CN Judizmendi,35.51,2025-12-20,3ª Jornada Federada,M,,,
50 Mariposa,"DIAZ DE OTAZU ORAA, Urtzi",2009,CN Zadorra,34.94,2025-12-20,3ª Jornada Federada,M,,,
50 Mariposa,"FERNANDEZ DE RETANA PALMA, Ieltxu",2006,CN Urgain,32.36,2025-12-20,3ª Jornada Federada,M,,,
50 Mariposa,"FZ RETANA GZ HEREDIA, Oier",2009,CN Judizmendi,30.72,2025-12-20,3ª Jornada Federada,M,,,
50 Mariposa,"GIL ALLAFLOR, Inigo",2006,CN Judizmendi,25.55,2025-12-20,3ª Jornada Federada,M,,,
50 Mariposa,"GOMEZ ANGULO, Eder",2010,CN Urgain,37.10,2025-12-20,3ª Jornada Federada,M,,,
50 Mariposa,"GUTIERREZ ARTOLA, Mikel",2009,CN Zadorra,38.38,2025-12-20,3ª Jornada Federada,M,,,
50 Mariposa,"MARIMON ANZOLA, Aritz",2005,CN Judizmendi,25.71,2025-12-20,3ª Jornada Federada,M,,,
50 Mariposa,"MARTINEZ GARRIDO, Adrian",2007,CN Judizmendi,27.01,2025-12-20,3ª Jornada Federada,M,,,
50 Mariposa,"OZAETA URQUIJO, Jon",2006,CI Laudio,31.96,2025-12-20,3ª Jornada Federada,M,,,
50 Mariposa,"URIARTE MARQUEZ, Bruno",2010,CN Menditxo,31.63,2025-12-20,3ª Jornada Federada,M,,,
50 Mariposa,"VALDERRAMA MARTIN, Oscar",2000,CN Judizmendi,35.67,2025-12-20,3ª Jornada Federada,M,,,
50 Braza,"AGUIRREGOMEZCORTA ALIAS, Johana",2007,CN Menditxo,42.75,2025-12-21,Trofeo Olentzero Menditxo,F,,,
50 Braza,"CASTELLANO LOPEZ, Maialen",2006,CN Menditxo,39.71,2025-12-21,Trofeo Olentzero Menditxo,F,,,
50 Braza,"CAUBILLA MARTIN, Eider",2008,CN Menditxo,37.45,2025-12-21,Trofeo Olentzero Menditxo,F,,,
50 Braza,"FERNANDEZ JORGE, Eider",2008,CN Menditxo,41.10,2025-12-21,Trofeo Olentzero Menditxo,F,,,
50 Braza,"GAISAN PEREZ, Leire",2003,CN Menditxo,48.66,2025-12-21,Trofeo Olentzero Menditxo,F,,,
50 Braza,"GOTXIKOA TORRECILLA, Ainhoa",2005,CN Menditxo,35.64,2025-12-21,Trofeo Olentzero Menditxo,F,,,
50 Braza,"LOPEZ DE JUAN ABAD, Carla",2009,CN Menditxo,40.81,2025-12-21,Trofeo Olentzero Menditxo,F,,,
50 Braza,"MONDEJAR MOYA, Ekine",2007,CN Menditxo,36.09,2025-12-21,Trofeo Olentzero Menditxo,F,,,
50 Braza,"ORTEGA ENRIQUE, Nayra",2008,CN Menditxo,37.94,2025-12-21,Trofeo Olentzero Menditxo,F,,,
50 Braza,"OTERINO GARCIA-MENDAZA, Edurne",2009,CN Menditxo,52.12,2025-12-21,Trofeo Olentzero Menditxo,F,,,
50 Braza,"RUIZ GARITANO, Izaro",2008,CN Menditxo,40.45,2025-12-21,Trofeo Olentzero Menditxo,F,,,
50 Braza,"URIGOITIA SAN ROMAN, Uxue",2006,CN Menditxo,44.78,2025-12-21,Trofeo Olentzero Menditxo,F,,,
50 Braza,"CONDE GARCIA, Aingeru",2010,CN Menditxo,42.66,2025-12-21,Trofeo Olentzero Menditxo,M,,,
50 Braza,"FERNANDEZ HUARTE, Asier",2007,CN Menditxo,35.29,2025-12-21,Trofeo Olentzero Menditxo,M,,,
50 Braza,"GARCIA DE LOMANA VESGA, Nacho",2010,CN Menditxo,36.96,2025-12-21,Trofeo Olentzero Menditxo,M,,,
50 Braza,"GONZALEZ BERNARDO, Aimar",2009,CN Menditxo,38.67,2025-12-21,Trofeo Olentzero Menditxo,M,,,
50 Braza,"GONZALEZ CAMPO, Iago",2007,CN Menditxo,34.35,2025-12-21,Trofeo Olentzero Menditxo,M,,,
50 Braza,"HERVIAS FERNANDEZ, Saul",1999,CN Menditxo,33.00,2025-12-21,Trofeo Olentzero Menditxo,M,,,
50 Braza,"HORNAS GONZALEZ, Gorka",2008,CN Menditxo,36.37,2025-12-21,Trofeo Olentzero Menditxo,M,,,
50 Braza,"MONTORO RAMIREZ, Angel",2010,CN Menditxo,39.09,2025-12-21,Trofeo Olentzero Menditxo,M,,,
50 Braza,"PEÑA BARCENA, Alvaro",2009,CN Menditxo,36.11,2025-12-21,Trofeo Olentzero Menditxo,M,,,
50 Braza,"RITUERTO PEREZ DEL NOTARIO, Iker",2007,CN Menditxo,32.32,2025-12-21,Trofeo Olentzero Menditxo,M,,,
50 Braza,"SAEZ ONDEVILLA, Alex",2008,CN Menditxo,41.65,2025-12-21,Trofeo Olentzero Menditxo,M,,,
50 Braza,"SAINZ MONGE, Iker",2009,CN Menditxo,37.91,2025-12-21,Trofeo Olentzero Menditxo,M,,,
50 Espalda,"AGUIRREGOMEZCORTA ALIAS, Johana",2007,CN Menditxo,38.81,2025-12-21,Trofeo Olentzero Menditxo,F,,,
50 Espalda,"CASTELLANO LOPEZ, Maialen",2006,CN Menditxo,33.87,2025-12-21,Trofeo Olentzero Menditxo,F,,,
50 Espalda,"CAUBILLA MARTIN, Eider",2008,CN Menditxo,38.36,2025-12-21,Trofeo Olentzero Menditxo,F,,,
50 Espalda,"FERNANDEZ JORGE, Eider",2008,CN Menditxo,35.40,2025-12-21,Trofeo Olentzero Menditxo,F,,,
50 Espalda,"GAISAN PEREZ, Leire",2003,CN Menditxo,41.20,2025-12-21,Trofeo Olentzero Menditxo,F,,,
50 Espalda,"GOTXIKOA TORRECILLA, Ainhoa",2005,CN Menditxo,33.64,2025-12-21,Trofeo Olentzero Menditxo,F,,,
50 Espalda,"LOPEZ DE JUAN ABAD, Carla",2009,CN Menditxo,37.15,2025-12-21,Trofeo Olentzero Menditxo,F,,,
50 Espalda,"ORTEGA ENRIQUE, Nayra",2008,CN Menditxo,34.46,2025-12-21,Trofeo Olentzero Menditxo,F,,,
50 Espalda,"OTERINO GARCIA-MENDAZA, Edurne",2009,CN Menditxo,45.53,2025-12-21,Trofeo Olentzero Menditxo,F,,,
50 Espalda,"RUIZ GARITANO, Izaro",2008,CN Menditxo,37.35,2025-12-21,Trofeo Olentzero Menditxo,F,,,
50 Espalda,"CONDE GARCIA, Aingeru",2010,CN Menditxo,42.00,2025-12-21,Trofeo Olentzero Menditxo,M,,,
50 Espalda,"FERNANDEZ HUARTE, Asier",2007,CN Menditxo,28.99,2025-12-21,Trofeo Olentzero Menditxo,M,,,
50 Espalda,"GARCIA DE LOMANA VESGA, Nacho",2010,CN Menditxo,30.27,2025-12-21,Trofeo Olentzero Menditxo,M,,,
50 Espalda,"GONZALEZ CAMPO, Iago",2007,CN Menditxo,28.46,2025-12-21,Trofeo Olentzero Menditxo,M,,,
50 Espalda,"HERVIAS FERNANDEZ, Saul",1999,CN Menditxo,28.99,2025-12-21,Trofeo Olentzero Menditxo,M,,,
50 Espalda,"HORNAS GONZALEZ, Gorka",2008,CN Menditxo,36.11,2025-12-21,Trofeo Olentzero Menditxo,M,,,
50 Espalda,"MONTORO RAMIREZ, Angel",2010,CN Menditxo,33.84,2025-12-21,Trofeo Olentzero Menditxo,M,,,
50 Espalda,"PEÑA BARCENA, Alvaro",2009,CN Menditxo,31.03,2025-12-21,Trofeo Olentzero Menditxo,M,,,
50 Espalda,"SAEZ ONDEVILLA, Alex",2008,CN Menditxo,39.46,2025-12-21,Trofeo Olentzero Menditxo,M,,,
50 Libre,"AGUIRREGOMEZCORTA ALIAS, Johana",2007,CN Menditxo,30.51,2025-12-21,Trofeo Olentzero Menditxo,F,,,
50 Libre,"CASTELLANO LOPEZ, Maialen",2006,CN Menditxo,30.47,2025-12-21,Trofeo Olentzero Menditxo,F,,,
50 Libre,"CAUBILLA MARTIN, Eider",2008,CN Menditxo,32.17,2025-12-21,Trofeo Olentzero Menditxo,F,,,
50 Libre,"FERNANDEZ JORGE, Eider",2008,CN Menditxo,31.78,2025-12-21,Trofeo Olentzero Menditxo,F,,,
50 Libre,"GAISAN PEREZ, Leire",2003,CN Menditxo,33.89,2025-12-21,Trofeo Olentzero Menditxo,F,,,
50 Libre,"GOTXIKOA TORRECILLA, Ainhoa",2005,CN Menditxo,29.61,2025-12-21,Trofeo Olentzero Menditxo,F,,,
50 Libre,"LOPEZ DE JUAN ABAD, Carla",2009,CN Menditxo,31.59,2025-12-21,Trofeo Olentzero Menditxo,F,,,
50 Libre,"MONDEJAR MOYA, Ekine",2007,CN Menditxo,27.80,2025-12-21,Trofeo Olentzero Menditxo,F,,,
50 Libre,"ORTEGA ENRIQUE, Nayra",2008,CN Menditxo,29.21,2025-12-21,Trofeo Olentzero Menditxo,F,,,
50 Libre,"OTERINO GARCIA-MENDAZA, Edurne",2009,CN Menditxo,38.06,2025-12-21,Trofeo Olentzero Menditxo,F,,,
50 Libre,"RUIZ GARITANO, Izaro",2008,CN Menditxo,32.12,2025-12-21,Trofeo Olentzero Menditxo,F,,,
50 Libre,"URIGOITIA SAN ROMAN, Uxue",2006,CN Menditxo,33.53,2025-12-21,Trofeo Olentzero Menditxo,F,,,
50 Libre,"CONDE GARCIA, Aingeru",2010,CN Menditxo,34.14,2025-12-21,Trofeo Olentzero Menditxo,M,,,
50 Libre,"FERNANDEZ HUARTE, Asier",2007,CN Menditxo,24.93,2025-12-21,Trofeo Olentzero Menditxo,M,,,
50 Libre,"GARCIA DE LOMANA VESGA, Nacho",2010,CN Menditxo,26.60,2025-12-21,Trofeo Olentzero Menditxo,M,,,
50 Libre,"GONZALEZ BERNARDO, Aimar",2009,CN Menditxo,27.90,2025-12-21,Trofeo Olentzero Menditxo,M,,,
50 Libre,"GONZALEZ CAMPO, Iago",2007,CN Menditxo,25.05,2025-12-21,Trofeo Olentzero Menditxo,M,,,
50 Libre,"HERVIAS FERNANDEZ, Saul",1999,CN Menditxo,25.57,2025-12-21,Trofeo Olentzero Menditxo,M,,,
50 Libre,"HORNAS GONZALEZ, Gorka",2008,CN Menditxo,28.08,2025-12-21,Trofeo Olentzero Menditxo,M,,,
50 Libre,"MONTORO RAMIREZ, Angel",2010,CN Menditxo,28.87,2025-12-21,Trofeo Olentzero Menditxo,M,,,
50 Libre,"PEÑA BARCENA, Alvaro",2009,CN Menditxo,27.42,2025-12-21,Trofeo Olentzero Menditxo,M,,,
50 Libre,"RITUERTO PEREZ DEL NOTARIO, Iker",2007,CN Menditxo,26.49,2025-12-21,Trofeo Olentzero Menditxo,M,,,
50 Libre,"SAEZ ONDEVILLA, Alex",2008,CN Menditxo,31.31,2025-12-21,Trofeo Olentzero Menditxo,M,,,
50 Libre,"SAINZ MONGE, Iker",2009,CN Menditxo,28.94,2025-12-21,Trofeo Olentzero Menditxo,M,,,
50 Mariposa,"AGUIRREGOMEZCORTA ALIAS, Johana",2007,CN Menditxo,34.04,2025-12-21,Trofeo Olentzero Menditxo,F,,,
50 Mariposa,"CASTELLANO LOPEZ, Maialen",2006,CN Menditxo,31.12,2025-12-21,Trofeo Olentzero Menditxo,F,,,
50 Mariposa,"CAUBILLA MARTIN, Eider",2008,CN Menditxo,34.04,2025-12-21,Trofeo Olentzero Menditxo,F,,,
50 Mariposa,"FERNANDEZ JORGE, Eider",2008,CN Menditxo,33.09,2025-12-21,Trofeo Olentzero Menditxo,F,,,
50 Mariposa,"GAISAN PEREZ, Leire",2003,CN Menditxo,36.12,2025-12-21,Trofeo Olentzero Menditxo,F,,,
50 Mariposa,"GOTXIKOA TORRECILLA, Ainhoa",2005,CN Menditxo,30.22,2025-12-21,Trofeo Olentzero Menditxo,F,,,
50 Mariposa,"LOPEZ DE JUAN ABAD, Carla",2009,CN Menditxo,34.40,2025-12-21,Trofeo Olentzero Menditxo,F,,,
50 Mariposa,"MONDEJAR MOYA, Ekine",2007,CN Menditxo,29.65,2025-12-21,Trofeo Olentzero Menditxo,F,,,
50 Mariposa,"ORTEGA ENRIQUE, Nayra",2008,CN Menditxo,33.09,2025-12-21,Trofeo Olentzero Menditxo,F,,,
50 Mariposa,"RUIZ GARITANO, Izaro",2008,CN Menditxo,34.04,2025-12-21,Trofeo Olentzero Menditxo,F,,,
50 Mariposa,"URIGOITIA SAN ROMAN, Uxue",2006,CN Menditxo,34.48,2025-12-21,Trofeo Olentzero Menditxo,F,,,
50 Mariposa,"CONDE GARCIA, Aingeru",2010,CN Menditxo,39.43,2025-12-21,Trofeo Olentzero Menditxo,M,,,
50 Mariposa,"FERNANDEZ HUARTE, Asier",2007,CN Menditxo,28.84,2025-12-21,Trofeo Olentzero Menditxo,M,,,
50 Mariposa,"GARCIA DE LOMANA VESGA, Nacho",2010,CN Menditxo,29.19,2025-12-21,Trofeo Olentzero Menditxo,M,,,
50 Mariposa,"GONZALEZ BERNARDO, Aimar",2009,CN Menditxo,32.17,2025-12-21,Trofeo Olentzero Menditxo,M,,,
50 Mariposa,"HERVIAS FERNANDEZ, Saul",1999,CN Menditxo,27.85,2025-12-21,Trofeo Olentzero Menditxo,M,,,
50 Mariposa,"HORNAS GONZALEZ, Gorka",2008,CN Menditxo,31.40,2025-12-21,Trofeo Olentzero Menditxo,M,,,
50 Mariposa,"MONTORO RAMIREZ, Angel",2010,CN Menditxo,33.05,2025-12-21,Trofeo Olentzero Menditxo,M,,,
50 Mariposa,"PEÑA BARCENA, Alvaro",2009,CN Menditxo,28.70,2025-12-21,Trofeo Olentzero Menditxo,M,,,
50 Mariposa,"RITUERTO PEREZ DEL NOTARIO, Iker",2007,CN Menditxo,28.65,2025-12-21,Trofeo Olentzero Menditxo,M,,,
50 Mariposa,"SAEZ ONDEVILLA, Alex",2008,CN Menditxo,36.59,2025-12-21,Trofeo Olentzero Menditxo,M,,,
50 Mariposa,"SAINZ MONGE, Iker",2009,CN Menditxo,31.11,2025-12-21,Trofeo Olentzero Menditxo,M,,,
100 Braza,"DIAZ DE CERIO ABASOLO, Laida",2009,CN Judizmendi,1:18.11,2026-01-17,4ª Jornada Federada,F,37.29;40.82,,
100 Braza,"GONZALEZ ANGULO, Olatz",2008,CN Zadorra,1:30.60,2026-01-17,4ª Jornada Federada,F,41.24;49.36,,
100 Braza,"RODRIGUEZ DE YURRE BUESA, Amaia",2010,CN Judizmendi,1:23.31,2026-01-17,4ª Jornada Federada,F,39.35;43.96,,
100 Braza,"ABAITUA PIPAON, Benat",2008,CN Judizmendi,1:08.85,2026-01-17,4ª Jornada Federada,M,32.37;36.48,,
100 Braza,"DIAZ DE BERRIKANO BUESA, Xabier",2009,CN Judizmendi,1:15.55,2026-01-17,4ª Jornada Federada,M,35.57;39.98,,
100 Braza,"ESPEJO MARTIN, Pablo",2005,CN Judizmendi,1:03.28,2026-01-17,4ª Jornada Federada,M,29.83;33.45,,
100 Braza,"GARCIA LUKE, Unai",2010,CN Judizmendi,1:12.61,2026-01-17,4ª Jornada Federada,M,34.20;38.41,,
100 Braza,"HERNANDEZ CAÑO, Gonzalo",2010,CN Judizmendi,1:19.41,2026-01-17,4ª Jornada Federada,M,37.57;41.84,,
100 Braza,"MZ DE SAN VICENTE LLANA, Markel",2009,CN Judizmendi,1:16.68,2026-01-17,4ª Jornada Federada,M,36.30;40.38,,
100 Braza,"NANCLARES IBARGUTXI, Xabier",2003,CN Judizmendi,1:06.36,2026-01-17,4ª Jornada Federada,M,30.31;36.05,,
100 Braza,"RODRIGUEZ LÓPEZ DE VICUÑA, Jokin",2010,CN Judizmendi,1:21.74,2026-01-17,4ª Jornada Federada,M,38.97;42.77,,
100 Braza,"SAINZ MONGE, Iker",2009,CN Menditxo,1:18.95,2026-01-17,4ª Jornada Federada,M,36.60;42.35,,
100 Libre,"BIDAURRATZAGA CHASCO, Sara",2010,CN Judizmendi,1:17.37,2026-01-17,4ª Jornada Federada,F,37.93;39.44,,
100 Libre,"CAUBILLA MARTIN, Eider",2008,CN Menditxo,1:06.76,2026-01-17,4ª Jornada Federada,F,31.85;34.91,,
100 Libre,"DIAZ DE CERIO ABASOLO, Laida",2009,CN Judizmendi,1:02.10,2026-01-17,4ª Jornada Federada,F,29.73;32.37,,
100 Libre,"FERNANDEZ NISO, June",2010,CN Judizmendi,1:06.54,2026-01-17,4ª Jornada Federada,F,32.10;34.44,,
100 Libre,"GUZMAN BREDA, Uxue",2010,CN Judizmendi,1:03.53,2026-01-17,4ª Jornada Federada,F,30.76;32.77,,
100 Libre,"IZUSKITZA UGARTE, June",2003,CN Judizmendi,1:53.17,2026-01-17,4ª Jornada Federada,F,49.82;1:03.35,,
100 Libre,"MARTINEZ PRADO, Cielo",2010,CN Judizmendi,1:13.41,2026-01-17,4ª Jornada Federada,F,36.10;37.31,,
100 Libre,"MOYLES, Cara",2007,CN Urgain,1:22.92,2026-01-17,4ª Jornada Federada,F,39.14;43.78,,
100 Libre,"BASABEA OLABE, Oinatz",2010,CN Judizmendi,1:03.73,2026-01-17,4ª Jornada Federada,M,30.07;33.66,,
100 Libre,"DIAZ DE CERIO ABASOLO, Aitor",2008,CN Judizmendi,57.72,2026-01-17,4ª Jornada Federada,M,27.72;30.00,,
100 Libre,"DIAZ DE OTAZU ORAA, Urtzi",2009,CN Zadorra,1:11.26,2026-01-17,4ª Jornada Federada,M,33.65;37.61,,
100 Libre,"GOMEZ ANGULO, Eder",2010,CN Urgain,1:06.49,2026-01-17,4ª Jornada Federada,M,31.20;35.29,,
100 Libre,"GONZALEZ BERNARDO, Aimar",2009,CN Menditxo,1:01.50,2026-01-17,4ª Jornada Federada,M,29.06;32.44,,
100 Libre,"GUTIERREZ ARTOLA, Mikel",2009,CN Zadorra,1:07.61,2026-01-17,4ª Jornada Federada,M,32.61;35.00,,
100 Libre,"HERNANDEZ CAÑO, Gonzalo",2010,CN Judizmendi,1:02.23,2026-01-17,4ª Jornada Federada,M,29.55;32.68,,
100 Libre,"OZAETA URQUIJO, Jon",2006,CI Laudio,1:02.55,2026-01-17,4ª Jornada Federada,M,29.28;33.27,,
100 Libre,"RODRIGUEZ LÓPEZ DE VICUÑA, Jokin",2010,CN Judizmendi,1:01.29,2026-01-17,4ª Jornada Federada,M,29.46;31.83,,
100 Libre,"URIARTE ORTIZ DE MENDIVIL, Galder",2010,CN Judizmendi,59.02,2026-01-17,4ª Jornada Federada,M,28.44;30.58,,
100 Libre,"ZUGAZAGA GARAGALZA, Urko",2005,CN Judizmendi,52.42,2026-01-17,4ª Jornada Federada,M,25.38;27.04,,
100 Mariposa,"CIRRE MARTINEZ DE ALBENIZ, Irati",2010,CN Zadorra,1:20.03,2026-01-17,4ª Jornada Federada,F,37.20;42.83,,
100 Mariposa,"GAISAN PEREZ, Leire",2003,CN Menditxo,1:23.41,2026-01-17,4ª Jornada Federada,F,38.77;44.64,,
100 Mariposa,"LIZARDUY CASTILLO, Iris",2008,CN Menditxo,1:02.54,2026-01-17,4ª Jornada Federada,F,29.10;33.44,,
100 Mariposa,"ABAITUA PIPAON, Benat",2008,CN Judizmendi,1:03.06,2026-01-17,4ª Jornada Federada,M,28.83;34.23,,
100 Mariposa,"MARIMON ANZOLA, Aritz",2005,CN Judizmendi,56.83,2026-01-17,4ª Jornada Federada,M,25.89;30.94,,
100 Mariposa,"MENESES ARRIZABALAGA, Xabier",2003,CN Judizmendi,1:06.42,2026-01-17,4ª Jornada Federada,M,29.79;36.63,,
100 Mariposa,"PEÑA BARCENA, Alvaro",2009,CN Menditxo,1:01.10,2026-01-17,4ª Jornada Federada,M,28.19;32.91,,
100 Mariposa,"URIARTE MARQUEZ, Bruno",2010,CN Menditxo,1:10.29,2026-01-17,4ª Jornada Federada,M,32.25;38.04,,
100 Mariposa,"VALDERRAMA MARTIN, Oscar",2000,CN Judizmendi,1:22.77,2026-01-17,4ª Jornada Federada,M,37.57;45.20,,
200 Braza,"RODRIGUEZ DE YURRE BUESA, Amaia",2010,CN Judizmendi,2:53.33,2026-01-17,4ª Jornada Federada,F,39.71;44.12;45.11;44.39,,
200 Braza,"RUIZ GARITANO, Izaro",2008,CN Menditxo,2:52.10,2026-01-17,4ª Jornada Federada,F,39.72;44.10;44.29;43.99,,
200 Braza,"DIAZ DE BERRIKANO BUESA, Xabier",2009,CN Judizmendi,2:46.72,2026-01-17,4ª Jornada Federada,M,37.77;42.15;43.16;43.64,,
200 Braza,"GARCIA LUKE, Unai",2010,CN Judizmendi,2:37.21,2026-01-17,4ª Jornada Federada,M,34.72;39.76;40.79;41.94,,
200 Braza,"JAUSORO GONZALEZ, Martin",2006,CN Urgain,3:01.90,2026-01-17,4ª Jornada Federada,M,40.03;45.55;48.06;48.26,,
200 Braza,"MZ DE SAN VICENTE LLANA, Markel",2009,CN Judizmendi,2:43.26,2026-01-17,4ª Jornada Federada,M,37.43;41.17;42.52;42.14,,
200 Braza,"NANCLARES IBARGUTXI, Xabier",2003,CN Judizmendi,2:28.52,2026-01-17,4ª Jornada Federada,M,32.19;36.51;38.92;40.90,,
200 Braza,"PUERTAS RIVAS, Urtzi",2010,CN Judizmendi,2:31.21,2026-01-17,4ª Jornada Federada,M,34.32;38.20;38.83;39.86,,
200 Espalda,"BIDAURRATZAGA CHASCO, Sara",2010,CN Judizmendi,3:09.64,2026-01-17,4ª Jornada Federada,F,44.14;47.77;49.55;48.18,,
200 Espalda,"MARTINEZ PRADO, Cielo",2010,CN Judizmendi,2:58.35,2026-01-17,4ª Jornada Federada,F,40.64;46.19;46.48;45.04,,
200 Espalda,"RUIZ GARITANO, Izaro",2008,CN Menditxo,2:28.10,2026-01-17,4ª Jornada Federada,F,35.52;37.47;37.61;37.50,,
200 Espalda,"SANCHEZ VICENTE, Nagore",2008,CN Zadorra,3:12.54,2026-01-17,4ª Jornada Federada,F,43.20;49.21;51.57;48.56,,
200 Espalda,"ESPEJO MARTIN, Markel",2009,CN Judizmendi,2:11.81,2026-01-17,4ª Jornada Federada,M,30.50;33.51;33.78;34.02,,
200 Espalda,"GARCIA DE LOMANA VESGA, Nacho",2010,CN Menditxo,2:14.52,2026-01-17,4ª Jornada Federada,M,31.47;34.66;34.94;33.45,,
200 Espalda,"HERVIAS FERNANDEZ, Saul",1999,CN Menditxo,2:16.35,2026-01-17,4ª Jornada Federada,M,31.48;34.39;35.25;35.23,,
200 Espalda,"LIZARDUY CASTILLO, Sergio",2006,CN Menditxo,2:10.76,2026-01-17,4ª Jornada Federada,M,31.51;33.42;33.82;32.01,,
200 Espalda,"PUERTAS RIVAS, Urtzi",2010,CN Judizmendi,2:17.00,2026-01-17,4ª Jornada Federada,M,31.41;34.38;36.01;35.20,,
200 Estilos,"CAUBILLA MARTIN, Eider",2008,CN Menditxo,2:46.74,2026-01-17,4ª Jornada Federada,F,34.13;43.86;47.62;41.13,,
200 Estilos,"DELGADO LOPO, Aizane",2006,CN Urgain,2:56.43,2026-01-17,4ª Jornada Federada,F,40.43;48.41;47.85;39.74,,
200 Estilos,"IZUSKITZA UGARTE, June",2003,CN Judizmendi,4:08.96,2026-01-17,4ª Jornada Federada,F,52.52;1:04.22;1:08.20;1:04.02,,
200 Estilos,"GARCIA DE LOMANA VESGA, Nacho",2010,CN Menditxo,2:20.46,2026-01-17,4ª Jornada Federada,M,28.87;34.98;43.20;33.41,,
200 Estilos,"GIL ALLAFLOR, Inigo",2006,CN Judizmendi,2:15.75,2026-01-17,4ª Jornada Federada,M,28.24;35.48;41.64;30.39,,
200 Estilos,"HORNAS GONZALEZ, Gorka",2008,CN Menditxo,2:32.23,2026-01-17,4ª Jornada Federada,M,32.53;39.09;44.02;36.59,,
200 Estilos,"SAINZ MONGE, Iker",2009,CN Menditxo,2:30.69,2026-01-17,4ª Jornada Federada,M,30.60;39.18;44.33;36.58,,
200 Estilos,"VALDERRAMA MARTIN, Oscar",2000,CN Judizmendi,3:17.98,2026-01-17,4ª Jornada Federada,M,38.87;55.68;56.46;46.97,,
400 Libre,"AGUIRREGOMEZCORTA ALIAS, Johana",2007,CN Menditxo,5:04.50,2026-01-17,4ª Jornada Federada,F,31.93;34.63;35.57;37.16;39.41;41.12;41.50;43.18,,
400 Libre,"ANDRES HERNANDO, Nahia",2010,CN Judizmendi,5:13.43,2026-01-17,4ª Jornada Federada,F,35.97;39.26;39.93;39.87;38.60;40.00;40.08;39.72,,
400 Libre,"BAZTAN ARANA, Maddi",2008,CN Judizmendi,4:55.14,2026-01-17,4ª Jornada Federada,F,34.41;37.12;37.09;37.80;37.23;37.72;37.08;36.69,,
400 Libre,"LIZARDUY CASTILLO, Iris",2008,CN Menditxo,4:44.95,2026-01-17,4ª Jornada Federada,F,31.81;34.17;35.13;35.94;36.38;37.08;37.65;36.79,,
400 Libre,"LOPEZ DE JUAN ABAD, Carla",2009,CN Menditxo,5:00.78,2026-01-17,4ª Jornada Federada,F,34.60;36.61;37.20;37.97;37.84;38.72;39.31;38.53,,
400 Libre,"LZ LUZURIAGA FZ RETANA, Maddi",2010,CN Judizmendi,4:58.64,2026-01-17,4ª Jornada Federada,F,34.50;37.41;37.55;37.87;37.85;37.75;38.48;37.23,,
400 Libre,"MONDEJAR MOYA, Ekine",2007,CN Menditxo,4:30.18,2026-01-17,4ª Jornada Federada,F,30.84;33.46;34.05;34.31;34.44;34.86;35.05;33.17,,
400 Libre,"ORTEGA ENRIQUE, Nayra",2008,CN Menditxo,4:49.59,2026-01-17,4ª Jornada Federada,F,31.86;34.31;35.55;36.02;36.68;37.36;38.81;39.00,,
400 Libre,"ALBIZU LOPEZ DE GUEREÑU, Ruben",2005,CN Zadorra,5:10.39,2026-01-17,4ª Jornada Federada,M,32.97;37.55;39.61;40.47;40.67;40.49;40.27;38.36,,
400 Libre,"FERNANDEZ HUARTE, Asier",2007,CN Menditxo,4:27.15,2026-01-17,4ª Jornada Federada,M,29.16;33.03;33.61;33.67;34.14;34.78;34.99;33.77,,
400 Libre,"FZ RETANA GZ HEREDIA, Oier",2009,CN Judizmendi,4:37.15,2026-01-17,4ª Jornada Federada,M,31.80;34.46;35.13;35.36;35.09;35.77;35.54;34.00,,
400 Libre,"GIL ALLAFLOR, Inigo",2006,CN Judizmendi,4:19.39,2026-01-17,4ª Jornada Federada,M,29.06;31.57;32.76;32.73;32.83;33.64;34.36;32.44,,
400 Libre,"HERVIAS FERNANDEZ, Saul",1999,CN Menditxo,4:11.07,2026-01-17,4ª Jornada Federada,M,28.28;31.49;31.87;32.34;31.85;31.86;31.96;31.42,,
400 Libre,"LIZARDUY CASTILLO, Sergio",2006,CN Menditxo,4:11.03,2026-01-17,4ª Jornada Federada,M,28.00;30.57;31.56;32.15;32.65;32.98;32.48;30.64,,
400 Libre,"MARIMON ANZOLA, Aritz",2005,CN Judizmendi,4:25.91,2026-01-17,4ª Jornada Federada,M,29.90;32.19;33.34;33.83;34.42;34.57;34.39;33.27,,
400 Libre,"MONTORO RAMIREZ, Angel",2010,CN Menditxo,5:04.35,2026-01-17,4ª Jornada Federada,M,33.26;37.21;38.48;39.19;40.02;39.43;39.13;37.63,,
400 Libre,"RITUERTO PEREZ DEL NOTARIO, Iker",2007,CN Menditxo,4:26.95,2026-01-17,4ª Jornada Federada,M,28.94;32.28;33.83;33.86;34.40;34.54;34.95;34.15,,
400 Libre,"SAEZ ONDEVILLA, Alex",2008,CN Menditxo,5:19.10,2026-01-17,4ª Jornada Federada,M,36.67;39.53;40.36;40.79;39.85;40.73;41.28;39.89,,
50 Espalda,"BIDAURRATZAGA CHASCO, Sara",2010,CN Judizmendi,40.09,2026-01-17,4ª Jornada Federada,F,,,
50 Espalda,"FERNANDEZ NISO, June",2010,CN Judizmendi,34.93,2026-01-17,4ª Jornada Federada,F,,,
50 Espalda,"GONZALEZ ANGULO, Olatz",2008,CN Zadorra,34.55,2026-01-17,4ª Jornada Federada,F,,,
50 Espalda,"GUZMAN BREDA, Uxue",2010,CN Judizmendi,33.42,2026-01-17,4ª Jornada Federada,F,,,
50 Espalda,"LZ LUZURIAGA FZ RETANA, Maddi",2010,CN Judizmendi,33.10,2026-01-17,4ª Jornada Federada,F,,,
50 Espalda,"MARTINEZ PRADO, Cielo",2010,CN Judizmendi,37.69,2026-01-17,4ª Jornada Federada,F,,,
50 Espalda,"MORENO ALONSO, Aintzane",2008,CN Zadorra,35.19,2026-01-17,4ª Jornada Federada,F,,,
50 Espalda,"PORTILLA GONZALEZ, Maria",1992,CN Urgain,41.14,2026-01-17,4ª Jornada Federada,F,,,
50 Espalda,"SALAZAR ORTIZ DE URBINA, Haizea",2006,CN Urgain,36.85,2026-01-17,4ª Jornada Federada,F,,,
50 Espalda,"SANCHEZ VICENTE, Nagore",2008,CN Zadorra,38.74,2026-01-17,4ª Jornada Federada,F,,,
50 Espalda,"ALBIZU LOPEZ DE GUEREÑU, Ruben",2005,CN Zadorra,33.93,2026-01-17,4ª Jornada Federada,M,,,
50 Espalda,"DIAZ DE CERIO ABASOLO, Aitor",2008,CN Judizmendi,28.91,2026-01-17,4ª Jornada Federada,M,,,
50 Espalda,"DIAZ DE OTAZU ORAA, Urtzi",2009,CN Zadorra,46.06,2026-01-17,4ª Jornada Federada,M,,,
50 Espalda,"GIL ALONSO, Jon",1990,CN Urgain,31.16,2026-01-17,4ª Jornada Federada,M,,,
50 Espalda,"GUTIERREZ ARTOLA, Mikel",2009,CN Zadorra,37.62,2026-01-17,4ª Jornada Federada,M,,,
50 Espalda,"MENESES ARRIZABALAGA, Xabier",2003,CN Judizmendi,29.77,2026-01-17,4ª Jornada Federada,M,,,
50 Libre,"ANDRES HERNANDO, Nahia",2010,CN Judizmendi,31.87,2026-01-17,4ª Jornada Federada,F,,,
50 Libre,"BAZTAN ARANA, Maddi",2008,CN Judizmendi,30.00,2026-01-17,4ª Jornada Federada,F,,,
50 Libre,"CAUBILLA MARTIN, Eider",2008,CN Menditxo,29.66,2026-01-17,4ª Jornada Federada,F,,,
50 Libre,"CIRRE MARTINEZ DE ALBENIZ, Irati",2010,CN Zadorra,32.21,2026-01-17,4ª Jornada Federada,F,,,
50 Libre,"DELGADO LOPO, Aizane",2006,CN Urgain,33.24,2026-01-17,4ª Jornada Federada,F,,,
50 Libre,"DIAZ DE CERIO ABASOLO, Laida",2009,CN Judizmendi,28.51,2026-01-17,4ª Jornada Federada,F,,,
50 Libre,"GAISAN PEREZ, Leire",2003,CN Menditxo,31.63,2026-01-17,4ª Jornada Federada,F,,,
50 Libre,"GUZMAN BREDA, Uxue",2010,CN Judizmendi,29.71,2026-01-17,4ª Jornada Federada,F,,,
50 Libre,"MORENO ALONSO, Aintzane",2008,CN Zadorra,31.54,2026-01-17,4ª Jornada Federada,F,,,
50 Libre,"ORTEGA ENRIQUE, Nayra",2008,CN Menditxo,28.07,2026-01-17,4ª Jornada Federada,F,,,
50 Libre,"RODRIGUEZ DE YURRE BUESA, Amaia",2010,CN Judizmendi,30.13,2026-01-17,4ª Jornada Federada,F,,,
50 Libre,"ABAITUA PIPAON, Benat",2008,CN Judizmendi,26.17,2026-01-17,4ª Jornada Federada,M,,,
50 Libre,"BASABEA OLABE, Oinatz",2010,CN Judizmendi,29.08,2026-01-17,4ª Jornada Federada,M,,,
50 Libre,"DIAZ DE CERIO ABASOLO, Aitor",2008,CN Judizmendi,26.14,2026-01-17,4ª Jornada Federada,M,,,
50 Libre,"DIAZ DE OTAZU ORAA, Urtzi",2009,CN Zadorra,32.48,2026-01-17,4ª Jornada Federada,M,,,
50 Libre,"ESPEJO MARTIN, Markel",2009,CN Judizmendi,26.29,2026-01-17,4ª Jornada Federada,M,,,
50 Libre,"FZ RETANA GZ HEREDIA, Oier",2009,CN Judizmendi,27.65,2026-01-17,4ª Jornada Federada,M,,,
50 Libre,"GARCIA LUKE, Unai",2010,CN Judizmendi,27.27,2026-01-17,4ª Jornada Federada,M,,,
50 Libre,"GIL ALONSO, Jon",1990,CN Urgain,27.82,2026-01-17,4ª Jornada Federada,M,,,
50 Libre,"GOMEZ ANGULO, Eder",2010,CN Urgain,27.93,2026-01-17,4ª Jornada Federada,M,,,
50 Libre,"GONZALEZ BERNARDO, Aimar",2009,CN Menditxo,27.52,2026-01-17,4ª Jornada Federada,M,,,
50 Libre,"GUTIERREZ ARTOLA, Mikel",2009,CN Zadorra,30.62,2026-01-17,4ª Jornada Federada,M,,,
50 Libre,"HERNANDEZ CAÑO, Gonzalo",2010,CN Judizmendi,28.41,2026-01-17,4ª Jornada Federada,M,,,
50 Libre,"HORNAS GONZALEZ, Gorka",2008,CN Menditxo,27.53,2026-01-17,4ª Jornada Federada,M,,,
50 Libre,"JAUSORO GONZALEZ, Martin",2006,CN Urgain,26.71,2026-01-17,4ª Jornada Federada,M,,,
50 Libre,"MENESES ARRIZABALAGA, Xabier",2003,CN Judizmendi,25.85,2026-01-17,4ª Jornada Federada,M,,,
50 Libre,"MZ DE SAN VICENTE LLANA, Markel",2009,CN Judizmendi,29.37,2026-01-17,4ª Jornada Federada,M,,,
50 Libre,"OZAETA URQUIJO, Jon",2006,CI Laudio,28.50,2026-01-17,4ª Jornada Federada,M,,,
50 Libre,"PEÑA BARCENA, Alvaro",2009,CN Menditxo,25.96,2026-01-17,4ª Jornada Federada,M,,,
50 Libre,"RODRIGUEZ LÓPEZ DE VICUÑA, Jokin",2010,CN Judizmendi,28.39,2026-01-17,4ª Jornada Federada,M,,,
50 Libre,"URIARTE MARQUEZ, Bruno",2010,CN Menditxo,27.98,2026-01-17,4ª Jornada Federada,M,,,
50 Libre,"URIARTE ORTIZ DE MENDIVIL, Galder",2010,CN Judizmendi,27.36,2026-01-17,4ª Jornada Federada,M,,,
50 Libre,"ZUGAZAGA GARAGALZA, Urko",2005,CN Judizmendi,24.57,2026-01-17,4ª Jornada Federada,M,,,
100 Braza,"MORENO ALONSO, Aintzane",2008,CN Zadorra,1:34.28,2026-03-07,36 Trofeo IT Laudio,F,43.24;51.04,,
100 Braza,"CONDE GARCIA, Aingeru",2010,CN Menditxo,1:34.83,2026-03-07,36 Trofeo IT Laudio,M,45.30;49.53,,
100 Braza,"DIAZ DE BERRIKANO BUESA, Xabier",2009,CN Judizmendi,1:15.23,2026-03-07,36 Trofeo IT Laudio,M,35.40;39.83,,
100 Braza,"HORNAS GONZALEZ, Gorka",2008,CN Menditxo,1:16.58,2026-03-07,36 Trofeo IT Laudio,M,35.56;41.02,,
100 Braza,"SAINZ MONGE, Iker",2009,CN Menditxo,1:24.59,2026-03-07,36 Trofeo IT Laudio,M,39.06;45.53,,
100 Espalda,"BIDAURRATZAGA CHASCO, Sara",2010,CN Judizmendi,1:25.03,2026-03-07,36 Trofeo IT Laudio,F,41.09;43.94,,
100 Espalda,"ALBIZU LOPEZ DE GUEREÑU, Ruben",2005,CN Zadorra,1:11.83,2026-03-07,36 Trofeo IT Laudio,M,34.87;36.96,,
100 Espalda,"FERNANDEZ DE RETANA PALMA, Ieltxu",2006,CN Urgain,1:10.78,2026-03-07,36 Trofeo IT Laudio,M,34.43;36.35,,
100 Espalda,"GUTIERREZ ARTOLA, Mikel",2009,CN Zadorra,1:21.62,2026-03-07,36 Trofeo IT Laudio,M,39.76;41.86,,
100 Espalda,"JAUSORO GONZALEZ, Martin",2006,CN Urgain,1:12.17,2026-03-07,36 Trofeo IT Laudio,M,34.89;37.28,,
100 Espalda,"OZAETA URQUIJO, Jon",2006,CI Laudio,1:13.80,2026-03-07,36 Trofeo IT Laudio,M,35.16;38.64,,
100 Libre,"CIRRE MARTINEZ DE ALBENIZ, Irati",2010,CN Zadorra,1:10.23,2026-03-07,36 Trofeo IT Laudio,F,33.66;36.57,,
100 Libre,"GONZALEZ ANGULO, Olatz",2008,CN Zadorra,1:09.48,2026-03-07,36 Trofeo IT Laudio,F,33.23;36.25,,
100 Libre,"MARTINEZ PRADO, Cielo",2010,CN Judizmendi,1:15.70,2026-03-07,36 Trofeo IT Laudio,F,35.18;40.52,,
100 Libre,"REDONDO CRAF, Lucia",2006,CI Laudio,1:05.75,2026-03-07,36 Trofeo IT Laudio,F,31.15;34.60,,
100 Libre,"SANCHEZ VICENTE, Nagore",2008,CN Zadorra,1:24.25,2026-03-07,36 Trofeo IT Laudio,F,38.36;45.89,,
100 Libre,"BASABEA OLABE, Oinatz",2010,CN Judizmendi,1:04.24,2026-03-07,36 Trofeo IT Laudio,M,30.74;33.50,,
100 Libre,"DIAZ DE OTAZU ORAA, Urtzi",2009,CN Zadorra,1:11.19,2026-03-07,36 Trofeo IT Laudio,M,33.54;37.65,,
100 Libre,"HERVIAS FERNANDEZ, Saul",1999,CN Menditxo,56.57,2026-03-07,36 Trofeo IT Laudio,M,27.33;29.24,,
100 Mariposa,"CAUBILLA MARTIN, Eider",2008,CN Menditxo,1:16.38,2026-03-07,36 Trofeo IT Laudio,F,34.73;41.65,,
100 Mariposa,"CIRRE MARTINEZ DE ALBENIZ, Irati",2010,CN Zadorra,1:19.31,2026-03-07,36 Trofeo IT Laudio,F,28.21;51.10,,
100 Mariposa,"ARBERAS URQUIJO, Martin",2006,CI Laudio,1:04.68,2026-03-07,36 Trofeo IT Laudio,M,28.28;36.40,,
50 Braza,"BERDAT PASSARO, Cayetana",2007,CI Laudio,39.25,2026-03-07,36 Trofeo IT Laudio,F,,,
50 Braza,"CAUBILLA MARTIN, Eider",2008,CN Menditxo,35.71,2026-03-07,36 Trofeo IT Laudio,F,,,
50 Braza,"DELGADO LOPO, Aizane",2006,CN Urgain,43.47,2026-03-07,36 Trofeo IT Laudio,F,,,
50 Braza,"GOTXIKOA TORRECILLA, Ainhoa",2005,CN Menditxo,34.13,2026-03-07,36 Trofeo IT Laudio,F,,,
50 Braza,"OIARTZABAL GOIA, Beñat",1998,CN Urgain,33.48,2026-03-07,36 Trofeo IT Laudio,M,,,
50 Braza,"OZAETA URQUIJO, Jon",2006,CI Laudio,37.75,2026-03-07,36 Trofeo IT Laudio,M,,,
50 Espalda,"GONZALEZ ANGULO, Olatz",2008,CN Zadorra,35.12,2026-03-07,36 Trofeo IT Laudio,F,,,
50 Espalda,"MORENO ALONSO, Aintzane",2008,CN Zadorra,36.45,2026-03-07,36 Trofeo IT Laudio,F,,,
50 Espalda,"REDONDO CRAF, Lucia",2006,CI Laudio,33.95,2026-03-07,36 Trofeo IT Laudio,F,,,
50 Espalda,"SALAZAR ORTIZ DE URBINA, Haizea",2006,CN Urgain,37.56,2026-03-07,36 Trofeo IT Laudio,F,,,
50 Espalda,"SANCHEZ VICENTE, Nagore",2008,CN Zadorra,38.81,2026-03-07,36 Trofeo IT Laudio,F,,,
50 Espalda,"ARBERAS URQUIJO, Martin",2006,CI Laudio,31.03,2026-03-07,36 Trofeo IT Laudio,M,,,
50 Espalda,"GIL ALONSO, Jon",1990,CN Urgain,31.25,2026-03-07,36 Trofeo IT Laudio,M,,,
50 Libre,"BERDAT PASSARO, Cayetana",2007,CI Laudio,31.10,2026-03-07,36 Trofeo IT Laudio,F,,,
50 Libre,"BIDAURRATZAGA CHASCO, Sara",2010,CN Judizmendi,34.96,2026-03-07,36 Trofeo IT Laudio,F,,,
50 Libre,"MOYLES, Cara",2007,CN Urgain,38.81,2026-03-07,36 Trofeo IT Laudio,F,,,
50 Libre,"RUIZ OLALLA MARQUEZ, Vera",2007,CN Urgain,34.28,2026-03-07,36 Trofeo IT Laudio,F,,,
50 Libre,"UNSUAIN MORENO, Olaia",2009,CN Zadorra,36.93,2026-03-07,36 Trofeo IT Laudio,F,,,
50 Libre,"AGUIRRE ROMERO, Kirmen",2008,CN Urgain,28.78,2026-03-07,36 Trofeo IT Laudio,M,,,
50 Libre,"ALBIZU LOPEZ DE GUEREÑU, Ruben",2005,CN Zadorra,27.50,2026-03-07,36 Trofeo IT Laudio,M,,,
50 Libre,"ARBERAS URQUIJO, Martin",2006,CI Laudio,25.50,2026-03-07,36 Trofeo IT Laudio,M,,,
50 Libre,"FERNANDEZ DE RETANA PALMA, Ieltxu",2006,CN Urgain,27.78,2026-03-07,36 Trofeo IT Laudio,M,,,
50 Libre,"GIL ALONSO, Jon",1990,CN Urgain,27.99,2026-03-07,36 Trofeo IT Laudio,M,,,
50 Libre,"GUTIERREZ ARTOLA, Mikel",2009,CN Zadorra,30.90,2026-03-07,36 Trofeo IT Laudio,M,,,
50 Libre,"JAUSORO GONZALEZ, Martin",2006,CN Urgain,27.46,2026-03-07,36 Trofeo IT Laudio,M,,,
50 Libre,"LOPEZ OCIO, Jon",2006,CN Urgain,26.68,2026-03-07,36 Trofeo IT Laudio,M,,,
50 Libre,"MONTORO RAMIREZ, Angel",2010,CN Menditxo,28.66,2026-03-07,36 Trofeo IT Laudio,M,,,
50 Libre,"OZAETA URQUIJO, Jon",2006,CI Laudio,28.25,2026-03-07,36 Trofeo IT Laudio,M,,,
50 Mariposa,"BERDAT PASSARO, Cayetana",2007,CI Laudio,38.98,2026-03-07,36 Trofeo IT Laudio,F,,,
50 Mariposa,"CASTELLANO LOPEZ, Maialen",2006,CN Menditxo,30.53,2026-03-07,36 Trofeo IT Laudio,F,,,
50 Mariposa,"DELGADO LOPO, Aizane",2006,CN Urgain,37.57,2026-03-07,36 Trofeo IT Laudio,F,,,
50 Mariposa,"MARTINEZ PRADO, Cielo",2010,CN Judizmendi,36.72,2026-03-07,36 Trofeo IT Laudio,F,,,
50 Mariposa,"MOYLES, Cara",2007,CN Urgain,45.34,2026-03-07,36 Trofeo IT Laudio,F,,,
50 Mariposa,"REDONDO CRAF, Lucia",2006,CI Laudio,32.02,2026-03-07,36 Trofeo IT Laudio,F,,,
50 Mariposa,"RUIZ OLALLA MARQUEZ, Vera",2007,CN Urgain,38.69,2026-03-07,36 Trofeo IT Laudio,F,,,
50 Mariposa,"SALAZAR ORTIZ DE URBINA, Haizea",2006,CN Urgain,36.95,2026-03-07,36 Trofeo IT Laudio,F,,,
50 Mariposa,"AGUIRRE ROMERO, Kirmen",2008,CN Urgain,33.05,2026-03-07,36 Trofeo IT Laudio,M,,,
50 Mariposa,"BASABEA OLABE, Oinatz",2010,CN Judizmendi,34.51,2026-03-07,36 Trofeo IT Laudio,M,,,
50 Mariposa,"CONDE GARCIA, Aingeru",2010,CN Menditxo,40.45,2026-03-07,36 Trofeo IT Laudio,M,,,
50 Mariposa,"DIAZ DE BERRIKANO BUESA, Xabier",2009,CN Judizmendi,31.53,2026-03-07,36 Trofeo IT Laudio,M,,,
50 Mariposa,"DIAZ DE OTAZU ORAA, Urtzi",2009,CN Zadorra,34.24,2026-03-07,36 Trofeo IT Laudio,M,,,
50 Mariposa,"FERNANDEZ DE RETANA PALMA, Ieltxu",2006,CN Urgain,33.07,2026-03-07,36 Trofeo IT Laudio,M,,,
50 Mariposa,"GUTIERREZ ARTOLA, Mikel",2009,CN Zadorra,37.62,2026-03-07,36 Trofeo IT Laudio,M,,,
50 Mariposa,"HERVIAS FERNANDEZ, Saul",1999,CN Menditxo,27.80,2026-03-07,36 Trofeo IT Laudio,M,,,
50 Mariposa,"HORNAS GONZALEZ, Gorka",2008,CN Menditxo,29.94,2026-03-07,36 Trofeo IT Laudio,M,,,
50 Mariposa,"LOPEZ OCIO, Jon",2006,CN Urgain,30.01,2026-03-07,36 Trofeo IT Laudio,M,,,
50 Mariposa,"MONTORO RAMIREZ, Angel",2010,CN Menditxo,31.59,2026-03-07,36 Trofeo IT Laudio,M,,,
50 Mariposa,"OIARTZABAL GOIA, Beñat",1998,CN Urgain,27.76,2026-03-07,36 Trofeo IT Laudio,M,,,
50 Mariposa,"SAEZ ONDEVILLA, Alex",2008,CN Menditxo,36.90,2026-03-07,36 Trofeo IT Laudio,M,,,
50 Mariposa,"SAINZ MONGE, Iker",2009,CN Menditxo,29.46,2026-03-07,36 Trofeo IT Laudio,M,,,
100 Braza,"ANDRES HERNANDO, Nahia",2010,CN Judizmendi,1:31.10,2026-04-18,Trofeo San Prudencio (50 m),F,,,
100 Braza,"CAUBILLA MARTIN, Eider",2008,CN Menditxo,1:21.84,2026-04-18,Trofeo San Prudencio (50 m),F,,,
100 Braza,"FERNANDEZ JORGE, Eider",2008,CN Menditxo,1:28.00,2026-04-18,Trofeo San Prudencio (50 m),F,,,
100 Braza,"MARTINEZ PRADO, Cielo",2010,CN Judizmendi,1:40.58,2026-04-18,Trofeo San Prudencio (50 m),F,,,
100 Braza,"RODRIGUEZ DE YURRE BUESA, Amaia",2010,CN Judizmendi,1:25.29,2026-04-18,Trofeo San Prudencio (50 m),F,,,
100 Braza,"DIAZ DE BERRIKANO BUESA, Xabier",2009,CN Judizmendi,1:19.99,2026-04-18,Trofeo San Prudencio (50 m),M,,,
100 Braza,"HORNAS GONZALEZ, Gorka",2008,CN Menditxo,1:19.23,2026-04-18,Trofeo San Prudencio (50 m),M,,,
100 Braza,"LIZARDUY CASTILLO, Sergio",2006,CN Menditxo,1:12.81,2026-04-18,Trofeo San Prudencio (50 m),M,,,
100 Braza,"NANCLARES IBARGUTXI, Xabier",2003,CN Judizmendi,1:11.48,2026-04-18,Trofeo San Prudencio (50 m),M,,,
100 Braza,"SAINZ MONGE, Iker",2009,CN Menditxo,1:23.27,2026-04-18,Trofeo San Prudencio (50 m),M,,,
100 Espalda,"BIDAURRATZAGA CHASCO, Sara",2010,CN Judizmendi,1:31.94,2026-04-18,Trofeo San Prudencio (50 m),F,,,
100 Espalda,"GUZMAN BREDA, Uxue",2010,CN Judizmendi,1:17.59,2026-04-18,Trofeo San Prudencio (50 m),F,,,
100 Espalda,"MARTINEZ PRADO, Cielo",2010,CN Judizmendi,1:29.89,2026-04-18,Trofeo San Prudencio (50 m),F,,,
100 Espalda,"MONDEJAR MOYA, Ekine",2007,CN Menditxo,1:06.44,2026-04-18,Trofeo San Prudencio (50 m),F,,,
100 Espalda,"SANCHEZ VICENTE, Nagore",2008,CN Zadorra,1:36.35,2026-04-18,Trofeo San Prudencio (50 m),F,,,
100 Espalda,"ESPEJO MARTIN, Markel",2009,CN Judizmendi,1:04.08,2026-04-18,Trofeo San Prudencio (50 m),M,,,
100 Espalda,"ESPEJO MARTIN, Pablo",2005,CN Judizmendi,1:01.75,2026-04-18,Trofeo San Prudencio (50 m),M,,,
100 Espalda,"GARCIA DE LOMANA VESGA, Nacho",2010,CN Menditxo,1:02.19,2026-04-18,Trofeo San Prudencio (50 m),M,,,
100 Espalda,"MENESES ARRIZABALAGA, Xabier",2003,CN Judizmendi,1:14.35,2026-04-18,Trofeo San Prudencio (50 m),M,,,
100 Libre,"AGUIRREGOMEZCORTA ALIAS, Johana",2007,CN Menditxo,1:05.50,2026-04-18,Trofeo San Prudencio (50 m),F,,,
100 Libre,"CIRRE MARTINEZ DE ALBENIZ, Irati",2010,CN Zadorra,1:11.41,2026-04-18,Trofeo San Prudencio (50 m),F,,,
100 Libre,"DIAZ DE CERIO ABASOLO, Laida",2009,CN Judizmendi,1:05.88,2026-04-18,Trofeo San Prudencio (50 m),F,,,
100 Libre,"FERNANDEZ NISO, June",2010,CN Judizmendi,1:07.86,2026-04-18,Trofeo San Prudencio (50 m),F,,,
100 Libre,"GOTXIKOA TORRECILLA, Ainhoa",2005,CN Menditxo,1:01.74,2026-04-18,Trofeo San Prudencio (50 m),F,,,
100 Libre,"LIZARDUY CASTILLO, Iris",2008,CN Menditxo,1:02.07,2026-04-18,Trofeo San Prudencio (50 m),F,,,
100 Libre,"LZ LUZURIAGA FZ RETANA, Maddi",2010,CN Judizmendi,1:07.59,2026-04-18,Trofeo San Prudencio (50 m),F,,,
100 Libre,"MARTINEZ PRADO, Cielo",2010,CN Judizmendi,1:15.64,2026-04-18,Trofeo San Prudencio (50 m),F,,,
100 Libre,"BASABEA OLABE, Oinatz",2010,CN Judizmendi,1:05.06,2026-04-18,Trofeo San Prudencio (50 m),M,,,
100 Libre,"DIAZ DE OTAZU ORAA, Urtzi",2009,CN Zadorra,1:13.96,2026-04-18,Trofeo San Prudencio (50 m),M,,,
100 Libre,"ESPEJO MARTIN, Markel",2009,CN Judizmendi,56.72,2026-04-18,Trofeo San Prudencio (50 m),M,,,
100 Libre,"FZ RETANA GZ HEREDIA, Oier",2009,CN Judizmendi,1:02.84,2026-04-18,Trofeo San Prudencio (50 m),M,,,
100 Libre,"HERNANDEZ CAÑO, Gonzalo",2010,CN Judizmendi,1:01.84,2026-04-18,Trofeo San Prudencio (50 m),M,,,
100 Libre,"HORNAS GONZALEZ, Gorka",2008,CN Menditxo,1:04.53,2026-04-18,Trofeo San Prudencio (50 m),M,,,
100 Libre,"JAUSORO GONZALEZ, Martin",2006,CN Urgain,1:01.64,2026-04-18,Trofeo San Prudencio (50 m),M,,,
100 Libre,"SAEZ ONDEVILLA, Alex",2008,CN Menditxo,1:08.61,2026-04-18,Trofeo San Prudencio (50 m),M,,,
100 Libre,"ZUGAZAGA GARAGALZA, Urko",2005,CN Judizmendi,55.58,2026-04-18,Trofeo San Prudencio (50 m),M,,,
100 Mariposa,"CIRRE MARTINEZ DE ALBENIZ, Irati",2010,CN Zadorra,1:23.05,2026-04-18,Trofeo San Prudencio (50 m),F,,,
100 Mariposa,"FERNANDEZ JORGE, Eider",2008,CN Menditxo,1:13.50,2026-04-18,Trofeo San Prudencio (50 m),F,,,
100 Mariposa,"GUZMAN BREDA, Uxue",2010,CN Judizmendi,1:26.13,2026-04-18,Trofeo San Prudencio (50 m),F,,,
100 Mariposa,"RODRIGUEZ DE YURRE BUESA, Amaia",2010,CN Judizmendi,1:17.07,2026-04-18,Trofeo San Prudencio (50 m),F,,,
100 Mariposa,"DIAZ DE OTAZU ORAA, Urtzi",2009,CN Zadorra,1:35.08,2026-04-18,Trofeo San Prudencio (50 m),M,,,
100 Mariposa,"LOPEZ DE SABANDO GONZALEZ, Uztaritz",2006,CN Menditxo,1:01.38,2026-04-18,Trofeo San Prudencio (50 m),M,,,
100 Mariposa,"MARIMON ANZOLA, Aritz",2005,CN Judizmendi,58.34,2026-04-18,Trofeo San Prudencio (50 m),M,,,
100 Mariposa,"MENESES ARRIZABALAGA, Xabier",2003,CN Judizmendi,1:08.06,2026-04-18,Trofeo San Prudencio (50 m),M,,,
100 Mariposa,"RODRIGUEZ LÓPEZ DE VICUÑA, Jokin",2010,CN Judizmendi,1:11.53,2026-04-18,Trofeo San Prudencio (50 m),M,,,
1500 Libre,"LOPEZ DE OCARIZ DE ALAVA, Sergio",2009,CN Judizmendi,18:01.82,2026-04-18,Trofeo San Prudencio (50 m),M,;1:05.17;;1:11.31;;1:12.65;;1:13.21;;1:13.37;;1:13.15;;1:13.23;;1:13.22;;1:12.89;;1:12.81;;1:12.81;;1:12.61;;1:14.18;;1:12.90;;1:08.31,,
1500 Libre,"LOPEZ DE SABANDO GONZALEZ, Uztaritz",2006,CN Menditxo,19:18.19,2026-04-18,Trofeo San Prudencio (50 m),M,;1:07.74;;1:13.95;;1:16.46;;1:17.59;;1:19.07;;1:19.08;;1:20.24;;1:20.12;;1:20.98;;1:19.53;;1:21.42;;1:19.96;;1:17.77;;1:15.46;;1:08.82,,
1500 Libre,"URIARTE ORTIZ DE MENDIVIL, Galder",2010,CN Judizmendi,18:48.52,2026-04-18,Trofeo San Prudencio (50 m),M,;1:09.50;;1:15.33;;1:14.92;;1:15.76;;1:16.14;;1:15.76;;1:16.30;;1:15.55;;1:15.69;;1:16.58;;1:16.23;;1:15.81;;1:16.06;;1:16.67;;1:12.22,,
200 Braza,"ANDRES HERNANDO, Nahia",2010,CN Judizmendi,3:15.35,2026-04-18,Trofeo San Prudencio (50 m),F,;1:33.50;;1:41.85,,
200 Braza,"RODRIGUEZ DE YURRE BUESA, Amaia",2010,CN Judizmendi,3:01.75,2026-04-18,Trofeo San Prudencio (50 m),F,;1:28.18;;1:33.57,,
200 Braza,"DIAZ DE BERRIKANO BUESA, Xabier",2009,CN Judizmendi,2:53.16,2026-04-18,Trofeo San Prudencio (50 m),M,;1:24.26;;1:28.90,,
200 Espalda,"BIDAURRATZAGA CHASCO, Sara",2010,CN Judizmendi,3:17.94,2026-04-18,Trofeo San Prudencio (50 m),F,;1:35.96;;1:41.98,,
200 Espalda,"FERNANDEZ NISO, June",2010,CN Judizmendi,2:49.45,2026-04-18,Trofeo San Prudencio (50 m),F,;1:23.10;;1:26.35,,
200 Espalda,"RUIZ GARITANO, Izaro",2008,CN Menditxo,2:37.42,2026-04-18,Trofeo San Prudencio (50 m),F,;1:17.52;;1:19.90,,
200 Espalda,"FERNANDEZ DE RETANA PALMA, Ieltxu",2006,CN Urgain,2:43.03,2026-04-18,Trofeo San Prudencio (50 m),M,;1:19.12;;1:23.91,,
200 Espalda,"FZ RETANA GZ HEREDIA, Oier",2009,CN Judizmendi,2:39.67,2026-04-18,Trofeo San Prudencio (50 m),M,;1:19.05;;1:20.62,,
200 Espalda,"GARCIA DE LOMANA VESGA, Nacho",2010,CN Menditxo,2:17.06,2026-04-18,Trofeo San Prudencio (50 m),M,;1:07.33;;1:09.73,,
200 Espalda,"GUTIERREZ ARTOLA, Mikel",2009,CN Zadorra,3:02.29,2026-04-18,Trofeo San Prudencio (50 m),M,;1:28.94;;1:33.35,,
200 Espalda,"LIZARDUY CASTILLO, Sergio",2006,CN Menditxo,2:15.24,2026-04-18,Trofeo San Prudencio (50 m),M,;1:06.07;;1:09.17,,
200 Estilos,"CASTELLANO LOPEZ, Maialen",2006,CN Menditxo,2:33.71,2026-04-18,Trofeo San Prudencio (50 m),F,;1:10.79;;1:22.92,,
200 Estilos,"LZ LUZURIAGA FZ RETANA, Maddi",2010,CN Judizmendi,2:42.46,2026-04-18,Trofeo San Prudencio (50 m),F,;1:16.18;;1:26.28,,
200 Estilos,"ESPEJO MARTIN, Pablo",2005,CN Judizmendi,2:15.36,2026-04-18,Trofeo San Prudencio (50 m),M,;1:04.63;;1:10.73,,
200 Estilos,"MZ DE SAN VICENTE LLANA, Markel",2009,CN Judizmendi,2:39.74,2026-04-18,Trofeo San Prudencio (50 m),M,;1:18.40;;1:21.34,,
200 Estilos,"PUERTAS RIVAS, Urtzi",2010,CN Judizmendi,2:24.89,2026-04-18,Trofeo San Prudencio (50 m),M,;1:07.27;;1:17.62,,
200 Libre,"AGUIRREGOMEZCORTA ALIAS, Johana",2007,CN Menditxo,2:22.66,2026-04-18,Trofeo San Prudencio (50 m),F,;1:08.81;;1:13.85,,
200 Libre,"BIDAURRATZAGA CHASCO, Sara",2010,CN Judizmendi,2:58.40,2026-04-18,Trofeo San Prudencio (50 m),F,;1:28.19;;1:30.21,,
200 Libre,"DELGADO LOPO, Aizane",2006,CN Urgain,2:41.48,2026-04-18,Trofeo San Prudencio (50 m),F,;1:19.34;;1:22.14,,
200 Libre,"GOTXIKOA TORRECILLA, Ainhoa",2005,CN Menditxo,2:17.98,2026-04-18,Trofeo San Prudencio (50 m),F,;1:06.58;;1:11.40,,
200 Libre,"LZ LUZURIAGA FZ RETANA, Maddi",2010,CN Judizmendi,2:27.03,2026-04-18,Trofeo San Prudencio (50 m),F,;1:12.18;;1:14.85,,
200 Libre,"MONDEJAR MOYA, Ekine",2007,CN Menditxo,2:12.50,2026-04-18,Trofeo San Prudencio (50 m),F,;1:03.84;;1:08.66,,
200 Libre,"BASABEA OLABE, Oinatz",2010,CN Judizmendi,2:27.83,2026-04-18,Trofeo San Prudencio (50 m),M,;1:10.15;;1:17.68,,
200 Libre,"FERNANDEZ HUARTE, Asier",2007,CN Menditxo,2:00.06,2026-04-18,Trofeo San Prudencio (50 m),M,;58.97;;1:01.09,,
200 Libre,"FZ RETANA GZ HEREDIA, Oier",2009,CN Judizmendi,2:17.72,2026-04-18,Trofeo San Prudencio (50 m),M,;1:06.93;;1:10.79,,
200 Libre,"GARCIA LUKE, Unai",2010,CN Judizmendi,2:08.40,2026-04-18,Trofeo San Prudencio (50 m),M,;1:02.75;;1:05.65,,
200 Libre,"GONZALEZ BERNARDO, Aimar",2009,CN Menditxo,2:41.05,2026-04-18,Trofeo San Prudencio (50 m),M,;1:14.91;;1:26.14,,
200 Libre,"GUTIERREZ ARTOLA, Mikel",2009,CN Zadorra,2:35.76,2026-04-18,Trofeo San Prudencio (50 m),M,;1:14.72;;1:21.04,,
200 Libre,"PUERTAS RIVAS, Urtzi",2010,CN Judizmendi,2:09.52,2026-04-18,Trofeo San Prudencio (50 m),M,;1:04.04;;1:05.48,,
200 Libre,"RITUERTO PEREZ DEL NOTARIO, Iker",2007,CN Menditxo,2:08.72,2026-04-18,Trofeo San Prudencio (50 m),M,;1:01.53;;1:07.19,,
200 Libre,"RODRIGUEZ LÓPEZ DE VICUÑA, Jokin",2010,CN Judizmendi,2:10.75,2026-04-18,Trofeo San Prudencio (50 m),M,;1:04.15;;1:06.60,,
200 Libre,"SAEZ ONDEVILLA, Alex",2008,CN Menditxo,2:34.12,2026-04-18,Trofeo San Prudencio (50 m),M,;1:13.24;;1:20.88,,
200 Libre,"URIARTE ORTIZ DE MENDIVIL, Galder",2010,CN Judizmendi,2:16.43,2026-04-18,Trofeo San Prudencio (50 m),M,;1:05.80;;1:10.63,,
400 Estilos,"LOPEZ DE OCARIZ DE ALAVA, Sergio",2009,CN Judizmendi,4:52.96,2026-04-18,Trofeo San Prudencio (50 m),M,30.36;36.20;39.14;37.24;40.98;40.49;34.39;34.16,,
400 Libre,"AGUIRREGOMEZCORTA ALIAS, Johana",2007,CN Menditxo,5:05.06,2026-04-18,Trofeo San Prudencio (50 m),F,34.41;36.50;37.76;38.22;39.37;39.78;39.92;39.10,,
400 Libre,"DELGADO LOPO, Aizane",2006,CN Urgain,5:44.66,2026-04-18,Trofeo San Prudencio (50 m),F,38.42;42.65;43.88;44.43;45.03;44.62;43.26;42.37,,
400 Libre,"GUZMAN BREDA, Uxue",2010,CN Judizmendi,5:17.36,2026-04-18,Trofeo San Prudencio (50 m),F,36.54;39.98;41.13;40.53;40.97;40.72;40.88;36.61,,
400 Libre,"LOPEZ DE JUAN ABAD, Carla",2009,CN Menditxo,5:26.16,2026-04-18,Trofeo San Prudencio (50 m),F,37.16;40.58;40.75;41.10;41.45;41.62;42.21;41.29,,
400 Libre,"MONDEJAR MOYA, Ekine",2007,CN Menditxo,4:47.21,2026-04-18,Trofeo San Prudencio (50 m),F,33.07;35.90;37.17;36.62;36.93;36.85;36.41;34.26,,
400 Libre,"CANTERO RISQUE, Danel",2002,CN Menditxo,4:52.05,2026-04-18,Trofeo San Prudencio (50 m),M,31.45;35.06;36.57;37.59;37.25;38.07;37.83;38.23,,
400 Libre,"FERNANDEZ DE RETANA PALMA, Ieltxu",2006,CN Urgain,5:01.26,2026-04-18,Trofeo San Prudencio (50 m),M,32.64;36.89;38.88;38.54;38.63;38.80;39.51;37.37,,
400 Libre,"FERNANDEZ HUARTE, Asier",2007,CN Menditxo,4:30.75,2026-04-18,Trofeo San Prudencio (50 m),M,30.24;33.97;34.45;34.76;34.88;34.49;34.36;33.60,,
400 Libre,"GARCIA DE LOMANA VESGA, Nacho",2010,CN Menditxo,4:25.81,2026-04-18,Trofeo San Prudencio (50 m),M,30.42;33.03;33.59;33.72;34.19;34.19;34.37;32.30,,
400 Libre,"GARCIA LUKE, Unai",2010,CN Judizmendi,4:44.80,2026-04-18,Trofeo San Prudencio (50 m),M,32.53;35.63;36.75;36.73;37.79;35.81;36.54;33.02,,
400 Libre,"HERVIAS FERNANDEZ, Saul",1999,CN Menditxo,4:20.96,2026-04-18,Trofeo San Prudencio (50 m),M,29.42;32.45;33.20;33.40;33.89;33.42;32.51;32.67,,
400 Libre,"HORNAS GONZALEZ, Gorka",2008,CN Menditxo,5:12.93,2026-04-18,Trofeo San Prudencio (50 m),M,33.15;37.28;38.38;39.30;39.87;42.35;41.41;41.19,,
400 Libre,"LIZARDUY CASTILLO, Sergio",2006,CN Menditxo,4:25.90,2026-04-18,Trofeo San Prudencio (50 m),M,29.10;32.26;33.24;33.77;34.67;34.66;35.00;33.20,,
400 Libre,"MZ DE SAN VICENTE LLANA, Markel",2009,CN Judizmendi,4:55.62,2026-04-18,Trofeo San Prudencio (50 m),M,33.64;36.53;37.62;37.81;37.59;37.76;38.21;36.46,,
400 Libre,"NANCLARES IBARGUTXI, Xabier",2003,CN Judizmendi,4:39.37,2026-04-18,Trofeo San Prudencio (50 m),M,30.58;34.13;34.38;35.09;35.49;36.40;37.14;36.16,,
400 Libre,"PEÑA BARCENA, Alvaro",2009,CN Menditxo,4:44.09,2026-04-18,Trofeo San Prudencio (50 m),M,31.31;34.03;34.82;35.98;37.09;37.40;39.22;34.24,,
400 Libre,"SAINZ MONGE, Iker",2009,CN Menditxo,5:23.44,2026-04-18,Trofeo San Prudencio (50 m),M,33.81;38.06;40.29;41.19;42.40;43.05;42.56;42.08,,
400 Libre,"URIARTE MARQUEZ, Bruno",2010,CN Menditxo,4:59.28,2026-04-18,Trofeo San Prudencio (50 m),M,33.46;37.42;38.02;38.25;38.07;38.41;38.63;37.02,,
50 Braza,"ANDRES HERNANDO, Nahia",2010,CN Judizmendi,43.65,2026-04-18,Trofeo San Prudencio (50 m),F,,,
50 Braza,"GONZALEZ ANGULO, Olatz",2008,CN Zadorra,42.26,2026-04-18,Trofeo San Prudencio (50 m),F,,,
50 Braza,"GOTXIKOA TORRECILLA, Ainhoa",2005,CN Menditxo,34.50,2026-04-18,Trofeo San Prudencio (50 m),F,,,
50 Braza,"LIZARDUY CASTILLO, Iris",2008,CN Menditxo,34.76,2026-04-18,Trofeo San Prudencio (50 m),F,,,
50 Braza,"MARTINEZ PRADO, Cielo",2010,CN Judizmendi,46.61,2026-04-18,Trofeo San Prudencio (50 m),F,,,
50 Braza,"MONDEJAR MOYA, Ekine",2007,CN Menditxo,34.33,2026-04-18,Trofeo San Prudencio (50 m),F,,,
50 Braza,"MORENO ALONSO, Aintzane",2008,CN Zadorra,41.68,2026-04-18,Trofeo San Prudencio (50 m),F,,,
50 Braza,"SANCHEZ VICENTE, Nagore",2008,CN Zadorra,51.16,2026-04-18,Trofeo San Prudencio (50 m),F,,,
50 Braza,"CANTERO RISQUE, Danel",2002,CN Menditxo,34.03,2026-04-18,Trofeo San Prudencio (50 m),M,,,
50 Braza,"DIAZ DE BERRIKANO BUESA, Xabier",2009,CN Judizmendi,35.81,2026-04-18,Trofeo San Prudencio (50 m),M,,,
50 Braza,"ESPEJO MARTIN, Markel",2009,CN Judizmendi,34.89,2026-04-18,Trofeo San Prudencio (50 m),M,,,
50 Braza,"HERNANDEZ CAÑO, Gonzalo",2010,CN Judizmendi,35.28,2026-04-18,Trofeo San Prudencio (50 m),M,,,
50 Braza,"JAUSORO GONZALEZ, Martin",2006,CN Urgain,37.36,2026-04-18,Trofeo San Prudencio (50 m),M,,,
50 Braza,"NANCLARES IBARGUTXI, Xabier",2003,CN Judizmendi,33.05,2026-04-18,Trofeo San Prudencio (50 m),M,,,
50 Braza,"RITUERTO PEREZ DEL NOTARIO, Iker",2007,CN Menditxo,32.43,2026-04-18,Trofeo San Prudencio (50 m),M,,,
50 Braza,"SAEZ ONDEVILLA, Alex",2008,CN Menditxo,40.40,2026-04-18,Trofeo San Prudencio (50 m),M,,,
50 Braza,"SAINZ MONGE, Iker",2009,CN Menditxo,37.89,2026-04-18,Trofeo San Prudencio (50 m),M,,,
50 Braza,"URIARTE ORTIZ DE MENDIVIL, Galder",2010,CN Judizmendi,37.79,2026-04-18,Trofeo San Prudencio (50 m),M,,,
50 Espalda,"BIDAURRATZAGA CHASCO, Sara",2010,CN Judizmendi,41.60,2026-04-18,Trofeo San Prudencio (50 m),F,,,
50 Espalda,"CASTELLANO LOPEZ, Maialen",2006,CN Menditxo,32.73,2026-04-18,Trofeo San Prudencio (50 m),F,,,
50 Espalda,"FERNANDEZ JORGE, Eider",2008,CN Menditxo,33.64,2026-04-18,Trofeo San Prudencio (50 m),F,,,
50 Espalda,"GONZALEZ ANGULO, Olatz",2008,CN Zadorra,36.06,2026-04-18,Trofeo San Prudencio (50 m),F,,,
50 Espalda,"MORENO ALONSO, Aintzane",2008,CN Zadorra,37.23,2026-04-18,Trofeo San Prudencio (50 m),F,,,
50 Espalda,"SANCHEZ VICENTE, Nagore",2008,CN Zadorra,40.33,2026-04-18,Trofeo San Prudencio (50 m),F,,,
50 Espalda,"ESPEJO MARTIN, Pablo",2005,CN Judizmendi,27.94,2026-04-18,Trofeo San Prudencio (50 m),M,,,
50 Espalda,"GUTIERREZ ARTOLA, Mikel",2009,CN Zadorra,37.70,2026-04-18,Trofeo San Prudencio (50 m),M,,,
50 Espalda,"MARIMON ANZOLA, Aritz",2005,CN Judizmendi,31.23,2026-04-18,Trofeo San Prudencio (50 m),M,,,
50 Espalda,"MENESES ARRIZABALAGA, Xabier",2003,CN Judizmendi,31.77,2026-04-18,Trofeo San Prudencio (50 m),M,,,
50 Espalda,"MONTORO RAMIREZ, Angel",2010,CN Menditxo,33.81,2026-04-18,Trofeo San Prudencio (50 m),M,,,
50 Espalda,"PUERTAS RIVAS, Urtzi",2010,CN Judizmendi,29.61,2026-04-18,Trofeo San Prudencio (50 m),M,,,
50 Espalda,"RITUERTO PEREZ DEL NOTARIO, Iker",2007,CN Menditxo,31.97,2026-04-18,Trofeo San Prudencio (50 m),M,,,
50 Espalda,"RODRIGUEZ LÓPEZ DE VICUÑA, Jokin",2010,CN Judizmendi,34.80,2026-04-18,Trofeo San Prudencio (50 m),M,,,
50 Espalda,"ZUGAZAGA GARAGALZA, Urko",2005,CN Judizmendi,30.30,2026-04-18,Trofeo San Prudencio (50 m),M,,,
50 Libre,"CASTELLANO LOPEZ, Maialen",2006,CN Menditxo,30.63,2026-04-18,Trofeo San Prudencio (50 m),F,,,
50 Libre,"CIRRE MARTINEZ DE ALBENIZ, Irati",2010,CN Zadorra,32.46,2026-04-18,Trofeo San Prudencio (50 m),F,,,
50 Libre,"DELGADO LOPO, Aizane",2006,CN Urgain,34.47,2026-04-18,Trofeo San Prudencio (50 m),F,,,
50 Libre,"DIAZ DE CERIO ABASOLO, Laida",2009,CN Judizmendi,29.98,2026-04-18,Trofeo San Prudencio (50 m),F,,,
50 Libre,"FERNANDEZ NISO, June",2010,CN Judizmendi,31.47,2026-04-18,Trofeo San Prudencio (50 m),F,,,
50 Libre,"GAISAN PEREZ, Leire",2003,CN Menditxo,32.00,2026-04-18,Trofeo San Prudencio (50 m),F,,,
50 Libre,"GOTXIKOA TORRECILLA, Ainhoa",2005,CN Menditxo,28.85,2026-04-18,Trofeo San Prudencio (50 m),F,,,
50 Libre,"LIZARDUY CASTILLO, Iris",2008,CN Menditxo,28.26,2026-04-18,Trofeo San Prudencio (50 m),F,,,
50 Libre,"LOPEZ DE JUAN ABAD, Carla",2009,CN Menditxo,30.17,2026-04-18,Trofeo San Prudencio (50 m),F,,,
50 Libre,"LZ LUZURIAGA FZ RETANA, Maddi",2010,CN Judizmendi,31.09,2026-04-18,Trofeo San Prudencio (50 m),F,,,
50 Libre,"RODRIGUEZ DE YURRE BUESA, Amaia",2010,CN Judizmendi,30.20,2026-04-18,Trofeo San Prudencio (50 m),F,,,
50 Libre,"RUIZ GARITANO, Izaro",2008,CN Menditxo,30.07,2026-04-18,Trofeo San Prudencio (50 m),F,,,
50 Libre,"BASABEA OLABE, Oinatz",2010,CN Judizmendi,28.98,2026-04-18,Trofeo San Prudencio (50 m),M,,,
50 Libre,"BAÑON ALFARO, Javier",1989,CN Menditxo,28.39,2026-04-18,Trofeo San Prudencio (50 m),M,,,
50 Libre,"CANTERO RISQUE, Danel",2002,CN Menditxo,25.97,2026-04-18,Trofeo San Prudencio (50 m),M,,,
50 Libre,"DIAZ DE BERRIKANO BUESA, Xabier",2009,CN Judizmendi,30.13,2026-04-18,Trofeo San Prudencio (50 m),M,,,
50 Libre,"DIAZ DE OTAZU ORAA, Urtzi",2009,CN Zadorra,33.50,2026-04-18,Trofeo San Prudencio (50 m),M,,,
50 Libre,"ESPEJO MARTIN, Markel",2009,CN Judizmendi,26.89,2026-04-18,Trofeo San Prudencio (50 m),M,,,
50 Libre,"FERNANDEZ DE RETANA PALMA, Ieltxu",2006,CN Urgain,28.18,2026-04-18,Trofeo San Prudencio (50 m),M,,,
50 Libre,"FERNANDEZ HUARTE, Asier",2007,CN Menditxo,23.91,2026-04-18,Trofeo San Prudencio (50 m),M,,,
50 Libre,"FZ RETANA GZ HEREDIA, Oier",2009,CN Judizmendi,28.04,2026-04-18,Trofeo San Prudencio (50 m),M,,,
50 Libre,"GARCIA LUKE, Unai",2010,CN Judizmendi,26.99,2026-04-18,Trofeo San Prudencio (50 m),M,,,
50 Libre,"GONZALEZ BERNARDO, Aimar",2009,CN Menditxo,28.16,2026-04-18,Trofeo San Prudencio (50 m),M,,,
50 Libre,"HERNANDEZ CAÑO, Gonzalo",2010,CN Judizmendi,29.39,2026-04-18,Trofeo San Prudencio (50 m),M,,,
50 Libre,"HERVIAS FERNANDEZ, Saul",1999,CN Menditxo,25.82,2026-04-18,Trofeo San Prudencio (50 m),M,,,
50 Libre,"HORNAS GONZALEZ, Gorka",2008,CN Menditxo,27.49,2026-04-18,Trofeo San Prudencio (50 m),M,,,
50 Libre,"LIZARDUY CASTILLO, Sergio",2006,CN Menditxo,23.95,2026-04-18,Trofeo San Prudencio (50 m),M,,,
50 Libre,"LOPEZ DE OCARIZ DE ALAVA, Sergio",2009,CN Judizmendi,25.08,2026-04-18,Trofeo San Prudencio (50 m),M,,,
50 Libre,"MARIMON ANZOLA, Aritz",2005,CN Judizmendi,25.49,2026-04-18,Trofeo San Prudencio (50 m),M,,,
50 Libre,"MENESES ARRIZABALAGA, Xabier",2003,CN Judizmendi,27.35,2026-04-18,Trofeo San Prudencio (50 m),M,,,
50 Libre,"PEÑA BARCENA, Alvaro",2009,CN Menditxo,26.53,2026-04-18,Trofeo San Prudencio (50 m),M,,,
50 Libre,"PUERTAS RIVAS, Urtzi",2010,CN Judizmendi,26.71,2026-04-18,Trofeo San Prudencio (50 m),M,,,
50 Libre,"RODRIGUEZ LÓPEZ DE VICUÑA, Jokin",2010,CN Judizmendi,28.21,2026-04-18,Trofeo San Prudencio (50 m),M,,,
50 Libre,"SAINZ MONGE, Iker",2009,CN Menditxo,28.86,2026-04-18,Trofeo San Prudencio (50 m),M,,,
50 Libre,"URIARTE MARQUEZ, Bruno",2010,CN Menditxo,28.29,2026-04-18,Trofeo San Prudencio (50 m),M,,,
50 Libre,"URIARTE ORTIZ DE MENDIVIL, Galder",2010,CN Judizmendi,27.99,2026-04-18,Trofeo San Prudencio (50 m),M,,,
50 Libre,"ZUGAZAGA GARAGALZA, Urko",2005,CN Judizmendi,25.78,2026-04-18,Trofeo San Prudencio (50 m),M,,,
50 Mariposa,"ANDRES HERNANDO, Nahia",2010,CN Judizmendi,35.72,2026-04-18,Trofeo San Prudencio (50 m),F,,,
50 Mariposa,"CAUBILLA MARTIN, Eider",2008,CN Menditxo,31.97,2026-04-18,Trofeo San Prudencio (50 m),F,,,
50 Mariposa,"CIRRE MARTINEZ DE ALBENIZ, Irati",2010,CN Zadorra,34.92,2026-04-18,Trofeo San Prudencio (50 m),F,,,
50 Mariposa,"DIAZ DE CERIO ABASOLO, Laida",2009,CN Judizmendi,30.95,2026-04-18,Trofeo San Prudencio (50 m),F,,,
50 Mariposa,"FERNANDEZ NISO, June",2010,CN Judizmendi,34.06,2026-04-18,Trofeo San Prudencio (50 m),F,,,
50 Mariposa,"GUZMAN BREDA, Uxue",2010,CN Judizmendi,33.79,2026-04-18,Trofeo San Prudencio (50 m),F,,,
50 Mariposa,"LOPEZ DE JUAN ABAD, Carla",2009,CN Menditxo,32.68,2026-04-18,Trofeo San Prudencio (50 m),F,,,
50 Mariposa,"SANCHEZ VICENTE, Nagore",2008,CN Zadorra,42.53,2026-04-18,Trofeo San Prudencio (50 m),F,,,
50 Mariposa,"DIAZ DE OTAZU ORAA, Urtzi",2009,CN Zadorra,35.19,2026-04-18,Trofeo San Prudencio (50 m),M,,,
50 Mariposa,"ESPEJO MARTIN, Pablo",2005,CN Judizmendi,26.47,2026-04-18,Trofeo San Prudencio (50 m),M,,,
50 Mariposa,"FERNANDEZ DE RETANA PALMA, Ieltxu",2006,CN Urgain,32.78,2026-04-18,Trofeo San Prudencio (50 m),M,,,
50 Mariposa,"JAUSORO GONZALEZ, Martin",2006,CN Urgain,32.40,2026-04-18,Trofeo San Prudencio (50 m),M,,,
50 Mariposa,"MARIMON ANZOLA, Aritz",2005,CN Judizmendi,26.13,2026-04-18,Trofeo San Prudencio (50 m),M,,,
50 Mariposa,"MONTORO RAMIREZ, Angel",2010,CN Menditxo,32.21,2026-04-18,Trofeo San Prudencio (50 m),M,,,
50 Mariposa,"NANCLARES IBARGUTXI, Xabier",2003,CN Judizmendi,27.94,2026-04-18,Trofeo San Prudencio (50 m),M,,,
50 Mariposa,"PEÑA BARCENA, Alvaro",2009,CN Menditxo,27.48,2026-04-18,Trofeo San Prudencio (50 m),M,,,
50 Mariposa,"URIARTE MARQUEZ, Bruno",2010,CN Menditxo,31.58,2026-04-18,Trofeo San Prudencio (50 m),M,,,
50 Mariposa,"ZUGAZAGA GARAGALZA, Urko",2005,CN Judizmendi,28.11,2026-04-18,Trofeo San Prudencio (50 m),M,,,
800 Libre,"CASTELLANO LOPEZ, Maialen",2006,CN Menditxo,10:00.99,2026-04-18,Trofeo San Prudencio (50 m),F,;1:10.64;;1:14.45;;1:15.37;;1:16.49;;1:15.81;;1:16.81;;1:17.32;;1:14.10,,
800 Libre,"LIZARDUY CASTILLO, Iris",2008,CN Menditxo,10:01.29,2026-04-18,Trofeo San Prudencio (50 m),F,;1:09.76;;1:14.23;;1:15.41;;1:16.83;;1:16.45;;1:17.49;;1:16.94;;1:14.18,,
800 Libre,"RUIZ GARITANO, Izaro",2008,CN Menditxo,10:20.78,2026-04-18,Trofeo San Prudencio (50 m),F,;1:12.62;;1:17.01;;1:17.38;;1:18.55;;1:17.27;;1:18.59;;1:19.53;;1:19.83,,
800 Libre,"HERNANDEZ CAÑO, Gonzalo",2010,CN Judizmendi,9:48.97,2026-04-18,Trofeo San Prudencio (50 m),M,;1:08.05;;1:13.26;;1:13.62;;1:14.97;;1:15.57;;1:14.56;;1:15.57;;1:13.37,,
800 Libre,"HERVIAS FERNANDEZ, Saul",1999,CN Menditxo,9:12.35,2026-04-18,Trofeo San Prudencio (50 m),M,;1:04.77;;1:10.00;;1:10.47;;1:10.60;;1:10.26;;1:10.39;;1:09.49;;1:06.37,,
800 Libre,"MONTORO RAMIREZ, Angel",2010,CN Menditxo,10:36.45,2026-04-18,Trofeo San Prudencio (50 m),M,;1:14.22;;1:19.69;;1:20.72;;1:20.43;;1:21.19;;1:20.65;;1:21.32;;1:18.23,,
800 Libre,"MZ DE SAN VICENTE LLANA, Markel",2009,CN Judizmendi,10:11.74,2026-04-18,Trofeo San Prudencio (50 m),M,;1:12.47;;1:17.32;;1:18.09;;1:17.96;;1:17.45;;1:16.92;;1:16.50;;1:15.03,,
100 Braza,"AGUIRREGOMEZCORTA ALIAS, Johana",2007,CN Menditxo,1:29.16,2026-05-09,Nadador Completo,F,41.81;47.35,,
100 Braza,"BIDAURRATZAGA CHASCO, Sara",2010,CN Judizmendi,1:39.56,2026-05-09,Nadador Completo,F,47.67;51.89,,
100 Braza,"CASTELLANO LOPEZ, Maialen",2006,CN Menditxo,1:21.43,2026-05-09,Nadador Completo,F,38.24;43.19,,
100 Braza,"CAUBILLA MARTIN, Eider",2008,CN Menditxo,1:20.94,2026-05-09,Nadador Completo,F,37.54;43.40,,
100 Braza,"CIRRE MARTINEZ DE ALBENIZ, Irati",2010,CN Zadorra,1:34.50,2026-05-09,Nadador Completo,F,43.95;50.55,,
100 Braza,"DIAZ DE CERIO ABASOLO, Laida",2009,CN Judizmendi,1:19.22,2026-05-09,Nadador Completo,F,36.82;42.40,,
100 Braza,"FERNANDEZ NISO, June",2010,CN Judizmendi,1:33.00,2026-05-09,Nadador Completo,F,44.55;48.45,,
100 Braza,"GONZALEZ ANGULO, Olatz",2008,CN Zadorra,1:31.62,2026-05-09,Nadador Completo,F,41.64;49.98,,
100 Braza,"GOTXIKOA TORRECILLA, Ainhoa",2005,CN Menditxo,1:11.57,2026-05-09,Nadador Completo,F,33.19;38.38,,
100 Braza,"GUZMAN BREDA, Uxue",2010,CN Judizmendi,1:30.55,2026-05-09,Nadador Completo,F,43.11;47.44,,
100 Braza,"LIZARDUY CASTILLO, Iris",2008,CN Menditxo,1:12.99,2026-05-09,Nadador Completo,F,34.41;38.58,,
100 Braza,"LZ LUZURIAGA FZ RETANA, Maddi",2010,CN Judizmendi,1:25.72,2026-05-09,Nadador Completo,F,40.93;44.79,,
100 Braza,"MARTINEZ PRADO, Cielo",2010,CN Judizmendi,1:33.73,2026-05-09,Nadador Completo,F,44.82;48.91,,
100 Braza,"MONDEJAR MOYA, Ekine",2007,CN Menditxo,1:09.62,2026-05-09,Nadador Completo,F,32.71;36.91,,
100 Braza,"RODRIGUEZ DE YURRE BUESA, Amaia",2010,CN Judizmendi,1:19.10,2026-05-09,Nadador Completo,F,37.56;41.54,,
100 Braza,"RUIZ GARITANO, Izaro",2008,CN Menditxo,1:20.25,2026-05-09,Nadador Completo,F,38.86;41.39,,
100 Braza,"ARBERAS URQUIJO, Martin",2006,CI Laudio,1:16.18,2026-05-09,Nadador Completo,M,36.23;39.95,,
100 Braza,"CONDE GARCIA, Aingeru",2010,CN Menditxo,1:31.35,2026-05-09,Nadador Completo,M,44.06;47.29,,
100 Braza,"DIAZ DE BERRIKANO BUESA, Xabier",2009,CN Judizmendi,1:16.32,2026-05-09,Nadador Completo,M,36.59;39.73,,
100 Braza,"DIAZ DE OTAZU ORAA, Urtzi",2009,CN Zadorra,1:46.60,2026-05-09,Nadador Completo,M,49.07;57.53,,
100 Braza,"ESPEJO MARTIN, Markel",2009,CN Judizmendi,1:14.87,2026-05-09,Nadador Completo,M,35.49;39.38,,
100 Braza,"ESPEJO MARTIN, Pablo",2005,CN Judizmendi,1:03.63,2026-05-09,Nadador Completo,M,29.79;33.84,,
100 Braza,"FERNANDEZ HUARTE, Asier",2007,CN Menditxo,1:11.72,2026-05-09,Nadador Completo,M,33.58;38.14,,
100 Braza,"FZ RETANA GZ HEREDIA, Oier",2009,CN Judizmendi,1:22.41,2026-05-09,Nadador Completo,M,38.34;44.07,,
100 Braza,"GARCIA DE LOMANA VESGA, Nacho",2010,CN Menditxo,1:14.51,2026-05-09,Nadador Completo,M,35.08;39.43,,
100 Braza,"GARCIA LUKE, Unai",2010,CN Judizmendi,1:12.29,2026-05-09,Nadador Completo,M,33.79;38.50,,
100 Braza,"GOMEZ ANGULO, Eder",2010,CN Urgain,1:34.60,2026-05-09,Nadador Completo,M,42.99;51.61,,
100 Braza,"HERNANDEZ CAÑO, Gonzalo",2010,CN Judizmendi,1:15.19,2026-05-09,Nadador Completo,M,35.61;39.58,,
100 Braza,"HERVIAS FERNANDEZ, Saul",1999,CN Menditxo,1:08.24,2026-05-09,Nadador Completo,M,32.49;35.75,,
100 Braza,"HORNAS GONZALEZ, Gorka",2008,CN Menditxo,1:16.01,2026-05-09,Nadador Completo,M,35.38;40.63,,
100 Braza,"LIZARDUY CASTILLO, Sergio",2006,CN Menditxo,1:09.54,2026-05-09,Nadador Completo,M,32.80;36.74,,
100 Braza,"LOPEZ DE OCARIZ DE ALAVA, Sergio",2009,CN Judizmendi,1:02.68,2026-05-09,Nadador Completo,M,29.49;33.19,,
100 Braza,"MONTORO RAMIREZ, Angel",2010,CN Menditxo,1:20.54,2026-05-09,Nadador Completo,M,37.91;42.63,,
100 Braza,"OZAETA URQUIJO, Jon",2006,CI Laudio,1:25.49,2026-05-09,Nadador Completo,M,39.06;46.43,,
100 Braza,"PEÑA BARCENA, Alvaro",2009,CN Menditxo,1:16.23,2026-05-09,Nadador Completo,M,35.95;40.28,,
100 Braza,"PUERTAS RIVAS, Urtzi",2010,CN Judizmendi,1:10.94,2026-05-09,Nadador Completo,M,33.29;37.65,,
100 Braza,"RODRIGUEZ LÓPEZ DE VICUÑA, Jokin",2010,CN Judizmendi,1:21.23,2026-05-09,Nadador Completo,M,38.22;43.01,,
100 Braza,"SAINZ MONGE, Iker",2009,CN Menditxo,1:21.91,2026-05-09,Nadador Completo,M,38.13;43.78,,
100 Braza,"URIARTE MARQUEZ, Bruno",2010,CN Menditxo,1:27.70,2026-05-09,Nadador Completo,M,40.77;46.93,,
100 Braza,"URIARTE ORTIZ DE MENDIVIL, Galder",2010,CN Judizmendi,1:17.16,2026-05-09,Nadador Completo,M,36.80;40.36,,
100 Braza,"ZUGAZAGA GARAGALZA, Urko",2005,CN Judizmendi,1:14.04,2026-05-09,Nadador Completo,M,35.31;38.73,,
100 Espalda,"AGUIRREGOMEZCORTA ALIAS, Johana",2007,CN Menditxo,1:15.40,2026-05-09,Nadador Completo,F,37.00;38.40,,
100 Espalda,"BIDAURRATZAGA CHASCO, Sara",2010,CN Judizmendi,1:27.19,2026-05-09,Nadador Completo,F,43.00;44.19,,
100 Espalda,"CASTELLANO LOPEZ, Maialen",2006,CN Menditxo,1:10.85,2026-05-09,Nadador Completo,F,34.31;36.54,,
100 Espalda,"CIRRE MARTINEZ DE ALBENIZ, Irati",2010,CN Zadorra,1:30.14,2026-05-09,Nadador Completo,F,43.77;46.37,,
100 Espalda,"FERNANDEZ JORGE, Eider",2008,CN Menditxo,1:11.96,2026-05-09,Nadador Completo,F,34.98;36.98,,
100 Espalda,"FERNANDEZ NISO, June",2010,CN Judizmendi,1:18.44,2026-05-09,Nadador Completo,F,38.28;40.16,,
100 Espalda,"GONZALEZ ANGULO, Olatz",2008,CN Zadorra,1:16.77,2026-05-09,Nadador Completo,F,37.16;39.61,,
100 Espalda,"GOTXIKOA TORRECILLA, Ainhoa",2005,CN Menditxo,1:10.12,2026-05-09,Nadador Completo,F,34.48;35.64,,
100 Espalda,"GUZMAN BREDA, Uxue",2010,CN Judizmendi,1:13.13,2026-05-09,Nadador Completo,F,35.69;37.44,,
100 Espalda,"LZ LUZURIAGA FZ RETANA, Maddi",2010,CN Judizmendi,1:11.34,2026-05-09,Nadador Completo,F,35.11;36.23,,
100 Espalda,"MARTINEZ PRADO, Cielo",2010,CN Judizmendi,1:20.39,2026-05-09,Nadador Completo,F,38.94;41.45,,
100 Espalda,"MONDEJAR MOYA, Ekine",2007,CN Menditxo,1:02.47,2026-05-09,Nadador Completo,F,30.60;31.87,,
100 Espalda,"RODRIGUEZ DE YURRE BUESA, Amaia",2010,CN Judizmendi,1:19.25,2026-05-09,Nadador Completo,F,38.64;40.61,,
100 Espalda,"RUIZ GARITANO, Izaro",2008,CN Menditxo,1:11.40,2026-05-09,Nadador Completo,F,34.89;36.51,,
100 Espalda,"ARBERAS URQUIJO, Martin",2006,CI Laudio,1:08.63,2026-05-09,Nadador Completo,M,32.37;36.26,,
100 Espalda,"BASABEA OLABE, Oinatz",2010,CN Judizmendi,1:14.15,2026-05-09,Nadador Completo,M,36.21;37.94,,
100 Espalda,"DIAZ DE OTAZU ORAA, Urtzi",2009,CN Zadorra,1:45.55,2026-05-09,Nadador Completo,M,50.12;55.43,,
100 Espalda,"ESPEJO MARTIN, Markel",2009,CN Judizmendi,1:01.68,2026-05-09,Nadador Completo,M,30.08;31.60,,
100 Espalda,"FERNANDEZ HUARTE, Asier",2007,CN Menditxo,1:01.24,2026-05-09,Nadador Completo,M,29.76;31.48,,
100 Espalda,"FZ RETANA GZ HEREDIA, Oier",2009,CN Judizmendi,1:10.60,2026-05-09,Nadador Completo,M,34.23;36.37,,
100 Espalda,"GARCIA DE LOMANA VESGA, Nacho",2010,CN Menditxo,1:00.56,2026-05-09,Nadador Completo,M,29.73;30.83,,
100 Espalda,"GARCIA LUKE, Unai",2010,CN Judizmendi,1:10.86,2026-05-09,Nadador Completo,M,34.37;36.49,,
100 Espalda,"HERNANDEZ CAÑO, Gonzalo",2010,CN Judizmendi,1:07.60,2026-05-09,Nadador Completo,M,33.16;34.44,,
100 Espalda,"HERVIAS FERNANDEZ, Saul",1999,CN Menditxo,59.71,2026-05-09,Nadador Completo,M,29.03;30.68,,
100 Espalda,"HORNAS GONZALEZ, Gorka",2008,CN Menditxo,1:15.37,2026-05-09,Nadador Completo,M,37.07;38.30,,
100 Espalda,"LIZARDUY CASTILLO, Sergio",2006,CN Menditxo,1:00.45,2026-05-09,Nadador Completo,M,29.68;30.77,,
100 Espalda,"LOPEZ DE OCARIZ DE ALAVA, Sergio",2009,CN Judizmendi,57.24,2026-05-09,Nadador Completo,M,27.98;29.26,,
100 Espalda,"LOPEZ DE SABANDO GONZALEZ, Uztaritz",2006,CN Menditxo,1:02.22,2026-05-09,Nadador Completo,M,30.04;32.18,,
100 Espalda,"MONTORO RAMIREZ, Angel",2010,CN Menditxo,1:11.92,2026-05-09,Nadador Completo,M,34.87;37.05,,
100 Espalda,"OZAETA URQUIJO, Jon",2006,CI Laudio,1:15.72,2026-05-09,Nadador Completo,M,36.97;38.75,,
100 Espalda,"PEÑA BARCENA, Alvaro",2009,CN Menditxo,1:03.85,2026-05-09,Nadador Completo,M,30.11;33.74,,
100 Espalda,"PUERTAS RIVAS, Urtzi",2010,CN Judizmendi,1:01.46,2026-05-09,Nadador Completo,M,29.87;31.59,,
100 Espalda,"RODRIGUEZ LÓPEZ DE VICUÑA, Jokin",2010,CN Judizmendi,1:11.24,2026-05-09,Nadador Completo,M,34.99;36.25,,
100 Espalda,"SAINZ MONGE, Iker",2009,CN Menditxo,1:13.19,2026-05-09,Nadador Completo,M,35.69;37.50,,
100 Espalda,"URIARTE MARQUEZ, Bruno",2010,CN Menditxo,1:11.74,2026-05-09,Nadador Completo,M,34.89;36.85,,
100 Espalda,"URIARTE ORTIZ DE MENDIVIL, Galder",2010,CN Judizmendi,1:06.80,2026-05-09,Nadador Completo,M,32.60;34.20,,
100 Espalda,"ZUGAZAGA GARAGALZA, Urko",2005,CN Judizmendi,1:04.34,2026-05-09,Nadador Completo,M,30.94;33.40,,
100 Libre,"AGUIRREGOMEZCORTA ALIAS, Johana",2007,CN Menditxo,1:04.38,2026-05-09,Nadador Completo,F,31.34;33.04,,
100 Libre,"ANDRES HERNANDO, Nahia",2010,CN Judizmendi,1:10.89,2026-05-09,Nadador Completo,F,34.15;36.74,,
100 Libre,"BIDAURRATZAGA CHASCO, Sara",2010,CN Judizmendi,1:20.34,2026-05-09,Nadador Completo,F,39.16;41.18,,
100 Libre,"CASTELLANO LOPEZ, Maialen",2006,CN Menditxo,1:05.18,2026-05-09,Nadador Completo,F,30.90;34.28,,
100 Libre,"CAUBILLA MARTIN, Eider",2008,CN Menditxo,1:06.49,2026-05-09,Nadador Completo,F,31.94;34.55,,
100 Libre,"CIRRE MARTINEZ DE ALBENIZ, Irati",2010,CN Zadorra,1:11.08,2026-05-09,Nadador Completo,F,34.49;36.59,,
100 Libre,"DIAZ DE CERIO ABASOLO, Laida",2009,CN Judizmendi,1:04.07,2026-05-09,Nadador Completo,F,30.73;33.34,,
100 Libre,"FERNANDEZ NISO, June",2010,CN Judizmendi,1:08.01,2026-05-09,Nadador Completo,F,32.75;35.26,,
100 Libre,"GONZALEZ ANGULO, Olatz",2008,CN Zadorra,1:10.39,2026-05-09,Nadador Completo,F,33.64;36.75,,
100 Libre,"GOTXIKOA TORRECILLA, Ainhoa",2005,CN Menditxo,1:00.79,2026-05-09,Nadador Completo,F,29.46;31.33,,
100 Libre,"GUZMAN BREDA, Uxue",2010,CN Judizmendi,1:06.08,2026-05-09,Nadador Completo,F,31.97;34.11,,
100 Libre,"LIZARDUY CASTILLO, Iris",2008,CN Menditxo,59.86,2026-05-09,Nadador Completo,F,28.74;31.12,,
100 Libre,"LZ LUZURIAGA FZ RETANA, Maddi",2010,CN Judizmendi,1:06.85,2026-05-09,Nadador Completo,F,31.83;35.02,,
100 Libre,"MARTINEZ PRADO, Cielo",2010,CN Judizmendi,1:12.26,2026-05-09,Nadador Completo,F,35.27;36.99,,
100 Libre,"MONDEJAR MOYA, Ekine",2007,CN Menditxo,57.14,2026-05-09,Nadador Completo,F,27.21;29.93,,
100 Libre,"RODRIGUEZ DE YURRE BUESA, Amaia",2010,CN Judizmendi,1:02.97,2026-05-09,Nadador Completo,F,30.97;32.00,,
100 Libre,"RUIZ GARITANO, Izaro",2008,CN Menditxo,1:02.76,2026-05-09,Nadador Completo,F,30.60;32.16,,
100 Libre,"ARBERAS URQUIJO, Martin",2006,CI Laudio,56.15,2026-05-09,Nadador Completo,M,26.64;29.51,,
100 Libre,"CONDE GARCIA, Aingeru",2010,CN Menditxo,1:15.50,2026-05-09,Nadador Completo,M,36.31;39.19,,
100 Libre,"DIAZ DE BERRIKANO BUESA, Xabier",2009,CN Judizmendi,1:04.33,2026-05-09,Nadador Completo,M,30.56;33.77,,
100 Libre,"DIAZ DE OTAZU ORAA, Urtzi",2009,CN Zadorra,1:13.64,2026-05-09,Nadador Completo,M,34.47;39.17,,
100 Libre,"ESPEJO MARTIN, Markel",2009,CN Judizmendi,57.30,2026-05-09,Nadador Completo,M,27.14;30.16,,
100 Libre,"ESPEJO MARTIN, Pablo",2005,CN Judizmendi,56.37,2026-05-09,Nadador Completo,M,27.34;29.03,,
100 Libre,"FERNANDEZ HUARTE, Asier",2007,CN Menditxo,52.77,2026-05-09,Nadador Completo,M,25.29;27.48,,
100 Libre,"FZ RETANA GZ HEREDIA, Oier",2009,CN Judizmendi,1:00.45,2026-05-09,Nadador Completo,M,29.47;30.98,,
100 Libre,"GARCIA DE LOMANA VESGA, Nacho",2010,CN Menditxo,55.33,2026-05-09,Nadador Completo,M,26.58;28.75,,
100 Libre,"GARCIA LUKE, Unai",2010,CN Judizmendi,57.83,2026-05-09,Nadador Completo,M,27.53;30.30,,
100 Libre,"GOMEZ ANGULO, Eder",2010,CN Urgain,1:06.53,2026-05-09,Nadador Completo,M,31.94;34.59,,
100 Libre,"HERNANDEZ CAÑO, Gonzalo",2010,CN Judizmendi,1:00.98,2026-05-09,Nadador Completo,M,29.21;31.77,,
100 Libre,"HERVIAS FERNANDEZ, Saul",1999,CN Menditxo,54.42,2026-05-09,Nadador Completo,M,26.17;28.25,,
100 Libre,"HORNAS GONZALEZ, Gorka",2008,CN Menditxo,1:03.04,2026-05-09,Nadador Completo,M,29.92;33.12,,
100 Libre,"LIZARDUY CASTILLO, Sergio",2006,CN Menditxo,52.74,2026-05-09,Nadador Completo,M,25.59;27.15,,
100 Libre,"LOPEZ DE OCARIZ DE ALAVA, Sergio",2009,CN Judizmendi,52.06,2026-05-09,Nadador Completo,M,25.28;26.78,,
100 Libre,"MONTORO RAMIREZ, Angel",2010,CN Menditxo,1:02.13,2026-05-09,Nadador Completo,M,29.52;32.61,,
100 Libre,"OZAETA URQUIJO, Jon",2006,CI Laudio,1:04.88,2026-05-09,Nadador Completo,M,31.24;33.64,,
100 Libre,"PEÑA BARCENA, Alvaro",2009,CN Menditxo,56.56,2026-05-09,Nadador Completo,M,26.90;29.66,,
100 Libre,"PUERTAS RIVAS, Urtzi",2010,CN Judizmendi,56.58,2026-05-09,Nadador Completo,M,27.18;29.40,,
100 Libre,"RODRIGUEZ LÓPEZ DE VICUÑA, Jokin",2010,CN Judizmendi,59.28,2026-05-09,Nadador Completo,M,28.46;30.82,,
100 Libre,"SAINZ MONGE, Iker",2009,CN Menditxo,1:04.24,2026-05-09,Nadador Completo,M,30.12;34.12,,
100 Libre,"URIARTE MARQUEZ, Bruno",2010,CN Menditxo,1:01.23,2026-05-09,Nadador Completo,M,29.38;31.85,,
100 Libre,"URIARTE ORTIZ DE MENDIVIL, Galder",2010,CN Judizmendi,59.34,2026-05-09,Nadador Completo,M,28.63;30.71,,
100 Libre,"ZUGAZAGA GARAGALZA, Urko",2005,CN Judizmendi,53.19,2026-05-09,Nadador Completo,M,25.96;27.23,,
100 Mariposa,"AGUIRREGOMEZCORTA ALIAS, Johana",2007,CN Menditxo,1:12.11,2026-05-09,Nadador Completo,F,33.38;38.73,,
100 Mariposa,"BIDAURRATZAGA CHASCO, Sara",2010,CN Judizmendi,1:38.91,2026-05-09,Nadador Completo,F,44.31;54.60,,
100 Mariposa,"CASTELLANO LOPEZ, Maialen",2006,CN Menditxo,1:07.49,2026-05-09,Nadador Completo,F,31.17;36.32,,
100 Mariposa,"CIRRE MARTINEZ DE ALBENIZ, Irati",2010,CN Zadorra,1:19.83,2026-05-09,Nadador Completo,F,38.20;41.63,,
100 Mariposa,"FERNANDEZ JORGE, Eider",2008,CN Menditxo,1:11.36,2026-05-09,Nadador Completo,F,33.17;38.19,,
100 Mariposa,"FERNANDEZ NISO, June",2010,CN Judizmendi,1:21.92,2026-05-09,Nadador Completo,F,36.03;45.89,,
100 Mariposa,"GONZALEZ ANGULO, Olatz",2008,CN Zadorra,1:20.33,2026-05-09,Nadador Completo,F,37.39;42.94,,
100 Mariposa,"GOTXIKOA TORRECILLA, Ainhoa",2005,CN Menditxo,1:05.73,2026-05-09,Nadador Completo,F,29.88;35.85,,
100 Mariposa,"LIZARDUY CASTILLO, Iris",2008,CN Menditxo,1:03.27,2026-05-09,Nadador Completo,F,29.16;34.11,,
100 Mariposa,"LZ LUZURIAGA FZ RETANA, Maddi",2010,CN Judizmendi,1:17.94,2026-05-09,Nadador Completo,F,35.28;42.66,,
100 Mariposa,"MARTINEZ PRADO, Cielo",2010,CN Judizmendi,1:20.39,2026-05-09,Nadador Completo,F,37.29;43.10,,
100 Mariposa,"MONDEJAR MOYA, Ekine",2007,CN Menditxo,1:01.39,2026-05-09,Nadador Completo,F,28.08;33.31,,
100 Mariposa,"RODRIGUEZ DE YURRE BUESA, Amaia",2010,CN Judizmendi,1:12.49,2026-05-09,Nadador Completo,F,33.33;39.16,,
100 Mariposa,"RUIZ GARITANO, Izaro",2008,CN Menditxo,1:08.98,2026-05-09,Nadador Completo,F,32.32;36.66,,
100 Mariposa,"ARBERAS URQUIJO, Martin",2006,CI Laudio,1:04.17,2026-05-09,Nadador Completo,M,28.84;35.33,,
100 Mariposa,"BASABEA OLABE, Oinatz",2010,CN Judizmendi,1:18.07,2026-05-09,Nadador Completo,M,34.53;43.54,,
100 Mariposa,"DIAZ DE OTAZU ORAA, Urtzi",2009,CN Zadorra,1:31.88,2026-05-09,Nadador Completo,M,39.45;52.43,,
100 Mariposa,"ESPEJO MARTIN, Markel",2009,CN Judizmendi,1:03.45,2026-05-09,Nadador Completo,M,29.20;34.25,,
100 Mariposa,"FERNANDEZ HUARTE, Asier",2007,CN Menditxo,1:01.80,2026-05-09,Nadador Completo,M,28.23;33.57,,
100 Mariposa,"FZ RETANA GZ HEREDIA, Oier",2009,CN Judizmendi,1:07.40,2026-05-09,Nadador Completo,M,31.71;35.69,,
100 Mariposa,"GARCIA DE LOMANA VESGA, Nacho",2010,CN Menditxo,1:02.77,2026-05-09,Nadador Completo,M,28.95;33.82,,
100 Mariposa,"GARCIA LUKE, Unai",2010,CN Judizmendi,1:07.30,2026-05-09,Nadador Completo,M,,,
100 Mariposa,"GOMEZ ANGULO, Eder",2010,CN Urgain,1:26.80,2026-05-09,Nadador Completo,M,37.47;49.33,,
100 Mariposa,"HERNANDEZ CAÑO, Gonzalo",2010,CN Judizmendi,1:14.21,2026-05-09,Nadador Completo,M,,,
100 Mariposa,"HERVIAS FERNANDEZ, Saul",1999,CN Menditxo,58.47,2026-05-09,Nadador Completo,M,27.46;31.01,,
100 Mariposa,"HORNAS GONZALEZ, Gorka",2008,CN Menditxo,1:11.37,2026-05-09,Nadador Completo,M,31.76;39.61,,
100 Mariposa,"LIZARDUY CASTILLO, Sergio",2006,CN Menditxo,55.59,2026-05-09,Nadador Completo,M,25.93;29.66,,
100 Mariposa,"LOPEZ DE OCARIZ DE ALAVA, Sergio",2009,CN Judizmendi,57.61,2026-05-09,Nadador Completo,M,26.61;31.00,,
100 Mariposa,"LOPEZ DE SABANDO GONZALEZ, Uztaritz",2006,CN Menditxo,1:01.41,2026-05-09,Nadador Completo,M,28.02;33.39,,
100 Mariposa,"MONTORO RAMIREZ, Angel",2010,CN Menditxo,1:12.26,2026-05-09,Nadador Completo,M,32.43;39.83,,
100 Mariposa,"OZAETA URQUIJO, Jon",2006,CI Laudio,1:35.41,2026-05-09,Nadador Completo,M,,,
100 Mariposa,"PEÑA BARCENA, Alvaro",2009,CN Menditxo,1:00.90,2026-05-09,Nadador Completo,M,28.46;32.44,,
100 Mariposa,"PUERTAS RIVAS, Urtzi",2010,CN Judizmendi,1:01.62,2026-05-09,Nadador Completo,M,28.27;33.35,,
100 Mariposa,"RODRIGUEZ LÓPEZ DE VICUÑA, Jokin",2010,CN Judizmendi,1:10.39,2026-05-09,Nadador Completo,M,32.59;37.80,,
100 Mariposa,"SAINZ MONGE, Iker",2009,CN Menditxo,1:10.14,2026-05-09,Nadador Completo,M,31.27;38.87,,
100 Mariposa,"URIARTE MARQUEZ, Bruno",2010,CN Menditxo,1:11.39,2026-05-09,Nadador Completo,M,33.03;38.36,,
100 Mariposa,"URIARTE ORTIZ DE MENDIVIL, Galder",2010,CN Judizmendi,1:03.74,2026-05-09,Nadador Completo,M,29.50;34.24,,
100 Mariposa,"ZUGAZAGA GARAGALZA, Urko",2005,CN Judizmendi,1:03.97,2026-05-09,Nadador Completo,M,29.54;34.43,,
50 Braza,"DELGADO LOPO, Aizane",2006,CN Urgain,43.36,2026-05-09,Nadador Completo,F,,,
50 Braza,"GAISAN PEREZ, Leire",2003,CN Menditxo,45.60,2026-05-09,Nadador Completo,F,,,
50 Braza,"RUIZ OLALLA MARQUEZ, Vera",2007,CN Urgain,48.46,2026-05-09,Nadador Completo,F,,,
50 Braza,"SALAZAR ORTIZ DE URBINA, Haizea",2006,CN Urgain,42.04,2026-05-09,Nadador Completo,F,,,
50 Braza,"ALBIZU LOPEZ DE GUEREÑU, Ruben",2005,CN Zadorra,37.40,2026-05-09,Nadador Completo,M,,,
50 Braza,"CANTERO RISQUE, Danel",2002,CN Menditxo,31.96,2026-05-09,Nadador Completo,M,,,
50 Braza,"GIL ALONSO, Jon",1990,CN Urgain,35.17,2026-05-09,Nadador Completo,M,,,
50 Braza,"RITUERTO PEREZ DEL NOTARIO, Iker",2007,CN Menditxo,30.03,2026-05-09,Nadador Completo,M,,,
50 Braza,"VALDERRAMA MARTIN, Oscar",2000,CN Judizmendi,49.05,2026-05-09,Nadador Completo,M,,,
50 Espalda,"DELGADO LOPO, Aizane",2006,CN Urgain,41.32,2026-05-09,Nadador Completo,F,,,
50 Espalda,"GAISAN PEREZ, Leire",2003,CN Menditxo,39.76,2026-05-09,Nadador Completo,F,,,
50 Espalda,"PORTILLA GONZALEZ, Maria",1992,CN Urgain,41.34,2026-05-09,Nadador Completo,F,,,
50 Espalda,"RUIZ OLALLA MARQUEZ, Vera",2007,CN Urgain,40.92,2026-05-09,Nadador Completo,F,,,
50 Espalda,"SALAZAR ORTIZ DE URBINA, Haizea",2006,CN Urgain,37.75,2026-05-09,Nadador Completo,F,,,
50 Espalda,"ALBIZU LOPEZ DE GUEREÑU, Ruben",2005,CN Zadorra,33.09,2026-05-09,Nadador Completo,M,,,
50 Espalda,"CANTERO RISQUE, Danel",2002,CN Menditxo,29.30,2026-05-09,Nadador Completo,M,,,
50 Espalda,"FERNANDEZ DE RETANA PALMA, Ieltxu",2006,CN Urgain,33.72,2026-05-09,Nadador Completo,M,,,
50 Espalda,"GIL ALONSO, Jon",1990,CN Urgain,30.69,2026-05-09,Nadador Completo,M,,,
50 Espalda,"MENESES ARRIZABALAGA, Xabier",2003,CN Judizmendi,29.73,2026-05-09,Nadador Completo,M,,,
50 Espalda,"RITUERTO PEREZ DEL NOTARIO, Iker",2007,CN Menditxo,29.39,2026-05-09,Nadador Completo,M,,,
50 Espalda,"VALDERRAMA MARTIN, Oscar",2000,CN Judizmendi,47.59,2026-05-09,Nadador Completo,M,,,
50 Libre,"DELGADO LOPO, Aizane",2006,CN Urgain,34.18,2026-05-09,Nadador Completo,F,,,
50 Libre,"GAISAN PEREZ, Leire",2003,CN Menditxo,32.21,2026-05-09,Nadador Completo,F,,,
50 Libre,"RUIZ OLALLA MARQUEZ, Vera",2007,CN Urgain,34.15,2026-05-09,Nadador Completo,F,,,
50 Libre,"SALAZAR ORTIZ DE URBINA, Haizea",2006,CN Urgain,31.66,2026-05-09,Nadador Completo,F,,,
50 Libre,"ALBIZU LOPEZ DE GUEREÑU, Ruben",2005,CN Zadorra,27.73,2026-05-09,Nadador Completo,M,,,
50 Libre,"CANTERO RISQUE, Danel",2002,CN Menditxo,25.43,2026-05-09,Nadador Completo,M,,,
50 Libre,"FERNANDEZ DE RETANA PALMA, Ieltxu",2006,CN Urgain,27.39,2026-05-09,Nadador Completo,M,,,
50 Libre,"GIL ALONSO, Jon",1990,CN Urgain,27.72,2026-05-09,Nadador Completo,M,,,
50 Libre,"RITUERTO PEREZ DEL NOTARIO, Iker",2007,CN Menditxo,24.86,2026-05-09,Nadador Completo,M,,,
50 Libre,"VALDERRAMA MARTIN, Oscar",2000,CN Judizmendi,36.52,2026-05-09,Nadador Completo,M,,,
50 Mariposa,"DELGADO LOPO, Aizane",2006,CN Urgain,37.62,2026-05-09,Nadador Completo,F,,,
50 Mariposa,"GAISAN PEREZ, Leire",2003,CN Menditxo,33.66,2026-05-09,Nadador Completo,F,,,
50 Mariposa,"PORTILLA GONZALEZ, Maria",1992,CN Urgain,40.88,2026-05-09,Nadador Completo,F,,,
50 Mariposa,"RUIZ OLALLA MARQUEZ, Vera",2007,CN Urgain,39.27,2026-05-09,Nadador Completo,F,,,
50 Mariposa,"SALAZAR ORTIZ DE URBINA, Haizea",2006,CN Urgain,36.80,2026-05-09,Nadador Completo,F,,,
50 Mariposa,"ALBIZU LOPEZ DE GUEREÑU, Ruben",2005,CN Zadorra,32.01,2026-05-09,Nadador Completo,M,,,
50 Mariposa,"CANTERO RISQUE, Danel",2002,CN Menditxo,27.23,2026-05-09,Nadador Completo,M,,,
50 Mariposa,"FERNANDEZ DE RETANA PALMA, Ieltxu",2006,CN Urgain,32.63,2026-05-09,Nadador Completo,M,,,
50 Mariposa,"GIL ALONSO, Jon",1990,CN Urgain,29.59,2026-05-09,Nadador Completo,M,,,
50 Mariposa,"MENESES ARRIZABALAGA, Xabier",2003,CN Judizmendi,28.73,2026-05-09,Nadador Completo,M,,,
50 Mariposa,"RITUERTO PEREZ DEL NOTARIO, Iker",2007,CN Menditxo,26.76,2026-05-09,Nadador Completo,M,,,
50 Mariposa,"VALDERRAMA MARTIN, Oscar",2000,CN Judizmendi,35.37,2026-05-09,Nadador Completo,M,,,
100 Braza,"CAUBILLA MARTIN, Eider",2008,CN Menditxo,1:22.56,2026-02-22,Cto EH Junior-Abs Invierno (50 m),F,39.33;43.23,,
100 Braza,"DIAZ DE CERIO ABASOLO, Laida",2009,CN Judizmendi,1:25.05,2026-02-22,Cto EH Junior-Abs Invierno (50 m),F,40.13;44.92,,
100 Braza,"ABAITUA PIPAON, Benat",2008,CN Judizmendi,1:12.65,2026-02-22,Cto EH Junior-Abs Invierno (50 m),M,32.46;40.19,,
100 Braza,"ESPEJO MARTIN, Pablo",2005,CN Judizmendi,1:05.30,2026-02-22,Cto EH Junior-Abs Invierno (50 m),M,30.25;35.05,,
100 Braza,"GARCIA LUKE, Unai",2010,CN Judizmendi,1:14.77,2026-02-22,Cto EH Junior-Abs Invierno (50 m),M,34.76;40.01,,
100 Braza,"LOPEZ DE OCARIZ DE ALAVA, Sergio",2009,CN Judizmendi,1:06.72,2026-02-22,Cto EH Junior-Abs Invierno (50 m),M,31.02;35.70,,
100 Braza,"NANCLARES IBARGUTXI, Xabier",2003,CN Judizmendi,1:10.31,2026-02-22,Cto EH Junior-Abs Invierno (50 m),M,32.36;37.95,,
100 Braza,"PUERTAS RIVAS, Urtzi",2010,CN Judizmendi,1:13.85,2026-02-22,Cto EH Junior-Abs Invierno (50 m),M,35.03;38.82,,
100 Braza,"RITUERTO PEREZ DEL NOTARIO, Iker",2007,CN Menditxo,1:11.21,2026-02-22,Cto EH Junior-Abs Invierno (50 m),M,33.08;38.13,,
100 Espalda,"FERNANDEZ JORGE, Eider",2008,CN Menditxo,1:13.88,2026-02-22,Cto EH Junior-Abs Invierno (50 m),F,35.48;38.40,,
100 Espalda,"FERNANDEZ NISO, June",2010,CN Judizmendi,1:17.25,2026-02-22,Cto EH Junior-Abs Invierno (50 m),F,37.88;39.37,,
100 Espalda,"LZ LUZURIAGA FZ RETANA, Maddi",2010,CN Judizmendi,1:13.73,2026-02-22,Cto EH Junior-Abs Invierno (50 m),F,35.67;38.06,,
100 Espalda,"MONDEJAR MOYA, Ekine",2007,CN Menditxo,1:07.02,2026-02-22,Cto EH Junior-Abs Invierno (50 m),F,32.68;34.34,,
100 Espalda,"MONJE OZAETA, Maialen",2007,CN Menditxo,1:16.86,2026-02-22,Cto EH Junior-Abs Invierno (50 m),F,36.60;40.26,,
100 Espalda,"URIGOITIA SAN ROMAN, Uxue",2006,CN Menditxo,1:14.86,2026-02-22,Cto EH Junior-Abs Invierno (50 m),F,36.32;38.54,,
100 Espalda,"FERNANDEZ HUARTE, Asier",2007,CN Menditxo,1:01.57,2026-02-22,Cto EH Junior-Abs Invierno (50 m),M,29.69;31.88,,
100 Espalda,"GARCIA DE LOMANA VESGA, Nacho",2010,CN Menditxo,1:03.40,2026-02-22,Cto EH Junior-Abs Invierno (50 m),M,,,
100 Espalda,"PUERTAS RIVAS, Urtzi",2010,CN Judizmendi,1:04.57,2026-02-22,Cto EH Junior-Abs Invierno (50 m),M,30.55;34.02,,
100 Libre,"BAZTAN ARANA, Maddi",2008,CN Judizmendi,1:06.92,2026-02-22,Cto EH Junior-Abs Invierno (50 m),F,32.56;34.36,,
100 Libre,"FERNANDEZ NISO, June",2010,CN Judizmendi,1:08.56,2026-02-22,Cto EH Junior-Abs Invierno (50 m),F,32.52;36.04,,
100 Libre,"GUZMAN BREDA, Uxue",2010,CN Judizmendi,1:05.43,2026-02-22,Cto EH Junior-Abs Invierno (50 m),F,31.40;34.03,,
100 Libre,"LOPEZ DE JUAN ABAD, Carla",2009,CN Menditxo,1:07.61,2026-02-22,Cto EH Junior-Abs Invierno (50 m),F,32.51;35.10,,
100 Libre,"ORTEGA ENRIQUE, Nayra",2008,CN Menditxo,1:04.05,2026-02-22,Cto EH Junior-Abs Invierno (50 m),F,30.45;33.60,,
100 Libre,"AGIRREBALTZATEGI DURANA, Beñat",2002,CN Judizmendi,52.70,2026-02-22,Cto EH Junior-Abs Invierno (50 m),M,25.42;27.28,,
100 Libre,"BARREDO LANSAC, Mikel",1996,CN Urgain,59.10,2026-02-22,Cto EH Junior-Abs Invierno (50 m),M,28.26;30.84,,
100 Libre,"CANTERO RISQUE, Danel",2002,CN Menditxo,56.17,2026-02-22,Cto EH Junior-Abs Invierno (50 m),M,27.02;29.15,,
100 Libre,"GIL ALLAFLOR, Inigo",2006,CN Judizmendi,54.85,2026-02-22,Cto EH Junior-Abs Invierno (50 m),M,,,
100 Libre,"GONZALEZ BERNARDO, Aimar",2009,CN Menditxo,1:06.00,2026-02-22,Cto EH Junior-Abs Invierno (50 m),M,,,
100 Libre,"MARIMON ANZOLA, Aritz",2005,CN Judizmendi,55.27,2026-02-22,Cto EH Junior-Abs Invierno (50 m),M,26.70;28.57,,
100 Libre,"MENESES ARRIZABALAGA, Xabier",2003,CN Judizmendi,59.45,2026-02-22,Cto EH Junior-Abs Invierno (50 m),M,28.14;31.31,,
100 Libre,"URIARTE ORTIZ DE MENDIVIL, Galder",2010,CN Judizmendi,1:01.54,2026-02-22,Cto EH Junior-Abs Invierno (50 m),M,29.84;31.70,,
100 Libre,"ZUGAZAGA GARAGALZA, Urko",2005,CN Judizmendi,53.77,2026-02-22,Cto EH Junior-Abs Invierno (50 m),M,26.02;27.75,,
100 Mariposa,"DIAZ DE CERIO ABASOLO, Laida",2009,CN Judizmendi,1:15.48,2026-02-22,Cto EH Junior-Abs Invierno (50 m),F,,,
100 Mariposa,"FERNANDEZ JORGE, Eider",2008,CN Menditxo,1:13.32,2026-02-22,Cto EH Junior-Abs Invierno (50 m),F,34.05;39.27,,
100 Mariposa,"LIZARDUY CASTILLO, Iris",2008,CN Menditxo,1:05.04,2026-02-22,Cto EH Junior-Abs Invierno (50 m),F,30.89;34.15,,
100 Mariposa,"RUIZ GARITANO, Izaro",2008,CN Menditxo,1:11.62,2026-02-22,Cto EH Junior-Abs Invierno (50 m),F,32.18;39.44,,
100 Mariposa,"GIL ALLAFLOR, Inigo",2006,CN Judizmendi,58.00,2026-02-22,Cto EH Junior-Abs Invierno (50 m),M,26.75;31.25,,
100 Mariposa,"HERVIAS FERNANDEZ, Saul",1999,CN Menditxo,1:00.80,2026-02-22,Cto EH Junior-Abs Invierno (50 m),M,28.47;32.33,,
100 Mariposa,"MARIMON ANZOLA, Aritz",2005,CN Judizmendi,56.83,2026-02-22,Cto EH Junior-Abs Invierno (50 m),M,25.79;31.04,,
100 Mariposa,"PEÑA BARCENA, Alvaro",2009,CN Menditxo,1:01.35,2026-02-22,Cto EH Junior-Abs Invierno (50 m),M,28.88;32.47,,
100 Mariposa,"URIARTE ORTIZ DE MENDIVIL, Galder",2010,CN Judizmendi,1:05.58,2026-02-22,Cto EH Junior-Abs Invierno (50 m),M,30.16;35.42,,
1500 Libre,"CASTELLANO LOPEZ, Maialen",2006,CN Menditxo,19:10.21,2026-02-22,Cto EH Junior-Abs Invierno (50 m),F,34.52;36.85;37.20;37.26;37.88;37.58;38.02;37.77;38.31;38.35;38.55;37.97;38.67;38.45;38.25;37.66;38.59;38.44;39.08;39.02;39.17;39.08;39.68;38.72;39.41;39.02;39.79;38.78;39.53;38.61,,
1500 Libre,"LZ LUZURIAGA FZ RETANA, Maddi",2010,CN Judizmendi,20:00.45,2026-02-22,Cto EH Junior-Abs Invierno (50 m),F,36.21;38.76;40.07;39.30;40.56;39.57;40.38;39.48;40.08;39.19;40.91;39.69;40.41;39.80;40.40;40.30;40.36;39.66;40.87;40.47;40.58;40.19;40.74;40.32;41.09;40.88;40.53;40.18;40.32;39.15,,
1500 Libre,"RODRIGUEZ DE YURRE BUESA, Amaia",2010,CN Judizmendi,19:02.77,2026-02-22,Cto EH Junior-Abs Invierno (50 m),F,35.51;37.92;38.32;38.27;38.49;38.40;38.59;39.07;38.03;38.63;38.07;38.25;37.73;38.42;38.20;38.53;38.23;38.35;38.88;38.62;38.76;38.29;38.23;38.07;38.27;37.83;38.01;38.12;37.73;34.95,,
1500 Libre,"RUIZ GARITANO, Izaro",2008,CN Menditxo,19:20.26,2026-02-22,Cto EH Junior-Abs Invierno (50 m),F,34.72;37.88;38.41;38.59;38.50;38.58;38.47;38.18;38.62;38.65;39.10;38.70;39.06;38.97;39.04;38.65;38.72;38.75;38.76;38.86;38.69;39.30;39.16;39.52;39.18;39.18;39.58;38.89;38.92;38.63,,
1500 Libre,"HERNANDEZ CAÑO, Gonzalo",2010,CN Judizmendi,19:07.07,2026-02-22,Cto EH Junior-Abs Invierno (50 m),M,34.16;36.32;37.79;37.46;38.56;37.74;38.59;37.82;38.94;38.09;39.32;38.66;39.07;38.65;39.22;38.62;39.48;38.24;38.74;38.68;38.42;38.83;37.75;38.74;39.54;38.90;39.08;37.49;37.21;36.96,,
1500 Libre,"RODRIGUEZ LÓPEZ DE VICUÑA, Jokin",2010,CN Judizmendi,18:28.74,2026-02-22,Cto EH Junior-Abs Invierno (50 m),M,33.16;36.95;36.79;36.87;36.79;37.69;37.01;37.72;37.44;37.94;37.45;38.21;37.06;37.58;37.09;37.70;36.91;37.56;36.59;37.25;36.61;37.01;36.97;37.25;36.95;37.22;36.55;37.19;36.29;34.94,,
200 Braza,"LIZARDUY CASTILLO, Sergio",2006,CN Menditxo,2:39.27,2026-02-22,Cto EH Junior-Abs Invierno (50 m),M,36.88;40.07;41.19;41.13,,
200 Braza,"MZ DE SAN VICENTE LLANA, Markel",2009,CN Judizmendi,2:51.70,2026-02-22,Cto EH Junior-Abs Invierno (50 m),M,39.56;43.33;45.28;43.53,,
200 Braza,"NANCLARES IBARGUTXI, Xabier",2003,CN Judizmendi,2:31.39,2026-02-22,Cto EH Junior-Abs Invierno (50 m),M,34.21;37.79;38.94;40.45,,
200 Espalda,"LZ LUZURIAGA FZ RETANA, Maddi",2010,CN Judizmendi,2:34.77,2026-02-22,Cto EH Junior-Abs Invierno (50 m),F,,,
200 Espalda,"ABAITUA PIPAON, Benat",2008,CN Judizmendi,2:31.45,2026-02-22,Cto EH Junior-Abs Invierno (50 m),M,34.20;38.59;39.77;38.89,,
200 Espalda,"ESPEJO MARTIN, Markel",2009,CN Judizmendi,2:19.18,2026-02-22,Cto EH Junior-Abs Invierno (50 m),M,31.99;35.48;36.21;35.50,,
200 Espalda,"GARCIA DE LOMANA VESGA, Nacho",2010,CN Menditxo,2:20.46,2026-02-22,Cto EH Junior-Abs Invierno (50 m),M,;1:07.67;;1:12.79,,
200 Espalda,"LOPEZ DE OCARIZ DE ALAVA, Sergio",2009,CN Judizmendi,2:15.25,2026-02-22,Cto EH Junior-Abs Invierno (50 m),M,31.20;35.03;35.20;33.82,,
200 Espalda,"PUERTAS RIVAS, Urtzi",2010,CN Judizmendi,2:21.57,2026-02-22,Cto EH Junior-Abs Invierno (50 m),M,,,
200 Estilos,"ANDRES HERNANDO, Nahia",2010,CN Judizmendi,2:52.93,2026-02-22,Cto EH Junior-Abs Invierno (50 m),F,36.81;46.19;51.59;38.34,,
200 Estilos,"CASTELLANO LOPEZ, Maialen",2006,CN Menditxo,2:34.59,2026-02-22,Cto EH Junior-Abs Invierno (50 m),F,31.55;39.87;45.86;37.31,,
200 Estilos,"LIZARDUY CASTILLO, Iris",2008,CN Menditxo,2:26.47,2026-02-22,Cto EH Junior-Abs Invierno (50 m),F,30.87;37.26;43.39;34.95,,
200 Estilos,"RUIZ GARITANO, Izaro",2008,CN Menditxo,2:31.64,2026-02-22,Cto EH Junior-Abs Invierno (50 m),F,32.11;39.37;44.94;35.22,,
200 Estilos,"HERVIAS FERNANDEZ, Saul",1999,CN Menditxo,2:15.37,2026-02-22,Cto EH Junior-Abs Invierno (50 m),M,28.52;34.03;41.44;31.38,,
200 Estilos,"LIZARDUY CASTILLO, Sergio",2006,CN Menditxo,2:14.92,2026-02-22,Cto EH Junior-Abs Invierno (50 m),M,28.34;35.60;40.39;30.59,,
200 Estilos,"PEÑA BARCENA, Alvaro",2009,CN Menditxo,2:24.37,2026-02-22,Cto EH Junior-Abs Invierno (50 m),M,29.38;37.15;44.15;33.69,,
200 Libre,"AGUIRREGOMEZCORTA ALIAS, Johana",2007,CN Menditxo,2:20.70,2026-02-22,Cto EH Junior-Abs Invierno (50 m),F,32.67;35.29;36.38;36.36,,
200 Libre,"ANDRES HERNANDO, Nahia",2010,CN Judizmendi,2:33.25,2026-02-22,Cto EH Junior-Abs Invierno (50 m),F,35.69;38.46;38.85;40.25,,
200 Libre,"BAZTAN ARANA, Maddi",2008,CN Judizmendi,2:24.01,2026-02-22,Cto EH Junior-Abs Invierno (50 m),F,33.95;36.69;37.31;36.06,,
200 Libre,"FERNANDEZ NISO, June",2010,CN Judizmendi,2:28.15,2026-02-22,Cto EH Junior-Abs Invierno (50 m),F,34.31;37.64;38.24;37.96,,
200 Libre,"ORTEGA ENRIQUE, Nayra",2008,CN Menditxo,2:20.92,2026-02-22,Cto EH Junior-Abs Invierno (50 m),F,32.92;35.63;36.58;35.79,,
200 Libre,"CANTERO RISQUE, Danel",2002,CN Menditxo,2:11.67,2026-02-22,Cto EH Junior-Abs Invierno (50 m),M,28.47;31.87;34.35;36.98,,
200 Libre,"FERNANDEZ HUARTE, Asier",2007,CN Menditxo,2:00.36,2026-02-22,Cto EH Junior-Abs Invierno (50 m),M,28.16;30.90;31.30;30.00,,
200 Libre,"HERNANDEZ CAÑO, Gonzalo",2010,CN Judizmendi,2:15.09,2026-02-22,Cto EH Junior-Abs Invierno (50 m),M,30.96;33.70;35.47;34.96,,
200 Libre,"ZUGAZAGA GARAGALZA, Urko",2005,CN Judizmendi,2:00.14,2026-02-22,Cto EH Junior-Abs Invierno (50 m),M,28.03;30.22;31.22;30.67,,
200 Mariposa,"FERNANDEZ JORGE, Eider",2008,CN Menditxo,2:43.51,2026-02-22,Cto EH Junior-Abs Invierno (50 m),F,35.90;40.65;44.18;42.78,,
200 Mariposa,"LIZARDUY CASTILLO, Iris",2008,CN Menditxo,2:28.50,2026-02-22,Cto EH Junior-Abs Invierno (50 m),F,33.12;37.65;38.78;38.95,,
200 Mariposa,"HERVIAS FERNANDEZ, Saul",1999,CN Menditxo,2:15.92,2026-02-22,Cto EH Junior-Abs Invierno (50 m),M,30.28;34.79;35.86;34.99,,
200 Mariposa,"LIZARDUY CASTILLO, Sergio",2006,CN Menditxo,2:19.84,2026-02-22,Cto EH Junior-Abs Invierno (50 m),M,31.10;35.64;36.38;36.72,,
200 Mariposa,"PEÑA BARCENA, Alvaro",2009,CN Menditxo,2:35.85,2026-02-22,Cto EH Junior-Abs Invierno (50 m),M,32.06;37.96;42.82;43.01,,
200 Mariposa,"URIARTE ORTIZ DE MENDIVIL, Galder",2010,CN Judizmendi,2:33.25,2026-02-22,Cto EH Junior-Abs Invierno (50 m),M,33.20;38.52;41.36;40.17,,
400 Estilos,"LIZARDUY CASTILLO, Iris",2008,CN Menditxo,5:11.27,2026-02-22,Cto EH Junior-Abs Invierno (50 m),F,32.72;36.84;40.54;40.08;44.36;44.40;36.03;36.30,,
400 Estilos,"RODRIGUEZ DE YURRE BUESA, Amaia",2010,CN Judizmendi,5:41.55,2026-02-22,Cto EH Junior-Abs Invierno (50 m),F,36.66;43.10;45.79;43.67;47.61;49.48;39.06;36.18,,
400 Estilos,"RUIZ GARITANO, Izaro",2008,CN Menditxo,5:23.64,2026-02-22,Cto EH Junior-Abs Invierno (50 m),F,34.64;39.77;42.16;40.36;46.18;46.06;37.59;36.88,,
400 Estilos,"HERVIAS FERNANDEZ, Saul",1999,CN Menditxo,4:52.02,2026-02-22,Cto EH Junior-Abs Invierno (50 m),M,30.80;35.12;38.94;37.30;43.34;41.83;32.98;31.71,,
400 Estilos,"LIZARDUY CASTILLO, Sergio",2006,CN Menditxo,5:01.06,2026-02-22,Cto EH Junior-Abs Invierno (50 m),M,31.12;36.22;40.42;38.89;43.56;43.98;33.28;33.59,,
400 Estilos,"PEÑA BARCENA, Alvaro",2009,CN Menditxo,5:21.08,2026-02-22,Cto EH Junior-Abs Invierno (50 m),M,32.36;38.57;42.12;39.87;46.20;46.76;38.28;36.92,,
400 Estilos,"RODRIGUEZ LÓPEZ DE VICUÑA, Jokin",2010,CN Judizmendi,5:25.12,2026-02-22,Cto EH Junior-Abs Invierno (50 m),M,34.27;40.18;44.00;42.11;47.81;48.05;35.31;33.39,,
400 Libre,"AGUIRREGOMEZCORTA ALIAS, Johana",2007,CN Menditxo,4:58.07,2026-02-22,Cto EH Junior-Abs Invierno (50 m),F,34.27;36.57;37.14;38.17;38.16;38.97;38.62;36.17,,
400 Libre,"RODRIGUEZ DE YURRE BUESA, Amaia",2010,CN Judizmendi,4:55.05,2026-02-22,Cto EH Junior-Abs Invierno (50 m),F,34.24;36.97;37.15;37.53;37.26;38.13;37.61;36.16,,
400 Libre,"ESPEJO MARTIN, Markel",2009,CN Judizmendi,4:37.23,2026-02-22,Cto EH Junior-Abs Invierno (50 m),M,,,
400 Libre,"FZ RETANA GZ HEREDIA, Oier",2009,CN Judizmendi,4:49.35,2026-02-22,Cto EH Junior-Abs Invierno (50 m),M,32.35;36.10;36.70;37.06;37.31;37.20;36.76;35.87,,
400 Libre,"HERNANDEZ CAÑO, Gonzalo",2010,CN Judizmendi,4:45.74,2026-02-22,Cto EH Junior-Abs Invierno (50 m),M,32.21;35.42;36.33;36.54;36.76;36.99;36.46;35.03,,
400 Libre,"RODRIGUEZ LÓPEZ DE VICUÑA, Jokin",2010,CN Judizmendi,4:41.29,2026-02-22,Cto EH Junior-Abs Invierno (50 m),M,32.37;35.55;35.70;35.91;35.74;35.97;35.61;34.44,,
400 Libre,"ZUGAZAGA GARAGALZA, Urko",2005,CN Judizmendi,4:21.03,2026-02-22,Cto EH Junior-Abs Invierno (50 m),M,29.21;32.14;32.50;33.04;33.35;33.98;33.55;33.26,,
50 Braza,"CAUBILLA MARTIN, Eider",2008,CN Menditxo,35.74,2026-02-22,Cto EH Junior-Abs Invierno (50 m),F,,,
50 Braza,"DIAZ DE CERIO ABASOLO, Laida",2009,CN Judizmendi,37.51,2026-02-22,Cto EH Junior-Abs Invierno (50 m),F,,,
50 Braza,"ABAITUA PIPAON, Benat",2008,CN Judizmendi,32.09,2026-02-22,Cto EH Junior-Abs Invierno (50 m),M,,,
50 Braza,"ESPEJO MARTIN, Pablo",2005,CN Judizmendi,29.30,2026-02-22,Cto EH Junior-Abs Invierno (50 m),M,,,
50 Braza,"LOPEZ DE OCARIZ DE ALAVA, Sergio",2009,CN Judizmendi,30.17,2026-02-22,Cto EH Junior-Abs Invierno (50 m),M,,,
50 Braza,"MZ DE SAN VICENTE LLANA, Markel",2009,CN Judizmendi,35.78,2026-02-22,Cto EH Junior-Abs Invierno (50 m),M,,,
50 Braza,"RITUERTO PEREZ DEL NOTARIO, Iker",2007,CN Menditxo,31.80,2026-02-22,Cto EH Junior-Abs Invierno (50 m),M,,,
50 Espalda,"CASTELLANO LOPEZ, Maialen",2006,CN Menditxo,34.30,2026-02-22,Cto EH Junior-Abs Invierno (50 m),F,,,
50 Espalda,"FERNANDEZ JORGE, Eider",2008,CN Menditxo,33.65,2026-02-22,Cto EH Junior-Abs Invierno (50 m),F,,,
50 Espalda,"FERNANDEZ NISO, June",2010,CN Judizmendi,35.36,2026-02-22,Cto EH Junior-Abs Invierno (50 m),F,,,
50 Espalda,"GOTXIKOA TORRECILLA, Ainhoa",2005,CN Menditxo,33.61,2026-02-22,Cto EH Junior-Abs Invierno (50 m),F,,,
50 Espalda,"GUZMAN BREDA, Uxue",2010,CN Judizmendi,34.23,2026-02-22,Cto EH Junior-Abs Invierno (50 m),F,,,
50 Espalda,"LOPEZ DE JUAN ABAD, Carla",2009,CN Menditxo,36.07,2026-02-22,Cto EH Junior-Abs Invierno (50 m),F,,,
50 Espalda,"LZ LUZURIAGA FZ RETANA, Maddi",2010,CN Judizmendi,34.47,2026-02-22,Cto EH Junior-Abs Invierno (50 m),F,,,
50 Espalda,"MONDEJAR MOYA, Ekine",2007,CN Menditxo,30.34,2026-02-22,Cto EH Junior-Abs Invierno (50 m),F,,,
50 Espalda,"MONJE OZAETA, Maialen",2007,CN Menditxo,34.57,2026-02-22,Cto EH Junior-Abs Invierno (50 m),F,,,
50 Espalda,"URIGOITIA SAN ROMAN, Uxue",2006,CN Menditxo,34.38,2026-02-22,Cto EH Junior-Abs Invierno (50 m),F,,,
50 Espalda,"ABAITUA PIPAON, Benat",2008,CN Judizmendi,30.39,2026-02-22,Cto EH Junior-Abs Invierno (50 m),M,,,
50 Espalda,"AGIRREBALTZATEGI DURANA, Beñat",2002,CN Judizmendi,27.61,2026-02-22,Cto EH Junior-Abs Invierno (50 m),M,,,
50 Espalda,"ESPEJO MARTIN, Markel",2009,CN Judizmendi,29.89,2026-02-22,Cto EH Junior-Abs Invierno (50 m),M,,,
50 Espalda,"ESPEJO MARTIN, Pablo",2005,CN Judizmendi,27.92,2026-02-22,Cto EH Junior-Abs Invierno (50 m),M,,,
50 Espalda,"FERNANDEZ HUARTE, Asier",2007,CN Menditxo,28.07,2026-02-22,Cto EH Junior-Abs Invierno (50 m),M,,,
50 Espalda,"GARCIA DE LOMANA VESGA, Nacho",2010,CN Menditxo,29.25,2026-02-22,Cto EH Junior-Abs Invierno (50 m),M,,,
50 Espalda,"LOPEZ DE OCARIZ DE ALAVA, Sergio",2009,CN Judizmendi,27.67,2026-02-22,Cto EH Junior-Abs Invierno (50 m),M,,,
50 Espalda,"PUERTAS RIVAS, Urtzi",2010,CN Judizmendi,29.71,2026-02-22,Cto EH Junior-Abs Invierno (50 m),M,,,
50 Libre,"CAUBILLA MARTIN, Eider",2008,CN Menditxo,30.26,2026-02-22,Cto EH Junior-Abs Invierno (50 m),F,,,
50 Libre,"GOTXIKOA TORRECILLA, Ainhoa",2005,CN Menditxo,29.19,2026-02-22,Cto EH Junior-Abs Invierno (50 m),F,,,
50 Libre,"GUZMAN BREDA, Uxue",2010,CN Judizmendi,30.07,2026-02-22,Cto EH Junior-Abs Invierno (50 m),F,,,
50 Libre,"LOPEZ DE JUAN ABAD, Carla",2009,CN Menditxo,30.13,2026-02-22,Cto EH Junior-Abs Invierno (50 m),F,,,
50 Libre,"MONDEJAR MOYA, Ekine",2007,CN Menditxo,26.84,2026-02-22,Cto EH Junior-Abs Invierno (50 m),F,,,
50 Libre,"ORTEGA ENRIQUE, Nayra",2008,CN Menditxo,28.63,2026-02-22,Cto EH Junior-Abs Invierno (50 m),F,,,
50 Libre,"AGIRREBALTZATEGI DURANA, Beñat",2002,CN Judizmendi,24.05,2026-02-22,Cto EH Junior-Abs Invierno (50 m),M,,,
50 Libre,"BARREDO LANSAC, Mikel",1996,CN Urgain,25.43,2026-02-22,Cto EH Junior-Abs Invierno (50 m),M,,,
50 Libre,"CANTERO RISQUE, Danel",2002,CN Menditxo,25.86,2026-02-22,Cto EH Junior-Abs Invierno (50 m),M,,,
50 Libre,"FERNANDEZ HUARTE, Asier",2007,CN Menditxo,23.98,2026-02-22,Cto EH Junior-Abs Invierno (50 m),M,,,
50 Libre,"GIL ALLAFLOR, Inigo",2006,CN Judizmendi,24.45,2026-02-22,Cto EH Junior-Abs Invierno (50 m),M,,,
50 Libre,"GONZALEZ BERNARDO, Aimar",2009,CN Menditxo,28.14,2026-02-22,Cto EH Junior-Abs Invierno (50 m),M,,,
50 Libre,"MARIMON ANZOLA, Aritz",2005,CN Judizmendi,25.01,2026-02-22,Cto EH Junior-Abs Invierno (50 m),M,,,
50 Mariposa,"CASTELLANO LOPEZ, Maialen",2006,CN Menditxo,30.22,2026-02-22,Cto EH Junior-Abs Invierno (50 m),F,,,
50 Mariposa,"CAUBILLA MARTIN, Eider",2008,CN Menditxo,31.72,2026-02-22,Cto EH Junior-Abs Invierno (50 m),F,,,
50 Mariposa,"CIRRE MARTINEZ DE ALBENIZ, Irati",2010,CN Zadorra,35.49,2026-02-22,Cto EH Junior-Abs Invierno (50 m),F,,,
50 Mariposa,"DIAZ DE CERIO ABASOLO, Laida",2009,CN Judizmendi,31.12,2026-02-22,Cto EH Junior-Abs Invierno (50 m),F,,,
50 Mariposa,"GUZMAN BREDA, Uxue",2010,CN Judizmendi,33.56,2026-02-22,Cto EH Junior-Abs Invierno (50 m),F,,,
50 Mariposa,"MONDEJAR MOYA, Ekine",2007,CN Menditxo,27.96,2026-02-22,Cto EH Junior-Abs Invierno (50 m),F,,,
50 Mariposa,"ORTEGA ENRIQUE, Nayra",2008,CN Menditxo,32.58,2026-02-22,Cto EH Junior-Abs Invierno (50 m),F,,,
50 Mariposa,"AGIRREBALTZATEGI DURANA, Beñat",2002,CN Judizmendi,25.37,2026-02-22,Cto EH Junior-Abs Invierno (50 m),M,,,
50 Mariposa,"BARREDO LANSAC, Mikel",1996,CN Urgain,28.25,2026-02-22,Cto EH Junior-Abs Invierno (50 m),M,,,
50 Mariposa,"CANTERO RISQUE, Danel",2002,CN Menditxo,27.88,2026-02-22,Cto EH Junior-Abs Invierno (50 m),M,,,
50 Mariposa,"ESPEJO MARTIN, Pablo",2005,CN Judizmendi,26.56,2026-02-22,Cto EH Junior-Abs Invierno (50 m),M,,,
50 Mariposa,"GARCIA LUKE, Unai",2010,CN Judizmendi,29.82,2026-02-22,Cto EH Junior-Abs Invierno (50 m),M,,,
50 Mariposa,"GIL ALLAFLOR, Inigo",2006,CN Judizmendi,25.58,2026-02-22,Cto EH Junior-Abs Invierno (50 m),M,,,
50 Mariposa,"GONZALEZ BERNARDO, Aimar",2009,CN Menditxo,30.43,2026-02-22,Cto EH Junior-Abs Invierno (50 m),M,,,
50 Mariposa,"MARIMON ANZOLA, Aritz",2005,CN Judizmendi,25.70,2026-02-22,Cto EH Junior-Abs Invierno (50 m),M,,,
50 Mariposa,"MENESES ARRIZABALAGA, Xabier",2003,CN Judizmendi,29.26,2026-02-22,Cto EH Junior-Abs Invierno (50 m),M,,,
50 Mariposa,"RITUERTO PEREZ DEL NOTARIO, Iker",2007,CN Menditxo,27.25,2026-02-22,Cto EH Junior-Abs Invierno (50 m),M,,,
50 Mariposa,"URIARTE ORTIZ DE MENDIVIL, Galder",2010,CN Judizmendi,28.69,2026-02-22,Cto EH Junior-Abs Invierno (50 m),M,,,
800 Libre,"RODRIGUEZ DE YURRE BUESA, Amaia",2010,CN Judizmendi,10:02.70,2026-02-22,Cto EH Junior-Abs Invierno (50 m),F,35.87;37.97;38.17;37.99;38.04;37.85;38.58;38.37;38.09;38.13;38.66;37.65;37.53;37.58;37.48;34.74,,
800 Libre,"FZ RETANA GZ HEREDIA, Oier",2009,CN Judizmendi,10:02.57,2026-02-22,Cto EH Junior-Abs Invierno (50 m),M,,,
800 Libre,"HERNANDEZ CAÑO, Gonzalo",2010,CN Judizmendi,9:52.35,2026-02-22,Cto EH Junior-Abs Invierno (50 m),M,33.46;36.55;37.15;37.60;37.76;37.57;37.64;37.54;37.83;37.32;37.02;37.14;37.65;36.92;37.23;35.97,,
800 Libre,"RODRIGUEZ LÓPEZ DE VICUÑA, Jokin",2010,CN Judizmendi,9:44.14,2026-02-22,Cto EH Junior-Abs Invierno (50 m),M,32.78;35.33;36.68;36.75;36.81;37.09;37.39;37.37;37.45;36.91;36.94;36.83;37.06;36.72;36.62;35.41,,
100 Braza,"MONDEJAR MOYA, Ekine",2007,CN Menditxo,1:12.65,2026-03-15,Cto España Absoluto-Junior (50 m),F,33.63;39.02,,
100 Braza,"LOPEZ DE OCARIZ DE ALAVA, Sergio",2009,CN Judizmendi,1:08.21,2026-03-15,Cto España Absoluto-Junior (50 m),M,31.67;36.54,,
100 Libre,"MONDEJAR MOYA, Ekine",2007,CN Menditxo,58.70,2026-03-15,Cto España Absoluto-Junior (50 m),F,27.72;30.98,,
100 Libre,"AGIRREBALTZATEGI DURANA, Beñat",2002,CN Judizmendi,53.10,2026-03-15,Cto España Absoluto-Junior (50 m),M,25.28;27.82,,
100 Libre,"FERNANDEZ HUARTE, Asier",2007,CN Menditxo,53.04,2026-03-15,Cto España Absoluto-Junior (50 m),M,25.20;27.84,,
100 Libre,"LIZARDUY CASTILLO, Sergio",2006,CN Menditxo,52.90,2026-03-15,Cto España Absoluto-Junior (50 m),M,25.74;27.16,,
100 Mariposa,"LIZARDUY CASTILLO, Iris",2008,CN Menditxo,1:03.06,2026-03-15,Cto España Absoluto-Junior (50 m),F,29.52;33.54,,
100 Mariposa,"MONDEJAR MOYA, Ekine",2007,CN Menditxo,1:03.69,2026-03-15,Cto España Absoluto-Junior (50 m),F,28.86;34.83,,
100 Mariposa,"LIZARDUY CASTILLO, Sergio",2006,CN Menditxo,56.81,2026-03-15,Cto España Absoluto-Junior (50 m),M,26.50;30.31,,
200 Braza,"LIZARDUY CASTILLO, Iris",2008,CN Menditxo,2:47.82,2026-03-15,Cto España Absoluto-Junior (50 m),F,37.98;42.42;43.04;44.38,,
200 Braza,"LOPEZ DE OCARIZ DE ALAVA, Sergio",2009,CN Judizmendi,2:30.72,2026-03-15,Cto España Absoluto-Junior (50 m),M,32.65;38.68;39.03;40.36,,
200 Estilos,"LIZARDUY CASTILLO, Iris",2008,CN Menditxo,2:26.21,2026-03-15,Cto España Absoluto-Junior (50 m),F,30.56;37.52;42.97;35.16,,
200 Estilos,"LOPEZ DE OCARIZ DE ALAVA, Sergio",2009,CN Judizmendi,2:12.35,2026-03-15,Cto España Absoluto-Junior (50 m),M,27.67;33.59;38.56;32.53,,
200 Mariposa,"LIZARDUY CASTILLO, Iris",2008,CN Menditxo,2:23.51,2026-03-15,Cto España Absoluto-Junior (50 m),F,31.65;35.47;37.16;39.23,,
50 Braza,"ESPEJO MARTIN, Pablo",2005,CN Judizmendi,29.55,2026-03-15,Cto España Absoluto-Junior (50 m),M,,,
50 Braza,"LOPEZ DE OCARIZ DE ALAVA, Sergio",2009,CN Judizmendi,30.31,2026-03-15,Cto España Absoluto-Junior (50 m),M,,,
50 Espalda,"MONDEJAR MOYA, Ekine",2007,CN Menditxo,30.03,2026-03-15,Cto España Absoluto-Junior (50 m),F,,,
50 Espalda,"ESPEJO MARTIN, Markel",2009,CN Judizmendi,29.35,2026-03-15,Cto España Absoluto-Junior (50 m),M,,,
50 Espalda,"GARCIA DE LOMANA VESGA, Nacho",2010,CN Menditxo,28.74,2026-03-15,Cto España Absoluto-Junior (50 m),M,,,
50 Libre,"MONDEJAR MOYA, Ekine",2007,CN Menditxo,26.44,2026-03-15,Cto España Absoluto-Junior (50 m),F,,,
50 Libre,"FERNANDEZ HUARTE, Asier",2007,CN Menditxo,24.04,2026-03-15,Cto España Absoluto-Junior (50 m),M,,,
50 Mariposa,"LIZARDUY CASTILLO, Iris",2008,CN Menditxo,29.00,2026-03-15,Cto España Absoluto-Junior (50 m),F,,,
50 Mariposa,"MONDEJAR MOYA, Ekine",2007,CN Menditxo,27.36,2026-03-15,Cto España Absoluto-Junior (50 m),F,,,
50 Mariposa,"AGIRREBALTZATEGI DURANA, Beñat",2002,CN Judizmendi,25.67,2026-03-15,Cto España Absoluto-Junior (50 m),M,,,
50 Mariposa,"LIZARDUY CASTILLO, Sergio",2006,CN Menditxo,25.62,2026-03-15,Cto España Absoluto-Junior (50 m),M,,,
100 Braza,"GOTXIKOA TORRECILLA, Ainhoa",2005,CN Menditxo,1:16.46,2026-06-28,Cto España Open Trials (50 m),F,34.23;42.23,,
100 Braza,"ORTIZ DE PINEDO ARRIETA, Uxue",2007,CN Judizmendi,1:14.43,2026-06-28,Cto España Open Trials (50 m),F,35.49;38.94,,
100 Braza,"LOPEZ DE OCARIZ DE ALAVA, Sergio",2009,CN Judizmendi,1:07.59,2026-06-28,Cto España Open Trials (50 m),M,31.14;36.45,,
100 Libre,"MONDEJAR MOYA, Ekine",2007,CN Menditxo,58.54,2026-06-28,Cto España Open Trials (50 m),F,27.88;30.66,,
100 Libre,"AGIRREBALTZATEGI DURANA, Beñat",2002,CN Judizmendi,53.16,2026-06-28,Cto España Open Trials (50 m),M,25.60;27.56,,
100 Libre,"FERNANDEZ HUARTE, Asier",2007,CN Menditxo,52.69,2026-06-28,Cto España Open Trials (50 m),M,25.55;27.14,,
100 Libre,"LIZARDUY CASTILLO, Sergio",2006,CN Menditxo,52.47,2026-06-28,Cto España Open Trials (50 m),M,25.34;27.13,,
100 Mariposa,"MONDEJAR MOYA, Ekine",2007,CN Menditxo,1:04.42,2026-06-28,Cto España Open Trials (50 m),F,29.79;34.63,,
100 Mariposa,"LIZARDUY CASTILLO, Sergio",2006,CN Menditxo,56.00,2026-06-28,Cto España Open Trials (50 m),M,25.97;30.03,,
200 Braza,"ORTIZ DE PINEDO ARRIETA, Uxue",2007,CN Judizmendi,2:35.24,2026-06-28,Cto España Open Trials (50 m),F,36.42;39.78;39.62;39.42,,
200 Braza,"LOPEZ DE OCARIZ DE ALAVA, Sergio",2009,CN Judizmendi,2:30.26,2026-06-28,Cto España Open Trials (50 m),M,32.31;38.38;39.13;40.44,,
50 Braza,"GOTXIKOA TORRECILLA, Ainhoa",2005,CN Menditxo,34.33,2026-06-28,Cto España Open Trials (50 m),F,,,
50 Braza,"ESPEJO MARTIN, Pablo",2005,CN Judizmendi,29.06,2026-06-28,Cto España Open Trials (50 m),M,,,
50 Braza,"LOPEZ DE OCARIZ DE ALAVA, Sergio",2009,CN Judizmendi,30.48,2026-06-28,Cto España Open Trials (50 m),M,,,
50 Espalda,"FERNANDEZ HUARTE, Asier",2007,CN Menditxo,27.55,2026-06-28,Cto España Open Trials (50 m),M,,,
50 Espalda,"LOPEZ DE OCARIZ DE ALAVA, Sergio",2009,CN Judizmendi,28.47,2026-06-28,Cto España Open Trials (50 m),M,,,
50 Libre,"MONDEJAR MOYA, Ekine",2007,CN Menditxo,26.46,2026-06-28,Cto España Open Trials (50 m),F,,,
50 Libre,"FERNANDEZ HUARTE, Asier",2007,CN Menditxo,23.89,2026-06-28,Cto España Open Trials (50 m),M,,,
50 Libre,"LIZARDUY CASTILLO, Sergio",2006,CN Menditxo,24.26,2026-06-28,Cto España Open Trials (50 m),M,,,
50 Mariposa,"MONDEJAR MOYA, Ekine",2007,CN Menditxo,27.40,2026-06-28,Cto España Open Trials (50 m),F,,,
50 Mariposa,"AGIRREBALTZATEGI DURANA, Beñat",2002,CN Judizmendi,25.23,2026-06-28,Cto España Open Trials (50 m),M,,,
50 Mariposa,"LIZARDUY CASTILLO, Sergio",2006,CN Menditxo,25.22,2026-06-28,Cto España Open Trials (50 m),M,,,
100 Braza,"CAUBILLA MARTIN, Eider",2008,CN Menditxo,1:20.74,2026-07-05,Cto EH Junior-Abs Verano (50 m),F,38.14;42.60,,
100 Braza,"DIAZ DE CERIO ABASOLO, Laida",2009,CN Judizmendi,1:24.08,2026-07-05,Cto EH Junior-Abs Verano (50 m),F,39.63;44.45,,
100 Braza,"GOTXIKOA TORRECILLA, Ainhoa",2005,CN Menditxo,1:17.53,2026-07-05,Cto EH Junior-Abs Verano (50 m),F,37.25;40.28,,
100 Braza,"MONDEJAR MOYA, Ekine",2007,CN Menditxo,1:12.71,2026-07-05,Cto EH Junior-Abs Verano (50 m),F,34.20;38.51,,
100 Braza,"ORTIZ DE PINEDO ARRIETA, Uxue",2007,CN Judizmendi,1:14.04,2026-07-05,Cto EH Junior-Abs Verano (50 m),F,35.61;38.43,,
100 Braza,"ESPEJO MARTIN, Pablo",2005,CN Judizmendi,1:05.12,2026-07-05,Cto EH Junior-Abs Verano (50 m),M,30.90;34.22,,
100 Braza,"GARCIA LUKE, Unai",2010,CN Judizmendi,1:17.63,2026-07-05,Cto EH Junior-Abs Verano (50 m),M,36.81;40.82,,
100 Braza,"HERNANDEZ CAÑO, Gonzalo",2010,CN Judizmendi,1:16.91,2026-07-05,Cto EH Junior-Abs Verano (50 m),M,35.74;41.17,,
100 Braza,"LOPEZ DE OCARIZ DE ALAVA, Sergio",2009,CN Judizmendi,1:08.41,2026-07-05,Cto EH Junior-Abs Verano (50 m),M,31.86;36.55,,
100 Braza,"NANCLARES IBARGUTXI, Xabier",2003,CN Judizmendi,1:11.11,2026-07-05,Cto EH Junior-Abs Verano (50 m),M,32.97;38.14,,
100 Braza,"PUERTAS RIVAS, Urtzi",2010,CN Judizmendi,1:12.71,2026-07-05,Cto EH Junior-Abs Verano (50 m),M,34.91;37.80,,
100 Braza,"RITUERTO PEREZ DEL NOTARIO, Iker",2007,CN Menditxo,1:10.03,2026-07-05,Cto EH Junior-Abs Verano (50 m),M,32.32;37.71,,
100 Espalda,"AGUIRRE SANCHEZ, Eider",2011,CN Judizmendi,1:08.11,2026-07-05,Cto EH Junior-Abs Verano (50 m),F,32.76;35.35,,
100 Espalda,"FERNANDEZ JORGE, Eider",2008,CN Menditxo,1:14.72,2026-07-05,Cto EH Junior-Abs Verano (50 m),F,35.96;38.76,,
100 Espalda,"FERNANDEZ NISO, June",2010,CN Judizmendi,1:16.08,2026-07-05,Cto EH Junior-Abs Verano (50 m),F,,,
100 Espalda,"LZ LUZURIAGA FZ RETANA, Maddi",2010,CN Judizmendi,1:13.36,2026-07-05,Cto EH Junior-Abs Verano (50 m),F,35.65;37.71,,
100 Espalda,"URIGOITIA SAN ROMAN, Uxue",2006,CN Menditxo,1:14.31,2026-07-05,Cto EH Junior-Abs Verano (50 m),F,,,
100 Espalda,"ESPEJO MARTIN, Markel",2009,CN Judizmendi,1:02.56,2026-07-05,Cto EH Junior-Abs Verano (50 m),M,,,
100 Espalda,"GARCIA DE LOMANA VESGA, Nacho",2010,CN Menditxo,1:02.72,2026-07-05,Cto EH Junior-Abs Verano (50 m),M,30.99;31.73,,
100 Espalda,"LIZARDUY CASTILLO, Sergio",2006,CN Menditxo,1:02.58,2026-07-05,Cto EH Junior-Abs Verano (50 m),M,30.84;31.74,,
100 Espalda,"ORTEGA ENRIQUE, Yeray",2012,CN Menditxo,1:05.49,2026-07-05,Cto EH Junior-Abs Verano (50 m),M,,,
100 Espalda,"PUERTAS RIVAS, Urtzi",2010,CN Judizmendi,1:03.41,2026-07-05,Cto EH Junior-Abs Verano (50 m),M,,,
100 Libre,"BAZTAN ARANA, Maddi",2008,CN Judizmendi,1:07.12,2026-07-05,Cto EH Junior-Abs Verano (50 m),F,32.82;34.30,,
100 Libre,"CASTELLANO LOPEZ, Maialen",2006,CN Menditxo,1:03.41,2026-07-05,Cto EH Junior-Abs Verano (50 m),F,29.93;33.48,,
100 Libre,"FERNANDEZ NISO, June",2010,CN Judizmendi,1:08.12,2026-07-05,Cto EH Junior-Abs Verano (50 m),F,32.73;35.39,,
100 Libre,"GARAY SAENZ, Ixone",2011,CN Judizmendi,1:05.26,2026-07-05,Cto EH Junior-Abs Verano (50 m),F,31.57;33.69,,
100 Libre,"GOTXIKOA TORRECILLA, Ainhoa",2005,CN Menditxo,1:01.90,2026-07-05,Cto EH Junior-Abs Verano (50 m),F,30.12;31.78,,
100 Libre,"GUZMAN BREDA, Uxue",2010,CN Judizmendi,1:04.99,2026-07-05,Cto EH Junior-Abs Verano (50 m),F,31.27;33.72,,
100 Libre,"SANZ URRETAVIZCAYA, Maddi",2010,CN Judizmendi,1:02.71,2026-07-05,Cto EH Junior-Abs Verano (50 m),F,31.04;31.67,,
100 Libre,"AGIRREBALTZATEGI DURANA, Beñat",2002,CN Judizmendi,53.18,2026-07-05,Cto EH Junior-Abs Verano (50 m),M,25.31;27.87,,
100 Libre,"FERNANDEZ HUARTE, Asier",2007,CN Menditxo,52.59,2026-07-05,Cto EH Junior-Abs Verano (50 m),M,25.68;26.91,,
100 Libre,"LOPEZ DE SABANDO GONZALEZ, Uztaritz",2006,CN Menditxo,55.52,2026-07-05,Cto EH Junior-Abs Verano (50 m),M,25.98;29.54,,
100 Libre,"MARIMON ANZOLA, Aritz",2005,CN Judizmendi,55.48,2026-07-05,Cto EH Junior-Abs Verano (50 m),M,26.36;29.12,,
100 Libre,"MENESES ARRIZABALAGA, Xabier",2003,CN Judizmendi,58.19,2026-07-05,Cto EH Junior-Abs Verano (50 m),M,28.00;30.19,,
100 Libre,"URIARTE MARQUEZ, Bruno",2010,CN Menditxo,1:03.12,2026-07-05,Cto EH Junior-Abs Verano (50 m),M,29.95;33.17,,
100 Libre,"URIARTE ORTIZ DE MENDIVIL, Galder",2010,CN Judizmendi,59.91,2026-07-05,Cto EH Junior-Abs Verano (50 m),M,28.78;31.13,,
100 Libre,"ZUGAZAGA GARAGALZA, Urko",2005,CN Judizmendi,53.49,2026-07-05,Cto EH Junior-Abs Verano (50 m),M,25.87;27.62,,
100 Mariposa,"LIZARDUY CASTILLO, Iris",2008,CN Menditxo,1:05.44,2026-07-05,Cto EH Junior-Abs Verano (50 m),F,30.41;35.03,,
100 Mariposa,"RUIZ GARITANO, Izaro",2008,CN Menditxo,1:11.49,2026-07-05,Cto EH Junior-Abs Verano (50 m),F,32.68;38.81,,
100 Mariposa,"GIL ALLAFLOR, Inigo",2006,CN Judizmendi,58.41,2026-07-05,Cto EH Junior-Abs Verano (50 m),M,27.26;31.15,,
100 Mariposa,"LIZARDUY CASTILLO, Sergio",2006,CN Menditxo,57.94,2026-07-05,Cto EH Junior-Abs Verano (50 m),M,27.38;30.56,,
100 Mariposa,"LOPEZ DE SABANDO GONZALEZ, Uztaritz",2006,CN Menditxo,59.43,2026-07-05,Cto EH Junior-Abs Verano (50 m),M,27.73;31.70,,
100 Mariposa,"PEÑA BARCENA, Alvaro",2009,CN Menditxo,1:02.24,2026-07-05,Cto EH Junior-Abs Verano (50 m),M,29.25;32.99,,
100 Mariposa,"URIARTE ORTIZ DE MENDIVIL, Galder",2010,CN Judizmendi,1:04.74,2026-07-05,Cto EH Junior-Abs Verano (50 m),M,30.71;34.03,,
1500 Libre,"LZ LUZURIAGA FZ RETANA, Maddi",2010,CN Judizmendi,19:38.57,2026-07-05,Cto EH Junior-Abs Verano (50 m),F,35.63;39.31;38.99;39.48;39.74;39.33;39.24;38.94;39.16;38.94;38.87;38.83;38.73;38.82;38.85;38.83;39.47;39.17;39.49;39.37;39.72;40.17;40.51;39.92;39.90;39.98;40.27;39.90;39.68;39.33,,
1500 Libre,"RODRIGUEZ DE YURRE BUESA, Amaia",2010,CN Judizmendi,19:00.15,2026-07-05,Cto EH Junior-Abs Verano (50 m),F,35.61;37.69;38.12;37.68;38.08;37.92;38.43;37.81;37.76;37.79;38.63;37.43;38.27;37.81;38.60;38.12;38.70;38.19;38.56;38.32;38.88;38.25;38.51;38.36;38.86;38.35;38.73;37.65;38.35;34.69,,
1500 Libre,"RUIZ GARITANO, Izaro",2008,CN Menditxo,19:47.91,2026-07-05,Cto EH Junior-Abs Verano (50 m),F,35.51;38.59;38.97;39.05;39.47;39.26;39.40;39.26;39.63;39.42;39.03;39.12;39.46;39.38;40.07;39.67;40.12;39.69;39.78;39.78;40.75;40.07;40.45;40.02;40.55;39.79;40.59;40.25;40.85;39.93,,
1500 Libre,"HERNANDEZ CAÑO, Gonzalo",2010,CN Judizmendi,19:11.67,2026-07-05,Cto EH Junior-Abs Verano (50 m),M,33.97;36.39;36.87;37.46;37.84;38.07;38.61;38.55;38.50;38.47;38.96;38.75;38.61;38.82;39.26;38.34;39.22;39.10;39.23;39.60;38.96;38.85;39.25;39.23;39.02;39.07;39.14;38.72;37.47;37.34,,
1500 Libre,"RODRIGUEZ LÓPEZ DE VICUÑA, Jokin",2010,CN Judizmendi,18:00.27,2026-07-05,Cto EH Junior-Abs Verano (50 m),M,31.96;35.10;36.23;36.14;36.59;36.81;36.77;36.01;36.71;35.93;35.46;35.89;36.12;36.03;36.59;36.38;36.71;36.01;36.59;36.17;35.97;36.23;36.53;36.16;36.49;36.07;36.61;35.90;36.05;34.06,,
200 Braza,"ORTIZ DE PINEDO ARRIETA, Uxue",2007,CN Judizmendi,2:40.83,2026-07-05,Cto EH Junior-Abs Verano (50 m),F,36.68;40.50;41.61;42.04,,
200 Braza,"ESPEJO MARTIN, Pablo",2005,CN Judizmendi,2:28.11,2026-07-05,Cto EH Junior-Abs Verano (50 m),M,33.66;38.30;39.37;36.78,,
200 Braza,"GARCIA LUKE, Unai",2010,CN Judizmendi,2:52.85,2026-07-05,Cto EH Junior-Abs Verano (50 m),M,37.89;43.16;45.84;45.96,,
200 Braza,"LOPEZ DE OCARIZ DE ALAVA, Sergio",2009,CN Judizmendi,2:29.15,2026-07-05,Cto EH Junior-Abs Verano (50 m),M,32.77;37.17;39.12;40.09,,
200 Braza,"NANCLARES IBARGUTXI, Xabier",2003,CN Judizmendi,2:33.95,2026-07-05,Cto EH Junior-Abs Verano (50 m),M,33.91;38.67;39.95;41.42,,
200 Espalda,"ABAITUA PIPAON, Malen",2011,CN Judizmendi,2:36.30,2026-07-05,Cto EH Junior-Abs Verano (50 m),F,;1:17.05;;1:19.25,,
200 Espalda,"LZ LUZURIAGA FZ RETANA, Maddi",2010,CN Judizmendi,2:34.84,2026-07-05,Cto EH Junior-Abs Verano (50 m),F,37.37;39.59;39.93;37.95,,
200 Espalda,"RUIZ GARITANO, Izaro",2008,CN Menditxo,2:37.91,2026-07-05,Cto EH Junior-Abs Verano (50 m),F,37.31;39.42;40.75;40.43,,
200 Espalda,"ESPEJO MARTIN, Markel",2009,CN Judizmendi,2:19.03,2026-07-05,Cto EH Junior-Abs Verano (50 m),M,;1:05.94;;1:13.09,,
200 Espalda,"GARCIA DE LOMANA VESGA, Nacho",2010,CN Menditxo,2:18.06,2026-07-05,Cto EH Junior-Abs Verano (50 m),M,;1:08.92;;1:09.14,,
200 Espalda,"PUERTAS RIVAS, Urtzi",2010,CN Judizmendi,2:18.86,2026-07-05,Cto EH Junior-Abs Verano (50 m),M,;1:06.14;;1:12.72,,
200 Estilos,"ABAITUA PIPAON, Malen",2011,CN Judizmendi,2:39.48,2026-07-05,Cto EH Junior-Abs Verano (50 m),F,35.08;40.41;47.27;36.72,,
200 Estilos,"CASTELLANO LOPEZ, Maialen",2006,CN Menditxo,2:33.53,2026-07-05,Cto EH Junior-Abs Verano (50 m),F,31.18;40.71;45.78;35.86,,
200 Estilos,"GARAY SAENZ, Ixone",2011,CN Judizmendi,2:42.81,2026-07-05,Cto EH Junior-Abs Verano (50 m),F,35.43;40.56;50.03;36.79,,
200 Estilos,"LIZARDUY CASTILLO, Iris",2008,CN Menditxo,2:25.18,2026-07-05,Cto EH Junior-Abs Verano (50 m),F,31.02;36.81;43.24;34.11,,
200 Estilos,"MONDEJAR MOYA, Ekine",2007,CN Menditxo,2:25.68,2026-07-05,Cto EH Junior-Abs Verano (50 m),F,30.14;39.29;41.86;34.39,,
200 Estilos,"RUIZ GARITANO, Izaro",2008,CN Menditxo,2:36.48,2026-07-05,Cto EH Junior-Abs Verano (50 m),F,32.55;40.17;46.53;37.23,,
200 Estilos,"SANZ URRETAVIZCAYA, Maddi",2010,CN Judizmendi,2:45.17,2026-07-05,Cto EH Junior-Abs Verano (50 m),F,33.76;44.44;49.01;37.96,,
200 Estilos,"LOPEZ DE OCARIZ DE ALAVA, Sergio",2009,CN Judizmendi,2:14.94,2026-07-05,Cto EH Junior-Abs Verano (50 m),M,28.04;36.32;37.97;32.61,,
200 Estilos,"PEÑA BARCENA, Alvaro",2009,CN Menditxo,2:22.50,2026-07-05,Cto EH Junior-Abs Verano (50 m),M,30.08;35.45;43.96;33.01,,
200 Libre,"ANDRES HERNANDO, Nahia",2010,CN Judizmendi,2:29.99,2026-07-05,Cto EH Junior-Abs Verano (50 m),F,35.41;38.39;38.34;37.85,,
200 Libre,"BAZTAN ARANA, Maddi",2008,CN Judizmendi,2:25.80,2026-07-05,Cto EH Junior-Abs Verano (50 m),F,33.76;37.51;37.77;36.76,,
200 Libre,"ZUGAZAGA GARAGALZA, Urko",2005,CN Judizmendi,1:59.66,2026-07-05,Cto EH Junior-Abs Verano (50 m),M,27.33;29.54;31.22;31.57,,
200 Mariposa,"LIZARDUY CASTILLO, Iris",2008,CN Menditxo,2:22.95,2026-07-05,Cto EH Junior-Abs Verano (50 m),F,32.54;36.40;37.48;36.53,,
200 Mariposa,"LOPEZ DE SABANDO GONZALEZ, Uztaritz",2006,CN Menditxo,2:19.11,2026-07-05,Cto EH Junior-Abs Verano (50 m),M,30.60;34.90;35.86;37.75,,
200 Mariposa,"PEÑA BARCENA, Alvaro",2009,CN Menditxo,2:31.81,2026-07-05,Cto EH Junior-Abs Verano (50 m),M,32.81;37.96;40.69;40.35,,
200 Mariposa,"URIARTE ORTIZ DE MENDIVIL, Galder",2010,CN Judizmendi,2:29.34,2026-07-05,Cto EH Junior-Abs Verano (50 m),M,32.72;37.27;39.72;39.63,,
400 Estilos,"LIZARDUY CASTILLO, Iris",2008,CN Menditxo,5:12.92,2026-07-05,Cto EH Junior-Abs Verano (50 m),F,32.56;35.87;40.76;40.00;44.83;45.40;36.46;37.04,,
400 Estilos,"RODRIGUEZ DE YURRE BUESA, Amaia",2010,CN Judizmendi,5:43.40,2026-07-05,Cto EH Junior-Abs Verano (50 m),F,35.89;41.76;47.22;43.81;49.13;49.97;39.30;36.32,,
400 Estilos,"PEÑA BARCENA, Alvaro",2009,CN Menditxo,5:14.69,2026-07-05,Cto EH Junior-Abs Verano (50 m),M,31.54;37.90;39.52;39.18;45.68;46.56;38.93;35.38,,
400 Estilos,"RODRIGUEZ LÓPEZ DE VICUÑA, Jokin",2010,CN Judizmendi,5:23.52,2026-07-05,Cto EH Junior-Abs Verano (50 m),M,33.39;40.27;42.94;42.00;47.73;48.16;35.26;33.77,,
400 Libre,"AGUIRREGOMEZCORTA ALIAS, Johana",2007,CN Menditxo,4:58.67,2026-07-05,Cto EH Junior-Abs Verano (50 m),F,33.63;36.02;36.63;38.01;38.83;39.06;38.46;38.03,,
400 Libre,"RODRIGUEZ DE YURRE BUESA, Amaia",2010,CN Judizmendi,4:55.31,2026-07-05,Cto EH Junior-Abs Verano (50 m),F,34.27;37.05;37.77;38.24;38.08;37.57;37.34;34.99,,
400 Libre,"FZ RETANA GZ HEREDIA, Oier",2009,CN Judizmendi,4:46.27,2026-07-05,Cto EH Junior-Abs Verano (50 m),M,31.71;34.91;35.65;36.65;36.36;37.16;37.31;36.52,,
400 Libre,"RODRIGUEZ LÓPEZ DE VICUÑA, Jokin",2010,CN Judizmendi,4:34.96,2026-07-05,Cto EH Junior-Abs Verano (50 m),M,30.61;33.99;34.71;35.42;35.26;35.62;34.97;34.38,,
50 Braza,"CAUBILLA MARTIN, Eider",2008,CN Menditxo,34.94,2026-07-05,Cto EH Junior-Abs Verano (50 m),F,,,
50 Braza,"DIAZ DE CERIO ABASOLO, Laida",2009,CN Judizmendi,36.56,2026-07-05,Cto EH Junior-Abs Verano (50 m),F,,,
50 Braza,"GOTXIKOA TORRECILLA, Ainhoa",2005,CN Menditxo,34.46,2026-07-05,Cto EH Junior-Abs Verano (50 m),F,,,
50 Braza,"ORTIZ DE PINEDO ARRIETA, Uxue",2007,CN Judizmendi,34.35,2026-07-05,Cto EH Junior-Abs Verano (50 m),F,,,
50 Braza,"ABAITUA PIPAON, Benat",2008,CN Judizmendi,32.06,2026-07-05,Cto EH Junior-Abs Verano (50 m),M,,,
50 Braza,"ESPEJO MARTIN, Pablo",2005,CN Judizmendi,29.15,2026-07-05,Cto EH Junior-Abs Verano (50 m),M,,,
50 Braza,"GARCIA LUKE, Unai",2010,CN Judizmendi,35.44,2026-07-05,Cto EH Junior-Abs Verano (50 m),M,,,
50 Braza,"HERNANDEZ CAÑO, Gonzalo",2010,CN Judizmendi,34.84,2026-07-05,Cto EH Junior-Abs Verano (50 m),M,,,
50 Braza,"LOPEZ DE OCARIZ DE ALAVA, Sergio",2009,CN Judizmendi,30.58,2026-07-05,Cto EH Junior-Abs Verano (50 m),M,,,
50 Braza,"OIARTZABAL GOIA, Beñat",1998,CN Urgain,31.58,2026-07-05,Cto EH Junior-Abs Verano (50 m),M,,,
50 Braza,"RITUERTO PEREZ DEL NOTARIO, Iker",2007,CN Menditxo,31.37,2026-07-05,Cto EH Junior-Abs Verano (50 m),M,,,
50 Espalda,"ABAITUA PIPAON, Malen",2011,CN Judizmendi,34.21,2026-07-05,Cto EH Junior-Abs Verano (50 m),F,,,
50 Espalda,"AGUIRRE SANCHEZ, Eider",2011,CN Judizmendi,31.79,2026-07-05,Cto EH Junior-Abs Verano (50 m),F,,,
50 Espalda,"FERNANDEZ NISO, June",2010,CN Judizmendi,35.92,2026-07-05,Cto EH Junior-Abs Verano (50 m),F,,,
50 Espalda,"GARAY SAENZ, Ixone",2011,CN Judizmendi,35.40,2026-07-05,Cto EH Junior-Abs Verano (50 m),F,,,
50 Espalda,"GONZALEZ ANGULO, Olatz",2008,CN Zadorra,36.03,2026-07-05,Cto EH Junior-Abs Verano (50 m),F,,,
50 Espalda,"GOTXIKOA TORRECILLA, Ainhoa",2005,CN Menditxo,32.94,2026-07-05,Cto EH Junior-Abs Verano (50 m),F,,,
50 Espalda,"GUZMAN BREDA, Uxue",2010,CN Judizmendi,33.93,2026-07-05,Cto EH Junior-Abs Verano (50 m),F,,,
50 Espalda,"LOPEZ DE JUAN ABAD, Carla",2009,CN Menditxo,34.74,2026-07-05,Cto EH Junior-Abs Verano (50 m),F,,,
50 Espalda,"LZ LUZURIAGA FZ RETANA, Maddi",2010,CN Judizmendi,34.67,2026-07-05,Cto EH Junior-Abs Verano (50 m),F,,,
50 Espalda,"MONDEJAR MOYA, Ekine",2007,CN Menditxo,30.30,2026-07-05,Cto EH Junior-Abs Verano (50 m),F,,,
50 Espalda,"SANZ URRETAVIZCAYA, Maddi",2010,CN Judizmendi,32.01,2026-07-05,Cto EH Junior-Abs Verano (50 m),F,,,
50 Espalda,"URIGOITIA SAN ROMAN, Uxue",2006,CN Menditxo,34.11,2026-07-05,Cto EH Junior-Abs Verano (50 m),F,,,
50 Espalda,"ABAITUA PIPAON, Benat",2008,CN Judizmendi,30.31,2026-07-05,Cto EH Junior-Abs Verano (50 m),M,,,
50 Espalda,"AGIRREBALTZATEGI DURANA, Beñat",2002,CN Judizmendi,27.29,2026-07-05,Cto EH Junior-Abs Verano (50 m),M,,,
50 Espalda,"ESPEJO MARTIN, Markel",2009,CN Judizmendi,29.06,2026-07-05,Cto EH Junior-Abs Verano (50 m),M,,,
50 Espalda,"FERNANDEZ HUARTE, Asier",2007,CN Menditxo,27.61,2026-07-05,Cto EH Junior-Abs Verano (50 m),M,,,
50 Espalda,"ORTEGA ENRIQUE, Yeray",2012,CN Menditxo,30.19,2026-07-05,Cto EH Junior-Abs Verano (50 m),M,,,
50 Espalda,"PUERTAS RIVAS, Urtzi",2010,CN Judizmendi,29.60,2026-07-05,Cto EH Junior-Abs Verano (50 m),M,,,
50 Libre,"DIAZ DE CERIO ABASOLO, Laida",2009,CN Judizmendi,29.75,2026-07-05,Cto EH Junior-Abs Verano (50 m),F,,,
50 Libre,"GUZMAN BREDA, Uxue",2010,CN Judizmendi,30.14,2026-07-05,Cto EH Junior-Abs Verano (50 m),F,,,
50 Libre,"LOPEZ DE JUAN ABAD, Carla",2009,CN Menditxo,30.07,2026-07-05,Cto EH Junior-Abs Verano (50 m),F,,,
50 Libre,"SANZ URRETAVIZCAYA, Maddi",2010,CN Judizmendi,28.54,2026-07-05,Cto EH Junior-Abs Verano (50 m),F,,,
50 Libre,"AGIRREBALTZATEGI DURANA, Beñat",2002,CN Judizmendi,23.91,2026-07-05,Cto EH Junior-Abs Verano (50 m),M,,,
50 Libre,"ESPEJO MARTIN, Markel",2009,CN Judizmendi,26.23,2026-07-05,Cto EH Junior-Abs Verano (50 m),M,,,
50 Libre,"FERNANDEZ HUARTE, Asier",2007,CN Menditxo,23.73,2026-07-05,Cto EH Junior-Abs Verano (50 m),M,,,
50 Libre,"GARCIA DE LOMANA VESGA, Nacho",2010,CN Menditxo,25.49,2026-07-05,Cto EH Junior-Abs Verano (50 m),M,,,
50 Libre,"GIL ALLAFLOR, Inigo",2006,CN Judizmendi,24.97,2026-07-05,Cto EH Junior-Abs Verano (50 m),M,,,
50 Libre,"LIZARDUY CASTILLO, Sergio",2006,CN Menditxo,24.10,2026-07-05,Cto EH Junior-Abs Verano (50 m),M,,,
50 Libre,"MARIMON ANZOLA, Aritz",2005,CN Judizmendi,24.99,2026-07-05,Cto EH Junior-Abs Verano (50 m),M,,,
50 Libre,"URIARTE MARQUEZ, Bruno",2010,CN Menditxo,28.03,2026-07-05,Cto EH Junior-Abs Verano (50 m),M,,,
50 Libre,"ZUGAZAGA GARAGALZA, Urko",2005,CN Judizmendi,25.07,2026-07-05,Cto EH Junior-Abs Verano (50 m),M,,,
50 Mariposa,"AGUIRREGOMEZCORTA ALIAS, Johana",2007,CN Menditxo,32.08,2026-07-05,Cto EH Junior-Abs Verano (50 m),F,,,
50 Mariposa,"CAUBILLA MARTIN, Eider",2008,CN Menditxo,31.84,2026-07-05,Cto EH Junior-Abs Verano (50 m),F,,,
50 Mariposa,"CIRRE MARTINEZ DE ALBENIZ, Irati",2010,CN Zadorra,34.21,2026-07-05,Cto EH Junior-Abs Verano (50 m),F,,,
50 Mariposa,"DIAZ DE CERIO ABASOLO, Laida",2009,CN Judizmendi,31.46,2026-07-05,Cto EH Junior-Abs Verano (50 m),F,,,
50 Mariposa,"FERNANDEZ JORGE, Eider",2008,CN Menditxo,32.33,2026-07-05,Cto EH Junior-Abs Verano (50 m),F,,,
50 Mariposa,"FERNANDEZ NISO, June",2010,CN Judizmendi,34.41,2026-07-05,Cto EH Junior-Abs Verano (50 m),F,,,
50 Mariposa,"GUZMAN BREDA, Uxue",2010,CN Judizmendi,33.26,2026-07-05,Cto EH Junior-Abs Verano (50 m),F,,,
50 Mariposa,"LOPEZ DE JUAN ABAD, Carla",2009,CN Menditxo,33.32,2026-07-05,Cto EH Junior-Abs Verano (50 m),F,,,
50 Mariposa,"MONDEJAR MOYA, Ekine",2007,CN Menditxo,27.70,2026-07-05,Cto EH Junior-Abs Verano (50 m),F,,,
50 Mariposa,"URIGOITIA SAN ROMAN, Uxue",2006,CN Menditxo,32.62,2026-07-05,Cto EH Junior-Abs Verano (50 m),F,,,
50 Mariposa,"ABAITUA PIPAON, Benat",2008,CN Judizmendi,28.53,2026-07-05,Cto EH Junior-Abs Verano (50 m),M,,,
50 Mariposa,"AGIRREBALTZATEGI DURANA, Beñat",2002,CN Judizmendi,25.44,2026-07-05,Cto EH Junior-Abs Verano (50 m),M,,,
50 Mariposa,"BARREDO LANSAC, Mikel",1996,CN Urgain,28.52,2026-07-05,Cto EH Junior-Abs Verano (50 m),M,,,
50 Mariposa,"ESPEJO MARTIN, Pablo",2005,CN Judizmendi,26.16,2026-07-05,Cto EH Junior-Abs Verano (50 m),M,,,
50 Mariposa,"FERNANDEZ HUARTE, Asier",2007,CN Menditxo,26.59,2026-07-05,Cto EH Junior-Abs Verano (50 m),M,,,
50 Mariposa,"GARCIA LUKE, Unai",2010,CN Judizmendi,30.23,2026-07-05,Cto EH Junior-Abs Verano (50 m),M,,,
50 Mariposa,"GIL ALLAFLOR, Inigo",2006,CN Judizmendi,25.56,2026-07-05,Cto EH Junior-Abs Verano (50 m),M,,,
50 Mariposa,"LIZARDUY CASTILLO, Sergio",2006,CN Menditxo,25.31,2026-07-05,Cto EH Junior-Abs Verano (50 m),M,,,
50 Mariposa,"MARIMON ANZOLA, Aritz",2005,CN Judizmendi,25.53,2026-07-05,Cto EH Junior-Abs Verano (50 m),M,,,
50 Mariposa,"MENESES ARRIZABALAGA, Xabier",2003,CN Judizmendi,29.02,2026-07-05,Cto EH Junior-Abs Verano (50 m),M,,,
50 Mariposa,"OIARTZABAL GOIA, Beñat",1998,CN Urgain,27.33,2026-07-05,Cto EH Junior-Abs Verano (50 m),M,,,
50 Mariposa,"SAINZ MONGE, Iker",2009,CN Menditxo,29.55,2026-07-05,Cto EH Junior-Abs Verano (50 m),M,,,
50 Mariposa,"URIARTE MARQUEZ, Bruno",2010,CN Menditxo,31.70,2026-07-05,Cto EH Junior-Abs Verano (50 m),M,,,
50 Mariposa,"URIARTE ORTIZ DE MENDIVIL, Galder",2010,CN Judizmendi,28.44,2026-07-05,Cto EH Junior-Abs Verano (50 m),M,,,
800 Libre,"RODRIGUEZ DE YURRE BUESA, Amaia",2010,CN Judizmendi,10:03.51,2026-07-05,Cto EH Junior-Abs Verano (50 m),F,34.59;38.04;38.14;38.78;38.54;38.11;38.68;37.71;38.38;38.41;37.77;37.59;37.62;37.76;38.50;34.89,,
800 Libre,"FZ RETANA GZ HEREDIA, Oier",2009,CN Judizmendi,10:15.66,2026-07-05,Cto EH Junior-Abs Verano (50 m),M,33.45;37.39;37.77;38.19;38.12;39.03;38.44;38.89;38.93;39.80;39.05;39.10;39.59;39.94;39.28;38.69,,
800 Libre,"HERNANDEZ CAÑO, Gonzalo",2010,CN Judizmendi,10:06.87,2026-07-05,Cto EH Junior-Abs Verano (50 m),M,32.25;35.59;35.98;36.75;36.87;36.97;38.01;38.45;39.20;39.02;39.92;40.39;39.93;40.11;40.05;37.38,,
800 Libre,"RODRIGUEZ LÓPEZ DE VICUÑA, Jokin",2010,CN Judizmendi,9:33.67,2026-07-05,Cto EH Junior-Abs Verano (50 m),M,31.84;35.26;35.89;35.68;35.96;37.06;36.38;36.98;36.49;36.95;37.36;36.64;36.64;35.40;35.61;33.53,,
200 Mariposa,"PEÑA BARCENA, Alvaro",2009,CN Menditxo,2:32.56,2026-02-01,Cto Álava Invierno Open,M,32.59;38.22;42.53;39.22,,
200 Mariposa,"VALDERRAMA MARTIN, Oscar",2000,CN Judizmendi,3:44.24,2026-02-01,Cto Álava Invierno Open,M,47.47;1:00.07;1:01.85;54.85,,
200 Mariposa,"LIZARDUY CASTILLO, Iris",2008,CN Menditxo,2:22.92,2026-02-01,Cto Álava Invierno Open,F,32.50;35.61;37.16;37.65,,
50 Espalda,"LOPEZ DE MUNAIN SEDANO, Oier",2011,CN Menditxo,36.04,2026-02-01,Cto Álava Invierno Open,M,,,
50 Espalda,"BASABEA OLABE, Ekain",2012,CN Judizmendi,38.73,2026-02-01,Cto Álava Invierno Open,M,,,
50 Espalda,"MARTINEZ MUZAS, Unax",2012,CN Judizmendi,40.24,2026-02-01,Cto Álava Invierno Open,M,,,
50 Espalda,"RAMIREZ DE OCARIZ VILOR, Markel",2012,CN Judizmendi,40.33,2026-02-01,Cto Álava Invierno Open,M,,,
50 Espalda,"RODRIGUEZ BLANCO, Unax",2012,CN Judizmendi,41.38,2026-02-01,Cto Álava Invierno Open,M,,,
50 Espalda,"ORTEGA ARANGO, Ander",2012,CN Judizmendi,42.26,2026-02-01,Cto Álava Invierno Open,M,,,
50 Espalda,"ROS IRIARTE, Ekhi",2012,CN Urgain,43.47,2026-02-01,Cto Álava Invierno Open,M,,,
50 Espalda,"GARCIA DE LOMANA VESGA, Nacho",2010,CN Menditxo,29.02,2026-02-01,Cto Álava Invierno Open,M,,,
50 Espalda,"ESPEJO MARTIN, Markel",2009,CN Judizmendi,29.08,2026-02-01,Cto Álava Invierno Open,M,,,
50 Espalda,"PUERTAS RIVAS, Urtzi",2010,CN Judizmendi,29.88,2026-02-01,Cto Álava Invierno Open,M,,,
50 Espalda,"DIAZ DE CERIO ABASOLO, Aitor",2008,CN Judizmendi,30.19,2026-02-01,Cto Álava Invierno Open,M,,,
50 Espalda,"ABAITUA PIPAON, Benat",2008,CN Judizmendi,30.29,2026-02-01,Cto Álava Invierno Open,M,,,
50 Espalda,"MONTORO RAMIREZ, Angel",2010,CN Menditxo,33.85,2026-02-01,Cto Álava Invierno Open,M,,,
50 Espalda,"FERNANDEZ HUARTE, Asier",2007,CN Menditxo,28.39,2026-02-01,Cto Álava Invierno Open,M,,,
50 Espalda,"ARBERAS URQUIJO, Martin",2006,CI Laudio,32.88,2026-02-01,Cto Álava Invierno Open,M,,,
50 Espalda,"FERNANDEZ DE RETANA PALMA, Ieltxu",2006,CN Urgain,34.43,2026-02-01,Cto Álava Invierno Open,M,,,
50 Espalda,"LOPEZ OCIO, Jon",2006,CN Urgain,35.19,2026-02-01,Cto Álava Invierno Open,M,,,
50 Espalda,"MENESES ARRIZABALAGA, Xabier",2003,CN Judizmendi,31.37,2026-02-01,Cto Álava Invierno Open,M,,,
50 Espalda,"GIL ALONSO, Jon",1990,CN Urgain,32.26,2026-02-01,Cto Álava Invierno Open,M,,,
50 Espalda,"ALBIZU LOPEZ DE GUEREÑU, Ruben",2005,CN Zadorra,34.21,2026-02-01,Cto Álava Invierno Open,M,,,
50 Espalda,"AGUIRRE SANCHEZ, Eider",2011,CN Judizmendi,32.70,2026-02-01,Cto Álava Invierno Open,F,,,
50 Espalda,"ABAITUA PIPAON, Malen",2011,CN Judizmendi,34.25,2026-02-01,Cto Álava Invierno Open,F,,,
50 Espalda,"MUÑOZ FELIPE, Oihane",2011,CN Menditxo,36.92,2026-02-01,Cto Álava Invierno Open,F,,,
50 Espalda,"HERRANZ FDZ DE LANDA, Haizea",2011,CN Menditxo,37.15,2026-02-01,Cto Álava Invierno Open,F,,,
50 Espalda,"DAQUANNO, Giorgia",2012,CN Menditxo,38.04,2026-02-01,Cto Álava Invierno Open,F,,,
50 Espalda,"GONZALEZ FERNANDEZ, Laia",2012,CN Judizmendi,38.83,2026-02-01,Cto Álava Invierno Open,F,,,
50 Espalda,"GOMEZ MORAN, Naroa",2011,CN Urgain,39.45,2026-02-01,Cto Álava Invierno Open,F,,,
50 Espalda,"PULIDO CRESPO, Nahia",2011,CN Menditxo,39.46,2026-02-01,Cto Álava Invierno Open,F,,,
50 Espalda,"SAINZ MONGE, Idurre",2011,CN Menditxo,40.12,2026-02-01,Cto Álava Invierno Open,F,,,
50 Espalda,"ZUFIAUR GOMEZ, Maite",2011,CN Menditxo,40.27,2026-02-01,Cto Álava Invierno Open,F,,,
50 Espalda,"GONZALEZ SANCHEZ, Miren",2012,CN Judizmendi,40.54,2026-02-01,Cto Álava Invierno Open,F,,,
50 Espalda,"MARTINEZ ROJO, Leire",2012,CN Judizmendi,40.59,2026-02-01,Cto Álava Invierno Open,F,,,
50 Espalda,"CARAZO ARISTIMUÑO, Nerea",2011,CN Zadorra,42.93,2026-02-01,Cto Álava Invierno Open,F,,,
50 Espalda,"MARTINEZ ESCOLAR, Ainhoa",2012,CN Zadorra,42.97,2026-02-01,Cto Álava Invierno Open,F,,,
50 Espalda,"NUÑEZ ASPIAZU, Miren",2011,CN Zadorra,43.10,2026-02-01,Cto Álava Invierno Open,F,,,
50 Espalda,"TABARES LERMA, Getari",2012,CN Zadorra,44.31,2026-02-01,Cto Álava Invierno Open,F,,,
50 Espalda,"ALONSO GARCIA, Adriana",2012,CN Zadorra,45.15,2026-02-01,Cto Álava Invierno Open,F,,,
50 Espalda,"GUTIERREZ BERMUDEZ, Lucia",2011,CN Zadorra,45.77,2026-02-01,Cto Álava Invierno Open,F,,,
50 Espalda,"AGUIRREGOMEZCORTA ALIAS, Olatz",2011,CN Menditxo,46.96,2026-02-01,Cto Álava Invierno Open,F,,,
50 Espalda,"RODRIGUEZ GUINEA, Ane",2011,CN Zadorra,52.04,2026-02-01,Cto Álava Invierno Open,F,,,
50 Espalda,"RUIZ GARITANO, Izaro",2008,CN Menditxo,34.74,2026-02-01,Cto Álava Invierno Open,F,,,
50 Espalda,"FERNANDEZ NISO, June",2010,CN Judizmendi,36.02,2026-02-01,Cto Álava Invierno Open,F,,,
50 Espalda,"LOPEZ DE JUAN ABAD, Carla",2009,CN Menditxo,36.32,2026-02-01,Cto Álava Invierno Open,F,,,
50 Espalda,"GONZALEZ ANGULO, Olatz",2008,CN Zadorra,36.61,2026-02-01,Cto Álava Invierno Open,F,,,
50 Espalda,"MORENO ALONSO, Aintzane",2008,CN Zadorra,37.35,2026-02-01,Cto Álava Invierno Open,F,,,
50 Espalda,"SANCHEZ VICENTE, Nagore",2008,CN Zadorra,39.79,2026-02-01,Cto Álava Invierno Open,F,,,
50 Espalda,"MARTINEZ PRADO, Cielo",2010,CN Judizmendi,41.27,2026-02-01,Cto Álava Invierno Open,F,,,
50 Espalda,"BIDAURRATZAGA CHASCO, Sara",2010,CN Judizmendi,41.85,2026-02-01,Cto Álava Invierno Open,F,,,
50 Espalda,"CIRRE MARTINEZ DE ALBENIZ, Irati",2010,CN Zadorra,42.74,2026-02-01,Cto Álava Invierno Open,F,,,
50 Espalda,"OTERINO GARCIA-MENDAZA, Edurne",2009,CN Menditxo,47.45,2026-02-01,Cto Álava Invierno Open,F,,,
50 Espalda,"MONDEJAR MOYA, Ekine",2007,CN Menditxo,30.97,2026-02-01,Cto Álava Invierno Open,F,,,
50 Espalda,"REDONDO CRAF, Lucia",2006,CI Laudio,36.13,2026-02-01,Cto Álava Invierno Open,F,,,
50 Espalda,"SALAZAR ORTIZ DE URBINA, Haizea",2006,CN Urgain,38.14,2026-02-01,Cto Álava Invierno Open,F,,,
800 Libre,"ORTEGA ENRIQUE, Yeray",2012,CN Menditxo,9:37.60,2026-02-01,Cto Álava Invierno Open,M,;1:05.31;;1:10.66;;1:12.80;;1:13.55;;1:14.37;;1:14.72;;1:13.77;;1:12.42,,
800 Libre,"PUERTAS RIVAS, Aratz",2011,CN Judizmendi,10:09.79,2026-02-01,Cto Álava Invierno Open,M,;1:10.66;;1:16.52;;1:17.48;;1:17.97;;1:18.54;;1:17.98;;1:16.67;;1:13.97,,
800 Libre,"MENDIA GAINZARAIN, Oihan",2011,CN Menditxo,10:29.18,2026-02-01,Cto Álava Invierno Open,M,;1:13.69;;1:21.39;;1:21.40;;1:21.78;;1:19.44;;1:20.17;;1:18.58;;1:12.73,,
800 Libre,"FERNANDEZ SAEZ, Martin",2011,CN Judizmendi,10:34.47,2026-02-01,Cto Álava Invierno Open,M,;1:14.37;;1:20.62;;1:21.67;;1:20.70;;1:20.74;;1:19.15;;1:19.66;;1:17.56,,
800 Libre,"ARMIÑO CRUCELEGUI, Alex",2011,CN Judizmendi,10:41.14,2026-02-01,Cto Álava Invierno Open,M,;1:15.22;;1:24.10;;1:21.83;;1:21.22;;1:21.37;;1:20.06;;1:20.51;;1:16.83,,
800 Libre,"IBARRARAN RAMIREZ DE OCARIZ, Jon",2012,CN Judizmendi,10:52.34,2026-02-01,Cto Álava Invierno Open,M,;1:15.75;;1:21.55;;1:23.39;;1:24.11;;1:24.11;;1:23.31;;1:22.07;;1:18.05,,
800 Libre,"ETXEBARRIA SAEZ DE UGARTE, Eneko",2011,CN Judizmendi,10:53.81,2026-02-01,Cto Álava Invierno Open,M,;1:13.63;;1:22.64;;1:23.58;;1:23.98;;1:23.24;;1:23.20;;1:23.66;;1:19.88,,
800 Libre,"UBIRIA APRAIZ, Julen",2012,CN Judizmendi,11:05.08,2026-02-01,Cto Álava Invierno Open,M,;1:18.65;;1:23.76;;1:24.95;;1:24.23;;1:24.23;;1:23.87;;1:24.15;;1:21.24,,
800 Libre,"MARTINEZ YOLDI, Gorka",2012,CN Judizmendi,11:23.74,2026-02-01,Cto Álava Invierno Open,M,;1:16.56;;1:27.47;;1:26.15;;1:27.62;;1:27.53;;1:28.61;;1:27.86;;1:21.94,,
800 Libre,"RODRIGUEZ ZUBIAURRE, Luka",2012,CN Judizmendi,11:27.14,2026-02-01,Cto Álava Invierno Open,M,;1:16.85;;1:25.40;;1:26.99;;1:28.37;;1:29.29;;1:28.47;;1:27.68;;1:24.09,,
800 Libre,"HERNANDEZ QUEREJAZU, John",2011,CN Menditxo,12:00.51,2026-02-01,Cto Álava Invierno Open,M,;1:23.10;;1:30.91;;1:32.00;;1:31.72;;1:32.68;;1:32.78;;1:30.33;;1:26.99,,
800 Libre,"RODRIGUEZ LÓPEZ DE VICUÑA, Jokin",2010,CN Judizmendi,9:42.88,2026-02-01,Cto Álava Invierno Open,M,;1:09.15;;1:13.77;;1:14.62;;1:14.07;;1:12.89;;1:13.40;;1:13.54;;1:11.44,,
800 Libre,"LOPEZ DE SABANDO GONZALEZ, Uztaritz",2006,CN Menditxo,10:06.30,2026-02-01,Cto Álava Invierno Open,M,;1:07.53;;1:12.30;;1:13.93;;1:15.06;;1:17.18;;1:19.95;;1:20.23;;1:20.12,,
800 Libre,"DURANA ANDA, Martina",2011,CN Judizmendi,10:59.90,2026-02-01,Cto Álava Invierno Open,F,;1:17.02;;1:22.94;;1:23.77;;1:25.82;;1:24.30;;1:23.63;;1:23.36;;1:19.06,,
800 Libre,"GOYARROLA ARTOLA, Ayala",2012,CN Judizmendi,11:00.94,2026-02-01,Cto Álava Invierno Open,F,;1:19.57;;1:24.54;;1:24.32;;1:23.54;;1:23.70;;1:23.91;;1:22.29;;1:19.07,,
800 Libre,"LLAMAS FERNANDEZ, Irati",2012,CN Judizmendi,12:03.71,2026-02-01,Cto Álava Invierno Open,F,;1:22.38;;1:30.84;;1:32.01;;1:32.42;;1:32.74;;1:32.72;;1:31.24;;1:29.36,,
800 Libre,"GONZALEZ ELIZBURU, Leire",2012,CN Judizmendi,12:07.93,2026-02-01,Cto Álava Invierno Open,F,;1:24.47;;1:32.27;;1:33.54;;1:32.79;;1:33.03;;1:33.66;;1:33.37;;1:24.80,,
800 Libre,"RODRIGUEZ DE YURRE BUESA, Amaia",2010,CN Judizmendi,10:07.19,2026-02-01,Cto Álava Invierno Open,F,;1:12.07;;1:16.27;;1:16.88;;1:17.32;;1:16.82;;1:17.12;;1:16.42;;1:14.29,,
800 Libre,"LZ LUZURIAGA FZ RETANA, Maddi",2010,CN Judizmendi,10:41.07,2026-02-01,Cto Álava Invierno Open,F,;1:14.37;;1:20.40;;1:21.24;;1:21.66;;1:21.24;;1:20.71;;1:21.09;;1:20.36,,
100 Libre,"CORTINA FERNANDEZ DE LIGER, Xabier",2012,CN Judizmendi,1:03.90,2026-02-01,Cto Álava Invierno Open,M,30.67;33.23,,
100 Libre,"VARA DIAZ DE GARAYO, Aimar",2011,CN Menditxo,1:04.56,2026-02-01,Cto Álava Invierno Open,M,30.50;34.06,,
100 Libre,"FDZ. DE RETANA GONZALEZ DE HEREDIA, Xabier",2011,CN Judizmendi,1:05.45,2026-02-01,Cto Álava Invierno Open,M,,,
100 Libre,"ANTON BELTRAN DE GUEVARA, Alex",2012,CN Judizmendi,1:06.79,2026-02-01,Cto Álava Invierno Open,M,32.47;34.32,,
100 Libre,"LOPEZ DE MUNAIN SEDANO, Oier",2011,CN Menditxo,1:10.15,2026-02-01,Cto Álava Invierno Open,M,34.20;35.95,,
100 Libre,"CARPIO RODRIGUEZ, Urko",2012,CN Judizmendi,1:16.23,2026-02-01,Cto Álava Invierno Open,M,,,
100 Libre,"RODRIGUEZ BLANCO, Unax",2012,CN Judizmendi,1:16.49,2026-02-01,Cto Álava Invierno Open,M,36.48;40.01,,
100 Libre,"ROS IRIARTE, Ekhi",2012,CN Urgain,1:16.70,2026-02-01,Cto Álava Invierno Open,M,35.66;41.04,,
100 Libre,"LOPEZ DE OCARIZ DE ALAVA, Sergio",2009,CN Judizmendi,55.29,2026-02-01,Cto Álava Invierno Open,M,26.39;28.90,,
100 Libre,"GARCIA LUKE, Unai",2010,CN Judizmendi,59.84,2026-02-01,Cto Álava Invierno Open,M,28.66;31.18,,
100 Libre,"URIARTE ORTIZ DE MENDIVIL, Galder",2010,CN Judizmendi,1:00.75,2026-02-01,Cto Álava Invierno Open,M,29.02;31.73,,
100 Libre,"GONZALEZ BERNARDO, Aimar",2009,CN Menditxo,1:01.72,2026-02-01,Cto Álava Invierno Open,M,28.97;32.75,,
100 Libre,"URIARTE MARQUEZ, Bruno",2010,CN Menditxo,1:01.90,2026-02-01,Cto Álava Invierno Open,M,28.73;33.17,,
100 Libre,"FZ RETANA GZ HEREDIA, Oier",2009,CN Judizmendi,1:02.22,2026-02-01,Cto Álava Invierno Open,M,30.71;31.51,,
100 Libre,"HERNANDEZ CAÑO, Gonzalo",2010,CN Judizmendi,1:02.99,2026-02-01,Cto Álava Invierno Open,M,,,
100 Libre,"MONTORO RAMIREZ, Angel",2010,CN Menditxo,1:03.94,2026-02-01,Cto Álava Invierno Open,M,,,
100 Libre,"AGUIRRE ROMERO, Kirmen",2008,CN Urgain,1:05.68,2026-02-01,Cto Álava Invierno Open,M,,,
100 Libre,"GOMEZ ANGULO, Eder",2010,CN Urgain,1:09.74,2026-02-01,Cto Álava Invierno Open,M,,,
100 Libre,"CONDE GARCIA, Aingeru",2010,CN Menditxo,1:15.24,2026-02-01,Cto Álava Invierno Open,M,,,
100 Libre,"LIZARDUY CASTILLO, Sergio",2006,CN Menditxo,52.52,2026-02-01,Cto Álava Invierno Open,M,25.61;26.91,,
100 Libre,"FERNANDEZ HUARTE, Asier",2007,CN Menditxo,52.63,2026-02-01,Cto Álava Invierno Open,M,25.42;27.21,,
100 Libre,"GIL ALLAFLOR, Inigo",2006,CN Judizmendi,57.86,2026-02-01,Cto Álava Invierno Open,M,,,
100 Libre,"JAUSORO GONZALEZ, Martin",2006,CN Urgain,1:02.22,2026-02-01,Cto Álava Invierno Open,M,,,
100 Libre,"OZAETA URQUIJO, Jon",2006,CI Laudio,1:04.58,2026-02-01,Cto Álava Invierno Open,M,30.66;33.92,,
100 Libre,"AGIRREBALTZATEGI DURANA, Beñat",2002,CN Judizmendi,52.48,2026-02-01,Cto Álava Invierno Open,M,25.49;26.99,,
100 Libre,"ZUGAZAGA GARAGALZA, Urko",2005,CN Judizmendi,53.51,2026-02-01,Cto Álava Invierno Open,M,26.13;27.38,,
100 Libre,"HERVIAS FERNANDEZ, Saul",1999,CN Menditxo,55.62,2026-02-01,Cto Álava Invierno Open,M,,,
100 Libre,"MARIMON ANZOLA, Aritz",2005,CN Judizmendi,55.90,2026-02-01,Cto Álava Invierno Open,M,27.04;28.86,,
100 Libre,"CANTERO RISQUE, Danel",2002,CN Menditxo,56.26,2026-02-01,Cto Álava Invierno Open,M,27.27;28.99,,
100 Libre,"BAÑON ALFARO, Javier",1989,CN Menditxo,1:00.28,2026-02-01,Cto Álava Invierno Open,M,,,
100 Libre,"ALBIZU LOPEZ DE GUEREÑU, Ruben",2005,CN Zadorra,1:01.38,2026-02-01,Cto Álava Invierno Open,M,29.58;31.80,,
100 Libre,"AGUIRRE SANCHEZ, Eider",2011,CN Judizmendi,1:03.06,2026-02-01,Cto Álava Invierno Open,F,,,
100 Libre,"GARAY SAENZ, Ixone",2011,CN Judizmendi,1:04.40,2026-02-01,Cto Álava Invierno Open,F,31.13;33.27,,
100 Libre,"ABAITUA PIPAON, Malen",2011,CN Judizmendi,1:07.05,2026-02-01,Cto Álava Invierno Open,F,31.87;35.18,,
100 Libre,"GONZALEZ FERNANDEZ, Laia",2012,CN Judizmendi,1:09.70,2026-02-01,Cto Álava Invierno Open,F,33.73;35.97,,
100 Libre,"PINILLA SOLETO, Naia",2011,CN Menditxo,1:10.46,2026-02-01,Cto Álava Invierno Open,F,,,
100 Libre,"MUÑOZ FELIPE, Oihane",2011,CN Menditxo,1:10.94,2026-02-01,Cto Álava Invierno Open,F,34.25;36.69,,
100 Libre,"ORTIZ DE ZARATE VILLEN, Leizuri",2012,CN Menditxo,1:11.15,2026-02-01,Cto Álava Invierno Open,F,33.94;37.21,,
100 Libre,"FDZ. DE LABASTIDA DIAZ, Ainhize",2011,CN Menditxo,1:11.54,2026-02-01,Cto Álava Invierno Open,F,34.49;37.05,,
100 Libre,"PULIDO CRESPO, Nahia",2011,CN Menditxo,1:12.03,2026-02-01,Cto Álava Invierno Open,F,,,
100 Libre,"GONZALEZ SANCHEZ, Miren",2012,CN Judizmendi,1:13.64,2026-02-01,Cto Álava Invierno Open,F,,,
100 Libre,"GOMEZ MORAN, Naroa",2011,CN Urgain,1:14.55,2026-02-01,Cto Álava Invierno Open,F,35.03;39.52,,
100 Libre,"CARAZO ARISTIMUÑO, Nerea",2011,CN Zadorra,1:15.16,2026-02-01,Cto Álava Invierno Open,F,35.61;39.55,,
100 Libre,"ALONSO GARCIA, Adriana",2012,CN Zadorra,1:22.98,2026-02-01,Cto Álava Invierno Open,F,40.40;42.58,,
100 Libre,"GUTIERREZ BERMUDEZ, Lucia",2011,CN Zadorra,1:23.33,2026-02-01,Cto Álava Invierno Open,F,40.22;43.11,,
100 Libre,"TABARES LERMA, Getari",2012,CN Zadorra,1:25.26,2026-02-01,Cto Álava Invierno Open,F,39.62;45.64,,
100 Libre,"AGUIRREGOMEZCORTA ALIAS, Olatz",2011,CN Menditxo,1:26.42,2026-02-01,Cto Álava Invierno Open,F,41.69;44.73,,
100 Libre,"RODRIGUEZ GUINEA, Ane",2011,CN Zadorra,1:26.96,2026-02-01,Cto Álava Invierno Open,F,40.91;46.05,,
100 Libre,"LIZARDUY CASTILLO, Iris",2008,CN Menditxo,1:00.65,2026-02-01,Cto Álava Invierno Open,F,29.16;31.49,,
100 Libre,"ORTEGA ENRIQUE, Nayra",2008,CN Menditxo,1:02.87,2026-02-01,Cto Álava Invierno Open,F,,,
100 Libre,"RUIZ GARITANO, Izaro",2008,CN Menditxo,1:04.00,2026-02-01,Cto Álava Invierno Open,F,31.01;32.99,,
100 Libre,"BAZTAN ARANA, Maddi",2008,CN Judizmendi,1:05.89,2026-02-01,Cto Álava Invierno Open,F,31.92;33.97,,
100 Libre,"GUZMAN BREDA, Uxue",2010,CN Judizmendi,1:06.02,2026-02-01,Cto Álava Invierno Open,F,31.71;34.31,,
100 Libre,"CAUBILLA MARTIN, Eider",2008,CN Menditxo,1:07.35,2026-02-01,Cto Álava Invierno Open,F,,,
100 Libre,"LOPEZ DE JUAN ABAD, Carla",2009,CN Menditxo,1:07.55,2026-02-01,Cto Álava Invierno Open,F,31.99;35.56,,
100 Libre,"FERNANDEZ NISO, June",2010,CN Judizmendi,1:08.42,2026-02-01,Cto Álava Invierno Open,F,,,
100 Libre,"ANDRES HERNANDO, Nahia",2010,CN Judizmendi,1:09.40,2026-02-01,Cto Álava Invierno Open,F,32.26;37.14,,
100 Libre,"CIRRE MARTINEZ DE ALBENIZ, Irati",2010,CN Zadorra,1:12.63,2026-02-01,Cto Álava Invierno Open,F,34.65;37.98,,
100 Libre,"GONZALEZ ANGULO, Olatz",2008,CN Zadorra,1:13.28,2026-02-01,Cto Álava Invierno Open,F,34.13;39.15,,
100 Libre,"BIDAURRATZAGA CHASCO, Sara",2010,CN Judizmendi,1:20.92,2026-02-01,Cto Álava Invierno Open,F,39.80;41.12,,
100 Libre,"OTERINO GARCIA-MENDAZA, Edurne",2009,CN Menditxo,1:29.23,2026-02-01,Cto Álava Invierno Open,F,41.38;47.85,,
100 Libre,"MONDEJAR MOYA, Ekine",2007,CN Menditxo,58.87,2026-02-01,Cto Álava Invierno Open,F,28.45;30.42,,
100 Libre,"AGUIRREGOMEZCORTA ALIAS, Johana",2007,CN Menditxo,1:04.41,2026-02-01,Cto Álava Invierno Open,F,30.42;33.99,,
100 Libre,"REDONDO CRAF, Lucia",2006,CI Laudio,1:09.07,2026-02-01,Cto Álava Invierno Open,F,32.41;36.66,,
100 Libre,"SALAZAR ORTIZ DE URBINA, Haizea",2006,CN Urgain,1:10.11,2026-02-01,Cto Álava Invierno Open,F,33.01;37.10,,
100 Libre,"DELGADO LOPO, Aizane",2006,CN Urgain,1:13.59,2026-02-01,Cto Álava Invierno Open,F,35.90;37.69,,
100 Libre,"RUIZ OLALLA MARQUEZ, Vera",2007,CN Urgain,1:18.12,2026-02-01,Cto Álava Invierno Open,F,,,
100 Libre,"GAISAN PEREZ, Leire",2003,CN Menditxo,1:11.24,2026-02-01,Cto Álava Invierno Open,F,33.65;37.59,,
50 Braza,"FDZ. DE RETANA GONZALEZ DE HEREDIA, Xabier",2011,CN Judizmendi,37.40,2026-02-01,Cto Álava Invierno Open,M,,,
50 Braza,"ORTEGA ARANGO, Ander",2012,CN Judizmendi,38.94,2026-02-01,Cto Álava Invierno Open,M,,,
50 Braza,"HERNANDEZ QUEREJAZU, John",2011,CN Menditxo,42.77,2026-02-01,Cto Álava Invierno Open,M,,,
50 Braza,"MARTINEZ MUZAS, Unax",2012,CN Judizmendi,45.30,2026-02-01,Cto Álava Invierno Open,M,,,
50 Braza,"LOPEZ DE OCARIZ DE ALAVA, Sergio",2009,CN Judizmendi,30.66,2026-02-01,Cto Álava Invierno Open,M,,,
50 Braza,"ABAITUA PIPAON, Benat",2008,CN Judizmendi,31.89,2026-02-01,Cto Álava Invierno Open,M,,,
50 Braza,"DIAZ DE CERIO ABASOLO, Aitor",2008,CN Judizmendi,33.59,2026-02-01,Cto Álava Invierno Open,M,,,
50 Braza,"PUERTAS RIVAS, Urtzi",2010,CN Judizmendi,33.72,2026-02-01,Cto Álava Invierno Open,M,,,
50 Braza,"DIAZ DE BERRIKANO BUESA, Xabier",2009,CN Judizmendi,35.21,2026-02-01,Cto Álava Invierno Open,M,,,
50 Braza,"MZ DE SAN VICENTE LLANA, Markel",2009,CN Judizmendi,36.12,2026-02-01,Cto Álava Invierno Open,M,,,
50 Braza,"HERNANDEZ CAÑO, Gonzalo",2010,CN Judizmendi,36.45,2026-02-01,Cto Álava Invierno Open,M,,,
50 Braza,"SAINZ MONGE, Iker",2009,CN Menditxo,36.68,2026-02-01,Cto Álava Invierno Open,M,,,
50 Braza,"CONDE GARCIA, Aingeru",2010,CN Menditxo,42.68,2026-02-01,Cto Álava Invierno Open,M,,,
50 Braza,"RITUERTO PEREZ DEL NOTARIO, Iker",2007,CN Menditxo,31.52,2026-02-01,Cto Álava Invierno Open,M,,,
50 Braza,"ARBERAS URQUIJO, Martin",2006,CI Laudio,36.10,2026-02-01,Cto Álava Invierno Open,M,,,
50 Braza,"LOPEZ OCIO, Jon",2006,CN Urgain,38.13,2026-02-01,Cto Álava Invierno Open,M,,,
50 Braza,"FERNANDEZ DE RETANA PALMA, Ieltxu",2006,CN Urgain,38.59,2026-02-01,Cto Álava Invierno Open,M,,,
50 Braza,"ESPEJO MARTIN, Pablo",2005,CN Judizmendi,29.18,2026-02-01,Cto Álava Invierno Open,M,,,
50 Braza,"NANCLARES IBARGUTXI, Xabier",2003,CN Judizmendi,32.67,2026-02-01,Cto Álava Invierno Open,M,,,
50 Braza,"CANTERO RISQUE, Danel",2002,CN Menditxo,33.43,2026-02-01,Cto Álava Invierno Open,M,,,
50 Braza,"GIL ALONSO, Jon",1990,CN Urgain,35.73,2026-02-01,Cto Álava Invierno Open,M,,,
50 Braza,"MARTÍNEZ DE ANTOÑANA ALZOLA, A.",1983,CN Judizmendi,55.51,2026-02-01,Cto Álava Invierno Open,M,,,
50 Braza,"ANGULO SANTAMARIA, Irune",2011,CN Menditxo,38.89,2026-02-01,Cto Álava Invierno Open,F,,,
50 Braza,"MARTINEZ ESCOLAR, Ainhoa",2012,CN Zadorra,40.91,2026-02-01,Cto Álava Invierno Open,F,,,
50 Braza,"ZUFIAUR GOMEZ, Maite",2011,CN Menditxo,41.09,2026-02-01,Cto Álava Invierno Open,F,,,
50 Braza,"GONZALEZ ELIZBURU, Leire",2012,CN Judizmendi,41.29,2026-02-01,Cto Álava Invierno Open,F,,,
50 Braza,"MARTINEZ ROJO, Leire",2012,CN Judizmendi,41.50,2026-02-01,Cto Álava Invierno Open,F,,,
50 Braza,"RODRÍGUEZ LÓPEZ DE VICUÑA, Nora",2012,CN Judizmendi,42.38,2026-02-01,Cto Álava Invierno Open,F,,,
50 Braza,"SAINZ MONGE, Idurre",2011,CN Menditxo,43.44,2026-02-01,Cto Álava Invierno Open,F,,,
50 Braza,"MENDIBE SAN JUAN, Amaia",2011,CN Menditxo,44.90,2026-02-01,Cto Álava Invierno Open,F,,,
50 Braza,"MARTINEZ DE MURGUIA ALVAREZ, Izaro",2012,CN Judizmendi,45.19,2026-02-01,Cto Álava Invierno Open,F,,,
50 Braza,"FERNANDEZ CABRERA, Mara",2012,CN Menditxo,45.26,2026-02-01,Cto Álava Invierno Open,F,,,
50 Braza,"LUCIA LIN, Xuyun",2011,CN Urgain,45.73,2026-02-01,Cto Álava Invierno Open,F,,,
50 Braza,"NUÑEZ ASPIAZU, Miren",2011,CN Zadorra,46.50,2026-02-01,Cto Álava Invierno Open,F,,,
50 Braza,"HERRERO ALONSO, Izaro",2012,CN Judizmendi,51.23,2026-02-01,Cto Álava Invierno Open,F,,,
50 Braza,"DIAZ DE CERIO ABASOLO, Laida",2009,CN Judizmendi,36.83,2026-02-01,Cto Álava Invierno Open,F,,,
50 Braza,"CAUBILLA MARTIN, Eider",2008,CN Menditxo,36.93,2026-02-01,Cto Álava Invierno Open,F,,,
50 Braza,"RODRIGUEZ DE YURRE BUESA, Amaia",2010,CN Judizmendi,38.95,2026-02-01,Cto Álava Invierno Open,F,,,
50 Braza,"ORTEGA ENRIQUE, Nayra",2008,CN Menditxo,38.96,2026-02-01,Cto Álava Invierno Open,F,,,
50 Braza,"MORENO ALONSO, Aintzane",2008,CN Zadorra,42.48,2026-02-01,Cto Álava Invierno Open,F,,,
50 Braza,"RUIZ OLALLA MARQUEZ, Vera",2007,CN Urgain,49.78,2026-02-01,Cto Álava Invierno Open,F,,,
50 Braza,"GOTXIKOA TORRECILLA, Ainhoa",2005,CN Menditxo,35.47,2026-02-01,Cto Álava Invierno Open,F,,,
50 Braza,"IZUSKITZA UGARTE, June",2003,CN Judizmendi,56.21,2026-02-01,Cto Álava Invierno Open,F,,,
200 Libre,"ABAITUA PIPAON, Malen",2011,CN Judizmendi,2:22.25,2026-02-01,Cto Álava Invierno Open,F,33.38;36.44;36.87;35.56,,
200 Libre,"GARAY SAENZ, Ixone",2011,CN Judizmendi,2:22.67,2026-02-01,Cto Álava Invierno Open,F,34.00;36.43;37.01;35.23,,
200 Libre,"DURANA ANDA, Martina",2011,CN Judizmendi,2:30.98,2026-02-01,Cto Álava Invierno Open,F,35.40;38.65;38.84;38.09,,
200 Libre,"HERRANZ FDZ DE LANDA, Haizea",2011,CN Menditxo,2:33.40,2026-02-01,Cto Álava Invierno Open,F,36.40;39.71;39.89;37.40,,
200 Libre,"GOYARROLA ARTOLA, Ayala",2012,CN Judizmendi,2:33.78,2026-02-01,Cto Álava Invierno Open,F,36.03;39.71;39.92;38.12,,
200 Libre,"RODRÍGUEZ LÓPEZ DE VICUÑA, Nora",2012,CN Judizmendi,2:34.50,2026-02-01,Cto Álava Invierno Open,F,35.51;40.12;40.19;38.68,,
200 Libre,"ORTIZ DE ZARATE VILLEN, Leizuri",2012,CN Menditxo,2:35.23,2026-02-01,Cto Álava Invierno Open,F,35.88;39.76;40.29;39.30,,
200 Libre,"MUÑOZ FELIPE, Oihane",2011,CN Menditxo,2:39.38,2026-02-01,Cto Álava Invierno Open,F,36.79;40.54;41.56;40.49,,
200 Libre,"PULIDO CRESPO, Nahia",2011,CN Menditxo,2:41.29,2026-02-01,Cto Álava Invierno Open,F,36.00;40.31;42.61;42.37,,
200 Libre,"LLAMAS FERNANDEZ, Irati",2012,CN Judizmendi,2:47.52,2026-02-01,Cto Álava Invierno Open,F,37.80;41.35;44.86;43.51,,
200 Libre,"MARTINEZ DE MURGUIA ALVAREZ, Izaro",2012,CN Judizmendi,2:48.78,2026-02-01,Cto Álava Invierno Open,F,39.20;42.08;44.54;42.96,,
200 Libre,"COLLADO MORENO, Cristina",2011,CN Urgain,2:50.13,2026-02-01,Cto Álava Invierno Open,F,37.67;42.48;45.34;44.64,,
200 Libre,"HERRERO ALONSO, Izaro",2012,CN Judizmendi,2:51.17,2026-02-01,Cto Álava Invierno Open,F,,,
200 Libre,"MARTINEZ ESCOLAR, Ainhoa",2012,CN Zadorra,2:52.09,2026-02-01,Cto Álava Invierno Open,F,39.07;43.51;46.18;43.33,,
200 Libre,"GOMEZ MORAN, Naroa",2011,CN Urgain,2:52.53,2026-02-01,Cto Álava Invierno Open,F,37.23;42.65;46.12;46.53,,
200 Libre,"CARAZO ARISTIMUÑO, Nerea",2011,CN Zadorra,2:54.95,2026-02-01,Cto Álava Invierno Open,F,37.62;42.31;46.60;48.42,,
200 Libre,"LUCIA LIN, Xuyun",2011,CN Urgain,2:58.84,2026-02-01,Cto Álava Invierno Open,F,37.37;45.89;49.62;45.96,,
200 Libre,"ALONSO GARCIA, Adriana",2012,CN Zadorra,2:59.06,2026-02-01,Cto Álava Invierno Open,F,,,
200 Libre,"AGUIRREGOMEZCORTA ALIAS, Olatz",2011,CN Menditxo,3:04.58,2026-02-01,Cto Álava Invierno Open,F,42.26;47.02;48.88;46.42,,
200 Libre,"GUTIERREZ BERMUDEZ, Lucia",2011,CN Zadorra,3:07.63,2026-02-01,Cto Álava Invierno Open,F,42.69;47.71;49.20;48.03,,
200 Libre,"RODRIGUEZ GUINEA, Ane",2011,CN Zadorra,3:20.00,2026-02-01,Cto Álava Invierno Open,F,,,
200 Libre,"ORTEGA ENRIQUE, Nayra",2008,CN Menditxo,2:20.69,2026-02-01,Cto Álava Invierno Open,F,33.14;35.83;36.90;34.82,,
200 Libre,"RODRIGUEZ DE YURRE BUESA, Amaia",2010,CN Judizmendi,2:22.33,2026-02-01,Cto Álava Invierno Open,F,33.55;36.36;36.94;35.48,,
200 Libre,"GUZMAN BREDA, Uxue",2010,CN Judizmendi,2:25.61,2026-02-01,Cto Álava Invierno Open,F,,,
200 Libre,"ANDRES HERNANDO, Nahia",2010,CN Judizmendi,2:30.58,2026-02-01,Cto Álava Invierno Open,F,36.41;39.08;37.41;37.68,,
200 Libre,"MARTINEZ PRADO, Cielo",2010,CN Judizmendi,2:42.90,2026-02-01,Cto Álava Invierno Open,F,37.30;40.65;44.40;40.55,,
200 Libre,"CASTELLANO LOPEZ, Maialen",2006,CN Menditxo,2:17.07,2026-02-01,Cto Álava Invierno Open,F,31.78;34.48;35.90;34.91,,
200 Libre,"AGUIRREGOMEZCORTA ALIAS, Johana",2007,CN Menditxo,2:20.39,2026-02-01,Cto Álava Invierno Open,F,32.39;34.77;36.58;36.65,,
200 Libre,"PUERTAS RIVAS, Aratz",2011,CN Judizmendi,2:19.19,2026-02-01,Cto Álava Invierno Open,M,31.98;34.87;36.95;35.39,,
200 Libre,"FERNANDEZ SAEZ, Martin",2011,CN Judizmendi,2:21.72,2026-02-01,Cto Álava Invierno Open,M,32.43;36.45;37.90;34.94,,
200 Libre,"VARA DIAZ DE GARAYO, Aimar",2011,CN Menditxo,2:22.28,2026-02-01,Cto Álava Invierno Open,M,32.99;36.88;38.50;33.91,,
200 Libre,"ETXEBARRIA SAEZ DE UGARTE, Eneko",2011,CN Judizmendi,2:23.09,2026-02-01,Cto Álava Invierno Open,M,32.48;35.49;37.52;37.60,,
200 Libre,"IBARRARAN RAMIREZ DE OCARIZ, Jon",2012,CN Judizmendi,2:23.97,2026-02-01,Cto Álava Invierno Open,M,32.36;35.97;38.34;37.30,,
200 Libre,"CORTINA FERNANDEZ DE LIGER, Xabier",2012,CN Judizmendi,2:24.12,2026-02-01,Cto Álava Invierno Open,M,33.34;37.34;37.44;36.00,,
200 Libre,"ARMIÑO CRUCELEGUI, Alex",2011,CN Judizmendi,2:26.10,2026-02-01,Cto Álava Invierno Open,M,33.64;36.86;39.07;36.53,,
200 Libre,"ANTON BELTRAN DE GUEVARA, Alex",2012,CN Judizmendi,2:27.17,2026-02-01,Cto Álava Invierno Open,M,,,
200 Libre,"RODRIGUEZ ZUBIAURRE, Luka",2012,CN Judizmendi,2:30.62,2026-02-01,Cto Álava Invierno Open,M,35.14;38.75;39.13;37.60,,
200 Libre,"UBIRIA APRAIZ, Julen",2012,CN Judizmendi,2:32.49,2026-02-01,Cto Álava Invierno Open,M,34.81;39.27;40.01;38.40,,
200 Libre,"MARTINEZ YOLDI, Gorka",2012,CN Judizmendi,2:34.93,2026-02-01,Cto Álava Invierno Open,M,35.38;39.21;40.77;39.57,,
200 Libre,"BASABEA OLABE, Ekain",2012,CN Judizmendi,2:41.23,2026-02-01,Cto Álava Invierno Open,M,36.17;39.94;42.01;43.11,,
200 Libre,"MARTINEZ MUZAS, Unax",2012,CN Judizmendi,2:42.33,2026-02-01,Cto Álava Invierno Open,M,37.57;43.20;41.65;39.91,,
200 Libre,"HERNANDEZ QUEREJAZU, John",2011,CN Menditxo,2:44.36,2026-02-01,Cto Álava Invierno Open,M,,,
200 Libre,"CARPIO RODRIGUEZ, Urko",2012,CN Judizmendi,2:47.25,2026-02-01,Cto Álava Invierno Open,M,38.66;43.26;44.50;40.83,,
200 Libre,"ROS IRIARTE, Ekhi",2012,CN Urgain,2:58.52,2026-02-01,Cto Álava Invierno Open,M,39.49;45.10;47.15;46.78,,
200 Libre,"ESPEJO MARTIN, Markel",2009,CN Judizmendi,2:07.17,2026-02-01,Cto Álava Invierno Open,M,29.56;32.61;32.52;32.48,,
200 Libre,"PEÑA BARCENA, Alvaro",2009,CN Menditxo,2:07.39,2026-02-01,Cto Álava Invierno Open,M,29.40;32.49;33.50;32.00,,
200 Libre,"RODRIGUEZ LÓPEZ DE VICUÑA, Jokin",2010,CN Judizmendi,2:14.85,2026-02-01,Cto Álava Invierno Open,M,31.36;33.93;35.53;34.03,,
200 Libre,"FZ RETANA GZ HEREDIA, Oier",2009,CN Judizmendi,2:16.56,2026-02-01,Cto Álava Invierno Open,M,31.54;35.10;35.94;33.98,,
200 Libre,"HERNANDEZ CAÑO, Gonzalo",2010,CN Judizmendi,2:16.70,2026-02-01,Cto Álava Invierno Open,M,31.42;34.78;36.12;34.38,,
200 Libre,"URIARTE MARQUEZ, Bruno",2010,CN Menditxo,2:18.83,2026-02-01,Cto Álava Invierno Open,M,31.43;36.80;35.40;35.20,,
200 Libre,"MONTORO RAMIREZ, Angel",2010,CN Menditxo,2:25.06,2026-02-01,Cto Álava Invierno Open,M,31.27;36.43;38.98;38.38,,
200 Libre,"GUTIERREZ ARTOLA, Mikel",2009,CN Zadorra,2:35.88,2026-02-01,Cto Álava Invierno Open,M,36.02;39.61;41.50;38.75,,
200 Libre,"GOMEZ ANGULO, Eder",2010,CN Urgain,2:46.15,2026-02-01,Cto Álava Invierno Open,M,33.84;41.39;43.89;47.03,,
200 Libre,"FERNANDEZ HUARTE, Asier",2007,CN Menditxo,1:59.61,2026-02-01,Cto Álava Invierno Open,M,26.69;31.17;31.40;30.35,,
200 Libre,"ZUGAZAGA GARAGALZA, Urko",2005,CN Judizmendi,1:58.88,2026-02-01,Cto Álava Invierno Open,M,27.38;30.28;31.00;30.22,,
200 Libre,"HERVIAS FERNANDEZ, Saul",1999,CN Menditxo,2:02.75,2026-02-01,Cto Álava Invierno Open,M,28.37;31.16;31.42;31.80,,
100 Mariposa,"GONZALEZ FERNANDEZ, Laia",2012,CN Judizmendi,1:19.04,2026-02-01,Cto Álava Invierno Open,F,37.60;41.44,,
100 Mariposa,"GONZALEZ SANCHEZ, Miren",2012,CN Judizmendi,1:26.65,2026-02-01,Cto Álava Invierno Open,F,39.75;46.90,,
100 Mariposa,"TABARES LERMA, Getari",2012,CN Zadorra,1:41.45,2026-02-01,Cto Álava Invierno Open,F,44.74;56.71,,
100 Mariposa,"LIZARDUY CASTILLO, Iris",2008,CN Menditxo,1:03.75,2026-02-01,Cto Álava Invierno Open,F,30.25;33.50,,
100 Mariposa,"DIAZ DE CERIO ABASOLO, Laida",2009,CN Judizmendi,1:15.07,2026-02-01,Cto Álava Invierno Open,F,36.26;38.81,,
100 Mariposa,"CIRRE MARTINEZ DE ALBENIZ, Irati",2010,CN Zadorra,1:23.38,2026-02-01,Cto Álava Invierno Open,F,39.81;43.57,,
100 Mariposa,"GONZALEZ ANGULO, Olatz",2008,CN Zadorra,1:24.25,2026-02-01,Cto Álava Invierno Open,F,37.74;46.51,,
100 Mariposa,"MONDEJAR MOYA, Ekine",2007,CN Menditxo,1:04.15,2026-02-01,Cto Álava Invierno Open,F,30.00;34.15,,
100 Mariposa,"MENDIA GAINZARAIN, Oihan",2011,CN Menditxo,1:14.77,2026-02-01,Cto Álava Invierno Open,M,34.85;39.92,,
100 Mariposa,"RODRIGUEZ BLANCO, Unax",2012,CN Judizmendi,1:23.01,2026-02-01,Cto Álava Invierno Open,M,38.67;44.34,,
100 Mariposa,"ORTIZ DE BARRON TENA, Jon",2011,CN Judizmendi,1:29.33,2026-02-01,Cto Álava Invierno Open,M,41.38;47.95,,
100 Mariposa,"URIARTE ORTIZ DE MENDIVIL, Galder",2010,CN Judizmendi,1:07.19,2026-02-01,Cto Álava Invierno Open,M,31.77;35.42,,
100 Mariposa,"GONZALEZ BERNARDO, Aimar",2009,CN Menditxo,1:10.85,2026-02-01,Cto Álava Invierno Open,M,32.30;38.55,,
100 Mariposa,"LIZARDUY CASTILLO, Sergio",2006,CN Menditxo,57.05,2026-02-01,Cto Álava Invierno Open,M,26.97;30.08,,
100 Mariposa,"GIL ALLAFLOR, Inigo",2006,CN Judizmendi,58.31,2026-02-01,Cto Álava Invierno Open,M,27.15;31.16,,
100 Mariposa,"MARIMON ANZOLA, Aritz",2005,CN Judizmendi,57.41,2026-02-01,Cto Álava Invierno Open,M,26.44;30.97,,
100 Mariposa,"CANTERO RISQUE, Danel",2002,CN Menditxo,1:06.16,2026-02-01,Cto Álava Invierno Open,M,31.01;35.15,,
1500 Libre,"FDZ. DE RETANA GONZALEZ DE HEREDIA, Xabier",2011,CN Judizmendi,19:07.86,2026-02-01,Cto Álava Invierno Open,M,;1:10.66;;1:16.61;;1:17.20;;1:17.06;;1:17.61;;1:17.56;;1:17.72;;1:17.41;;1:16.80;;1:17.38;;1:17.19;;1:17.00;;1:17.53;;1:16.83;;1:13.30,,
200 Braza,"ANGULO SANTAMARIA, Irune",2011,CN Menditxo,3:06.91,2026-02-01,Cto Álava Invierno Open,F,,,
200 Braza,"PINILLA SOLETO, Naia",2011,CN Menditxo,3:07.08,2026-02-01,Cto Álava Invierno Open,F,44.15;47.45;49.70;45.78,,
200 Braza,"GONZALEZ ELIZBURU, Leire",2012,CN Judizmendi,3:14.31,2026-02-01,Cto Álava Invierno Open,F,44.25;50.18;51.32;48.56,,
200 Braza,"ZUFIAUR GOMEZ, Maite",2011,CN Menditxo,3:19.21,2026-02-01,Cto Álava Invierno Open,F,45.75;50.96;52.05;50.45,,
200 Braza,"RODRÍGUEZ LÓPEZ DE VICUÑA, Nora",2012,CN Judizmendi,3:20.73,2026-02-01,Cto Álava Invierno Open,F,46.19;52.30;47.07;55.17,,
200 Braza,"MARTINEZ ESCOLAR, Ainhoa",2012,CN Zadorra,3:23.07,2026-02-01,Cto Álava Invierno Open,F,46.61;52.37;52.97;51.12,,
200 Braza,"MARTINEZ DE MURGUIA ALVAREZ, Izaro",2012,CN Judizmendi,3:34.16,2026-02-01,Cto Álava Invierno Open,F,48.35;55.12;55.36;55.33,,
200 Braza,"MENDIBE SAN JUAN, Amaia",2011,CN Menditxo,3:40.24,2026-02-01,Cto Álava Invierno Open,F,49.49;54.99;58.83;56.93,,
200 Braza,"DELGADO LOPO, Aizane",2006,CN Urgain,3:16.28,2026-02-01,Cto Álava Invierno Open,F,44.99;50.34;50.46;50.49,,
200 Braza,"ORTEGA ARANGO, Ander",2012,CN Judizmendi,3:01.32,2026-02-01,Cto Álava Invierno Open,M,42.30;44.39;48.55;46.08,,
200 Braza,"ORTIZ DE BARRON TENA, Jon",2011,CN Judizmendi,3:09.13,2026-02-01,Cto Álava Invierno Open,M,43.38;50.04;49.37;46.34,,
200 Braza,"FERNANDEZ SAEZ, Martin",2011,CN Judizmendi,3:12.42,2026-02-01,Cto Álava Invierno Open,M,45.27;48.45;51.87;46.83,,
200 Braza,"HERNANDEZ QUEREJAZU, John",2011,CN Menditxo,3:32.50,2026-02-01,Cto Álava Invierno Open,M,48.33;55.54;56.14;52.49,,
200 Braza,"PUERTAS RIVAS, Urtzi",2010,CN Judizmendi,2:39.08,2026-02-01,Cto Álava Invierno Open,M,36.72;40.16;41.49;40.71,,
200 Braza,"GARCIA LUKE, Unai",2010,CN Judizmendi,2:44.58,2026-02-01,Cto Álava Invierno Open,M,37.48;41.54;42.82;42.74,,
200 Braza,"DIAZ DE BERRIKANO BUESA, Xabier",2009,CN Judizmendi,2:50.86,2026-02-01,Cto Álava Invierno Open,M,38.85;42.60;44.35;45.06,,
200 Braza,"SAINZ MONGE, Iker",2009,CN Menditxo,3:03.11,2026-02-01,Cto Álava Invierno Open,M,,,
200 Braza,"RITUERTO PEREZ DEL NOTARIO, Iker",2007,CN Menditxo,2:36.02,2026-02-01,Cto Álava Invierno Open,M,35.28;39.32;41.49;39.93,,
100 Espalda,"AGUIRRE SANCHEZ, Eider",2011,CN Judizmendi,1:09.56,2026-02-01,Cto Álava Invierno Open,F,28.77;40.79,,
100 Espalda,"GARAY SAENZ, Ixone",2011,CN Judizmendi,1:16.95,2026-02-01,Cto Álava Invierno Open,F,37.26;39.69,,
100 Espalda,"DURANA ANDA, Martina",2011,CN Judizmendi,1:18.88,2026-02-01,Cto Álava Invierno Open,F,38.65;40.23,,
100 Espalda,"DAQUANNO, Giorgia",2012,CN Menditxo,1:20.82,2026-02-01,Cto Álava Invierno Open,F,40.25;40.57,,
100 Espalda,"HERRANZ FDZ DE LANDA, Haizea",2011,CN Menditxo,1:21.60,2026-02-01,Cto Álava Invierno Open,F,39.91;41.69,,
100 Espalda,"LLAMAS FERNANDEZ, Irati",2012,CN Judizmendi,1:25.75,2026-02-01,Cto Álava Invierno Open,F,42.15;43.60,,
100 Espalda,"MARTINEZ ROJO, Leire",2012,CN Judizmendi,1:26.41,2026-02-01,Cto Álava Invierno Open,F,41.29;45.12,,
100 Espalda,"FERNANDEZ CABRERA, Mara",2012,CN Menditxo,1:27.37,2026-02-01,Cto Álava Invierno Open,F,41.87;45.50,,
100 Espalda,"GOMEZ MORAN, Naroa",2011,CN Urgain,1:30.34,2026-02-01,Cto Álava Invierno Open,F,43.67;46.67,,
100 Espalda,"HERRERO ALONSO, Izaro",2012,CN Judizmendi,1:30.79,2026-02-01,Cto Álava Invierno Open,F,44.36;46.43,,
100 Espalda,"NUÑEZ ASPIAZU, Miren",2011,CN Zadorra,1:33.46,2026-02-01,Cto Álava Invierno Open,F,44.99;48.47,,
100 Espalda,"ALONSO GARCIA, Adriana",2012,CN Zadorra,1:36.01,2026-02-01,Cto Álava Invierno Open,F,46.86;49.15,,
100 Espalda,"TABARES LERMA, Getari",2012,CN Zadorra,1:37.19,2026-02-01,Cto Álava Invierno Open,F,46.57;50.62,,
100 Espalda,"GUTIERREZ BERMUDEZ, Lucia",2011,CN Zadorra,1:44.00,2026-02-01,Cto Álava Invierno Open,F,49.85;54.15,,
100 Espalda,"RODRIGUEZ GUINEA, Ane",2011,CN Zadorra,1:54.81,2026-02-01,Cto Álava Invierno Open,F,56.60;58.21,,
100 Espalda,"LIZARDUY CASTILLO, Iris",2008,CN Menditxo,1:06.95,2026-02-01,Cto Álava Invierno Open,F,33.19;33.76,,
100 Espalda,"LZ LUZURIAGA FZ RETANA, Maddi",2010,CN Judizmendi,1:13.73,2026-02-01,Cto Álava Invierno Open,F,35.22;38.51,,
100 Espalda,"FERNANDEZ NISO, June",2010,CN Judizmendi,1:17.25,2026-02-01,Cto Álava Invierno Open,F,38.45;38.80,,
100 Espalda,"GONZALEZ ANGULO, Olatz",2008,CN Zadorra,1:20.90,2026-02-01,Cto Álava Invierno Open,F,38.94;41.96,,
100 Espalda,"MARTINEZ PRADO, Cielo",2010,CN Judizmendi,1:26.35,2026-02-01,Cto Álava Invierno Open,F,42.97;43.38,,
100 Espalda,"BIDAURRATZAGA CHASCO, Sara",2010,CN Judizmendi,1:28.84,2026-02-01,Cto Álava Invierno Open,F,43.21;45.63,,
100 Espalda,"CIRRE MARTINEZ DE ALBENIZ, Irati",2010,CN Zadorra,1:31.16,2026-02-01,Cto Álava Invierno Open,F,,,
100 Espalda,"MONDEJAR MOYA, Ekine",2007,CN Menditxo,1:06.47,2026-02-01,Cto Álava Invierno Open,F,33.20;33.27,,
100 Espalda,"SALAZAR ORTIZ DE URBINA, Haizea",2006,CN Urgain,1:21.62,2026-02-01,Cto Álava Invierno Open,F,39.34;42.28,,
100 Espalda,"ORTEGA ENRIQUE, Yeray",2012,CN Menditxo,1:06.37,2026-02-01,Cto Álava Invierno Open,M,32.12;34.25,,
100 Espalda,"PUERTAS RIVAS, Aratz",2011,CN Judizmendi,1:11.06,2026-02-01,Cto Álava Invierno Open,M,34.56;36.50,,
100 Espalda,"ETXEBARRIA SAEZ DE UGARTE, Eneko",2011,CN Judizmendi,1:14.81,2026-02-01,Cto Álava Invierno Open,M,36.95;37.86,,
100 Espalda,"ANTON BELTRAN DE GUEVARA, Alex",2012,CN Judizmendi,1:16.55,2026-02-01,Cto Álava Invierno Open,M,36.80;39.75,,
100 Espalda,"ARMIÑO CRUCELEGUI, Alex",2011,CN Judizmendi,1:18.34,2026-02-01,Cto Álava Invierno Open,M,38.23;40.11,,
100 Espalda,"CORTINA FERNANDEZ DE LIGER, Xabier",2012,CN Judizmendi,1:18.45,2026-02-01,Cto Álava Invierno Open,M,39.23;39.22,,
100 Espalda,"IBARRARAN RAMIREZ DE OCARIZ, Jon",2012,CN Judizmendi,1:18.98,2026-02-01,Cto Álava Invierno Open,M,37.89;41.09,,
100 Espalda,"LOPEZ DE MUNAIN SEDANO, Oier",2011,CN Menditxo,1:20.04,2026-02-01,Cto Álava Invierno Open,M,38.12;41.92,,
100 Espalda,"RODRIGUEZ ZUBIAURRE, Luka",2012,CN Judizmendi,1:23.59,2026-02-01,Cto Álava Invierno Open,M,41.24;42.35,,
100 Espalda,"UBIRIA APRAIZ, Julen",2012,CN Judizmendi,1:24.66,2026-02-01,Cto Álava Invierno Open,M,41.22;43.44,,
100 Espalda,"BASABEA OLABE, Ekain",2012,CN Judizmendi,1:25.54,2026-02-01,Cto Álava Invierno Open,M,41.36;44.18,,
100 Espalda,"RAMIREZ DE OCARIZ VILOR, Markel",2012,CN Judizmendi,1:28.35,2026-02-01,Cto Álava Invierno Open,M,42.65;45.70,,
100 Espalda,"CARPIO RODRIGUEZ, Urko",2012,CN Judizmendi,1:30.57,2026-02-01,Cto Álava Invierno Open,M,44.07;46.50,,
100 Espalda,"MARTINEZ MUZAS, Unax",2012,CN Judizmendi,1:30.72,2026-02-01,Cto Álava Invierno Open,M,43.21;47.51,,
100 Espalda,"ROS IRIARTE, Ekhi",2012,CN Urgain,1:35.78,2026-02-01,Cto Álava Invierno Open,M,46.73;49.05,,
100 Espalda,"ESPEJO MARTIN, Markel",2009,CN Judizmendi,1:03.57,2026-02-01,Cto Álava Invierno Open,M,30.89;32.68,,
100 Espalda,"GARCIA DE LOMANA VESGA, Nacho",2010,CN Menditxo,1:04.30,2026-02-01,Cto Álava Invierno Open,M,31.04;33.26,,
100 Espalda,"FERNANDEZ HUARTE, Asier",2007,CN Menditxo,1:01.98,2026-02-01,Cto Álava Invierno Open,M,29.81;32.17,,
100 Espalda,"FERNANDEZ DE RETANA PALMA, Ieltxu",2006,CN Urgain,1:13.49,2026-02-01,Cto Álava Invierno Open,M,34.95;38.54,,
100 Espalda,"JAUSORO GONZALEZ, Martin",2006,CN Urgain,1:14.08,2026-02-01,Cto Álava Invierno Open,M,36.27;37.81,,
100 Espalda,"LOPEZ OCIO, Jon",2006,CN Urgain,1:19.89,2026-02-01,Cto Álava Invierno Open,M,38.37;41.52,,
100 Espalda,"ESPEJO MARTIN, Pablo",2005,CN Judizmendi,1:01.29,2026-02-01,Cto Álava Invierno Open,M,29.10;32.19,,
100 Espalda,"AGIRREBALTZATEGI DURANA, Beñat",2002,CN Judizmendi,1:01.29,2026-02-01,Cto Álava Invierno Open,M,29.30;31.99,,
100 Espalda,"MENESES ARRIZABALAGA, Xabier",2003,CN Judizmendi,1:10.63,2026-02-01,Cto Álava Invierno Open,M,33.32;37.31,,
100 Espalda,"GIL ALONSO, Jon",1990,CN Urgain,1:10.85,2026-02-01,Cto Álava Invierno Open,M,34.37;36.48,,
100 Espalda,"ALBIZU LOPEZ DE GUEREÑU, Ruben",2005,CN Zadorra,1:16.30,2026-02-01,Cto Álava Invierno Open,M,36.72;39.58,,
400 Estilos,"SAINZ MONGE, Idurre",2011,CN Menditxo,6:23.35,2026-02-01,Cto Álava Invierno Open,F,40.38;50.47;49.17;48.36;55.03;54.44;43.16;42.34,,
400 Estilos,"RUIZ GARITANO, Izaro",2008,CN Menditxo,5:24.08,2026-02-01,Cto Álava Invierno Open,F,33.57;40.45;41.88;40.19;46.05;46.55;37.95;37.44,,
400 Estilos,"DIAZ DE OTAZU ORAA, Urtzi",2009,CN Zadorra,7:20.74,2026-02-01,Cto Álava Invierno Open,M,,,
50 Libre,"GARAY SAENZ, Ixone",2011,CN Judizmendi,29.85,2026-02-01,Cto Álava Invierno Open,F,,,
50 Libre,"DURANA ANDA, Martina",2011,CN Judizmendi,30.83,2026-02-01,Cto Álava Invierno Open,F,,,
50 Libre,"ABAITUA PIPAON, Malen",2011,CN Judizmendi,30.92,2026-02-01,Cto Álava Invierno Open,F,,,
50 Libre,"GONZALEZ SANCHEZ, Miren",2012,CN Judizmendi,31.54,2026-02-01,Cto Álava Invierno Open,F,,,
50 Libre,"PINILLA SOLETO, Naia",2011,CN Menditxo,31.67,2026-02-01,Cto Álava Invierno Open,F,,,
50 Libre,"ANGULO SANTAMARIA, Irune",2011,CN Menditxo,31.77,2026-02-01,Cto Álava Invierno Open,F,,,
50 Libre,"GOYARROLA ARTOLA, Ayala",2012,CN Judizmendi,32.10,2026-02-01,Cto Álava Invierno Open,F,,,
50 Libre,"ORTIZ DE ZARATE VILLEN, Leizuri",2012,CN Menditxo,32.17,2026-02-01,Cto Álava Invierno Open,F,,,
50 Libre,"MUÑOZ FELIPE, Oihane",2011,CN Menditxo,32.58,2026-02-01,Cto Álava Invierno Open,F,,,
50 Libre,"DAQUANNO, Giorgia",2012,CN Menditxo,32.67,2026-02-01,Cto Álava Invierno Open,F,,,
50 Libre,"COLLADO MORENO, Cristina",2011,CN Urgain,33.38,2026-02-01,Cto Álava Invierno Open,F,,,
50 Libre,"GOMEZ MORAN, Naroa",2011,CN Urgain,33.45,2026-02-01,Cto Álava Invierno Open,F,,,
50 Libre,"CARAZO ARISTIMUÑO, Nerea",2011,CN Zadorra,34.36,2026-02-01,Cto Álava Invierno Open,F,,,
50 Libre,"ZUFIAUR GOMEZ, Maite",2011,CN Menditxo,34.63,2026-02-01,Cto Álava Invierno Open,F,,,
50 Libre,"SAEZ DE ASTEASU ALTZAGA, Maddi",2012,CN Urgain,34.89,2026-02-01,Cto Álava Invierno Open,F,,,
50 Libre,"NUÑEZ ASPIAZU, Miren",2011,CN Zadorra,37.01,2026-02-01,Cto Álava Invierno Open,F,,,
50 Libre,"AGUIRREGOMEZCORTA ALIAS, Olatz",2011,CN Menditxo,37.95,2026-02-01,Cto Álava Invierno Open,F,,,
50 Libre,"RODRIGUEZ GUINEA, Ane",2011,CN Zadorra,38.32,2026-02-01,Cto Álava Invierno Open,F,,,
50 Libre,"ORTEGA ENRIQUE, Nayra",2008,CN Menditxo,27.66,2026-02-01,Cto Álava Invierno Open,F,,,
50 Libre,"CAUBILLA MARTIN, Eider",2008,CN Menditxo,29.71,2026-02-01,Cto Álava Invierno Open,F,,,
50 Libre,"GUZMAN BREDA, Uxue",2010,CN Judizmendi,29.85,2026-02-01,Cto Álava Invierno Open,F,,,
50 Libre,"DIAZ DE CERIO ABASOLO, Laida",2009,CN Judizmendi,29.87,2026-02-01,Cto Álava Invierno Open,F,,,
50 Libre,"LOPEZ DE JUAN ABAD, Carla",2009,CN Menditxo,30.34,2026-02-01,Cto Álava Invierno Open,F,,,
50 Libre,"FERNANDEZ NISO, June",2010,CN Judizmendi,31.14,2026-02-01,Cto Álava Invierno Open,F,,,
50 Libre,"ANDRES HERNANDO, Nahia",2010,CN Judizmendi,31.84,2026-02-01,Cto Álava Invierno Open,F,,,
50 Libre,"GONZALEZ ANGULO, Olatz",2008,CN Zadorra,31.86,2026-02-01,Cto Álava Invierno Open,F,,,
50 Libre,"BIDAURRATZAGA CHASCO, Sara",2010,CN Judizmendi,36.25,2026-02-01,Cto Álava Invierno Open,F,,,
50 Libre,"OTERINO GARCIA-MENDAZA, Edurne",2009,CN Menditxo,40.25,2026-02-01,Cto Álava Invierno Open,F,,,
50 Libre,"REDONDO CRAF, Lucia",2006,CI Laudio,31.03,2026-02-01,Cto Álava Invierno Open,F,,,
50 Libre,"SALAZAR ORTIZ DE URBINA, Haizea",2006,CN Urgain,32.27,2026-02-01,Cto Álava Invierno Open,F,,,
50 Libre,"GOTXIKOA TORRECILLA, Ainhoa",2005,CN Menditxo,29.14,2026-02-01,Cto Álava Invierno Open,F,,,
50 Libre,"GAISAN PEREZ, Leire",2003,CN Menditxo,31.87,2026-02-01,Cto Álava Invierno Open,F,,,
50 Libre,"IZUSKITZA UGARTE, June",2003,CN Judizmendi,47.16,2026-02-01,Cto Álava Invierno Open,F,,,
50 Libre,"ORTEGA ENRIQUE, Yeray",2012,CN Menditxo,26.86,2026-02-01,Cto Álava Invierno Open,M,,,
50 Libre,"VARA DIAZ DE GARAYO, Aimar",2011,CN Menditxo,28.38,2026-02-01,Cto Álava Invierno Open,M,,,
50 Libre,"CORTINA FERNANDEZ DE LIGER, Xabier",2012,CN Judizmendi,28.97,2026-02-01,Cto Álava Invierno Open,M,,,
50 Libre,"IBARRARAN RAMIREZ DE OCARIZ, Jon",2012,CN Judizmendi,29.78,2026-02-01,Cto Álava Invierno Open,M,,,
50 Libre,"FERNANDEZ SAEZ, Martin",2011,CN Judizmendi,29.82,2026-02-01,Cto Álava Invierno Open,M,,,
50 Libre,"ANTON BELTRAN DE GUEVARA, Alex",2012,CN Judizmendi,30.40,2026-02-01,Cto Álava Invierno Open,M,,,
50 Libre,"ARMIÑO CRUCELEGUI, Alex",2011,CN Judizmendi,30.62,2026-02-01,Cto Álava Invierno Open,M,,,
50 Libre,"HERNANDEZ QUEREJAZU, John",2011,CN Menditxo,31.60,2026-02-01,Cto Álava Invierno Open,M,,,
50 Libre,"UBIRIA APRAIZ, Julen",2012,CN Judizmendi,31.81,2026-02-01,Cto Álava Invierno Open,M,,,
50 Libre,"BASABEA OLABE, Ekain",2012,CN Judizmendi,31.96,2026-02-01,Cto Álava Invierno Open,M,,,
50 Libre,"MARTINEZ YOLDI, Gorka",2012,CN Judizmendi,32.20,2026-02-01,Cto Álava Invierno Open,M,,,
50 Libre,"ROS IRIARTE, Ekhi",2012,CN Urgain,33.70,2026-02-01,Cto Álava Invierno Open,M,,,
50 Libre,"LOPEZ DE OCARIZ DE ALAVA, Sergio",2009,CN Judizmendi,25.16,2026-02-01,Cto Álava Invierno Open,M,,,
50 Libre,"DIAZ DE CERIO ABASOLO, Aitor",2008,CN Judizmendi,26.93,2026-02-01,Cto Álava Invierno Open,M,,,
50 Libre,"GONZALEZ BERNARDO, Aimar",2009,CN Menditxo,27.50,2026-02-01,Cto Álava Invierno Open,M,,,
50 Libre,"GARCIA LUKE, Unai",2010,CN Judizmendi,27.74,2026-02-01,Cto Álava Invierno Open,M,,,
50 Libre,"URIARTE ORTIZ DE MENDIVIL, Galder",2010,CN Judizmendi,27.76,2026-02-01,Cto Álava Invierno Open,M,,,
50 Libre,"URIARTE MARQUEZ, Bruno",2010,CN Menditxo,28.18,2026-02-01,Cto Álava Invierno Open,M,,,
50 Libre,"SAINZ MONGE, Iker",2009,CN Menditxo,28.67,2026-02-01,Cto Álava Invierno Open,M,,,
50 Libre,"MONTORO RAMIREZ, Angel",2010,CN Menditxo,28.82,2026-02-01,Cto Álava Invierno Open,M,,,
50 Libre,"GOMEZ ANGULO, Eder",2010,CN Urgain,29.09,2026-02-01,Cto Álava Invierno Open,M,,,
50 Libre,"BASABEA OLABE, Oinatz",2010,CN Judizmendi,31.06,2026-02-01,Cto Álava Invierno Open,M,,,
50 Libre,"DIAZ DE OTAZU ORAA, Urtzi",2009,CN Zadorra,33.37,2026-02-01,Cto Álava Invierno Open,M,,,
50 Libre,"FERNANDEZ HUARTE, Asier",2007,CN Menditxo,23.91,2026-02-01,Cto Álava Invierno Open,M,,,
50 Libre,"GIL ALLAFLOR, Inigo",2006,CN Judizmendi,24.62,2026-02-01,Cto Álava Invierno Open,M,,,
50 Libre,"RITUERTO PEREZ DEL NOTARIO, Iker",2007,CN Menditxo,25.67,2026-02-01,Cto Álava Invierno Open,M,,,
50 Libre,"LOPEZ DE SABANDO GONZALEZ, Uztaritz",2006,CN Menditxo,26.11,2026-02-01,Cto Álava Invierno Open,M,,,
50 Libre,"ARBERAS URQUIJO, Martin",2006,CI Laudio,26.99,2026-02-01,Cto Álava Invierno Open,M,,,
50 Libre,"LOPEZ OCIO, Jon",2006,CN Urgain,27.18,2026-02-01,Cto Álava Invierno Open,M,,,
50 Libre,"JAUSORO GONZALEZ, Martin",2006,CN Urgain,27.65,2026-02-01,Cto Álava Invierno Open,M,,,
50 Libre,"FERNANDEZ DE RETANA PALMA, Ieltxu",2006,CN Urgain,27.69,2026-02-01,Cto Álava Invierno Open,M,,,
50 Libre,"OZAETA URQUIJO, Jon",2006,CI Laudio,29.23,2026-02-01,Cto Álava Invierno Open,M,,,
50 Libre,"LIZARDUY CASTILLO, Sergio",2006,CN Menditxo,47.27,2026-02-01,Cto Álava Invierno Open,M,,,
50 Libre,"AGIRREBALTZATEGI DURANA, Beñat",2002,CN Judizmendi,24.01,2026-02-01,Cto Álava Invierno Open,M,,,
50 Libre,"MARIMON ANZOLA, Aritz",2005,CN Judizmendi,24.94,2026-02-01,Cto Álava Invierno Open,M,,,
50 Libre,"ZUGAZAGA GARAGALZA, Urko",2005,CN Judizmendi,25.05,2026-02-01,Cto Álava Invierno Open,M,,,
50 Libre,"CANTERO RISQUE, Danel",2002,CN Menditxo,26.05,2026-02-01,Cto Álava Invierno Open,M,,,
50 Libre,"MENESES ARRIZABALAGA, Xabier",2003,CN Judizmendi,26.77,2026-02-01,Cto Álava Invierno Open,M,,,
50 Libre,"ALBIZU LOPEZ DE GUEREÑU, Ruben",2005,CN Zadorra,27.46,2026-02-01,Cto Álava Invierno Open,M,,,
50 Libre,"VALDERRAMA MARTIN, Oscar",2000,CN Judizmendi,35.14,2026-02-01,Cto Álava Invierno Open,M,,,
200 Estilos,"GONZALEZ FERNANDEZ, Laia",2012,CN Judizmendi,2:56.31,2026-02-01,Cto Álava Invierno Open,F,37.49;47.28;50.57;40.97,,
200 Estilos,"SAINZ MONGE, Idurre",2011,CN Menditxo,2:59.91,2026-02-01,Cto Álava Invierno Open,F,40.03;45.45;54.02;40.41,,
200 Estilos,"GONZALEZ ELIZBURU, Leire",2012,CN Judizmendi,3:01.28,2026-02-01,Cto Álava Invierno Open,F,41.51;48.78;50.54;40.45,,
200 Estilos,"FDZ. DE LABASTIDA DIAZ, Ainhize",2011,CN Menditxo,3:02.32,2026-02-01,Cto Álava Invierno Open,F,39.44;45.33;55.82;41.73,,
200 Estilos,"RODRÍGUEZ LÓPEZ DE VICUÑA, Nora",2012,CN Judizmendi,3:02.51,2026-02-01,Cto Álava Invierno Open,F,41.89;49.16;51.28;40.18,,
200 Estilos,"MARTINEZ ROJO, Leire",2012,CN Judizmendi,3:03.55,2026-02-01,Cto Álava Invierno Open,F,43.19;47.29;50.93;42.14,,
200 Estilos,"MARTINEZ DE MURGUIA ALVAREZ, Izaro",2012,CN Judizmendi,3:07.46,2026-02-01,Cto Álava Invierno Open,F,40.46;48.22;56.04;42.74,,
200 Estilos,"PULIDO CRESPO, Nahia",2011,CN Menditxo,3:10.80,2026-02-01,Cto Álava Invierno Open,F,41.72;48.36;57.34;43.38,,
200 Estilos,"MARTINEZ ESCOLAR, Ainhoa",2012,CN Zadorra,3:16.91,2026-02-01,Cto Álava Invierno Open,F,,,
200 Estilos,"FERNANDEZ CABRERA, Mara",2012,CN Menditxo,3:17.05,2026-02-01,Cto Álava Invierno Open,F,43.39;51.94;56.28;45.44,,
200 Estilos,"MENDIBE SAN JUAN, Amaia",2011,CN Menditxo,3:22.79,2026-02-01,Cto Álava Invierno Open,F,45.13;53.40;56.96;47.30,,
200 Estilos,"TABARES LERMA, Getari",2012,CN Zadorra,3:30.33,2026-02-01,Cto Álava Invierno Open,F,43.06;52.44;1:04.66;50.17,,
200 Estilos,"RUIZ GARITANO, Izaro",2008,CN Menditxo,2:33.78,2026-02-01,Cto Álava Invierno Open,F,31.73;39.21;46.32;36.52,,
200 Estilos,"RODRIGUEZ DE YURRE BUESA, Amaia",2010,CN Judizmendi,2:40.95,2026-02-01,Cto Álava Invierno Open,F,33.84;43.71;46.98;36.42,,
200 Estilos,"CIRRE MARTINEZ DE ALBENIZ, Irati",2010,CN Zadorra,3:08.07,2026-02-01,Cto Álava Invierno Open,F,39.46;51.04;54.42;43.15,,
200 Estilos,"MONDEJAR MOYA, Ekine",2007,CN Menditxo,2:27.03,2026-02-01,Cto Álava Invierno Open,F,29.79;38.95;42.43;35.86,,
200 Estilos,"FDZ. DE RETANA GONZALEZ DE HEREDIA, Xabier",2011,CN Judizmendi,2:38.23,2026-02-01,Cto Álava Invierno Open,M,34.79;41.77;45.86;35.81,,
200 Estilos,"RODRIGUEZ ZUBIAURRE, Luka",2012,CN Judizmendi,2:52.96,2026-02-01,Cto Álava Invierno Open,M,38.14;44.19;52.25;38.38,,
200 Estilos,"LOPEZ DE MUNAIN SEDANO, Oier",2011,CN Menditxo,2:53.57,2026-02-01,Cto Álava Invierno Open,M,35.80;43.91;52.40;41.46,,
200 Estilos,"ORTEGA ARANGO, Ander",2012,CN Judizmendi,2:57.51,2026-02-01,Cto Álava Invierno Open,M,44.20;46.36;46.64;40.31,,
200 Estilos,"ORTIZ DE BARRON TENA, Jon",2011,CN Judizmendi,2:59.25,2026-02-01,Cto Álava Invierno Open,M,41.98;48.48;49.37;39.42,,
200 Estilos,"RODRIGUEZ BLANCO, Unax",2012,CN Judizmendi,3:01.75,2026-02-01,Cto Álava Invierno Open,M,39.30;46.40;54.87;41.18,,
200 Estilos,"RAMIREZ DE OCARIZ VILOR, Markel",2012,CN Judizmendi,3:03.75,2026-02-01,Cto Álava Invierno Open,M,40.58;48.68;53.07;41.42,,
200 Estilos,"RODRIGUEZ LÓPEZ DE VICUÑA, Jokin",2010,CN Judizmendi,2:36.55,2026-02-01,Cto Álava Invierno Open,M,33.94;41.69;47.10;33.82,,
200 Estilos,"HERVIAS FERNANDEZ, Saul",1999,CN Menditxo,2:15.14,2026-02-01,Cto Álava Invierno Open,M,28.96;34.40;39.86;31.92,,
200 Estilos,"GIL ALONSO, Jon",1990,CN Urgain,2:30.42,2026-02-01,Cto Álava Invierno Open,M,32.54;39.29;43.41;35.18,,
200 Espalda,"DAQUANNO, Giorgia",2012,CN Menditxo,2:56.55,2026-02-01,Cto Álava Invierno Open,F,42.51;44.49;45.43;44.12,,
200 Espalda,"SAEZ DE ASTEASU ALTZAGA, Maddi",2012,CN Urgain,3:18.12,2026-02-01,Cto Álava Invierno Open,F,46.60;50.70;50.48;50.34,,
200 Espalda,"ALONSO GARCIA, Adriana",2012,CN Zadorra,3:23.45,2026-02-01,Cto Álava Invierno Open,F,47.62;51.63;52.13;52.07,,
200 Espalda,"LZ LUZURIAGA FZ RETANA, Maddi",2010,CN Judizmendi,2:38.15,2026-02-01,Cto Álava Invierno Open,F,37.99;39.95;40.53;39.68,,
200 Espalda,"CASTELLANO LOPEZ, Maialen",2006,CN Menditxo,2:34.96,2026-02-01,Cto Álava Invierno Open,F,35.74;38.19;40.64;40.39,,
200 Espalda,"ORTEGA ENRIQUE, Yeray",2012,CN Menditxo,2:28.20,2026-02-01,Cto Álava Invierno Open,M,34.24;37.33;38.50;38.13,,
200 Espalda,"ESPEJO MARTIN, Markel",2009,CN Judizmendi,2:18.63,2026-02-01,Cto Álava Invierno Open,M,31.64;33.85;36.29;36.85,,
200 Espalda,"GARCIA DE LOMANA VESGA, Nacho",2010,CN Menditxo,2:19.34,2026-02-01,Cto Álava Invierno Open,M,32.33;35.31;36.18;35.52,,
200 Espalda,"PUERTAS RIVAS, Urtzi",2010,CN Judizmendi,2:21.10,2026-02-01,Cto Álava Invierno Open,M,32.28;35.03;37.27;36.52,,
400 Libre,"GOYARROLA ARTOLA, Ayala",2012,CN Judizmendi,5:20.49,2026-02-01,Cto Álava Invierno Open,F,36.35;40.10;40.44;40.98;41.00;41.13;40.71;39.78,,
400 Libre,"LLAMAS FERNANDEZ, Irati",2012,CN Judizmendi,5:52.18,2026-02-01,Cto Álava Invierno Open,F,38.35;43.54;45.63;45.03;46.14;45.54;45.39;42.56,,
400 Libre,"HERRERO ALONSO, Izaro",2012,CN Judizmendi,6:03.21,2026-02-01,Cto Álava Invierno Open,F,40.30;45.52;47.44;46.71;47.67;46.74;46.84;41.99,,
400 Libre,"BAZTAN ARANA, Maddi",2008,CN Judizmendi,5:12.28,2026-02-01,Cto Álava Invierno Open,F,34.12;37.77;39.28;39.19;40.77;40.55;41.52;39.08,,
400 Libre,"ANDRES HERNANDO, Nahia",2010,CN Judizmendi,5:18.39,2026-02-01,Cto Álava Invierno Open,F,35.91;38.69;39.86;40.81;40.56;41.33;40.96;40.27,,
400 Libre,"MARTINEZ PRADO, Cielo",2010,CN Judizmendi,5:51.31,2026-02-01,Cto Álava Invierno Open,F,38.81;42.06;42.47;43.79;44.85;42.56;51.74;45.03,,
400 Libre,"AGUIRREGOMEZCORTA ALIAS, Johana",2007,CN Menditxo,5:00.89,2026-02-01,Cto Álava Invierno Open,F,33.62;35.79;37.56;37.95;39.01;39.48;39.49;37.99,,
400 Libre,"PUERTAS RIVAS, Aratz",2011,CN Judizmendi,4:54.56,2026-02-01,Cto Álava Invierno Open,M,32.91;36.26;37.13;37.69;38.31;38.10;38.28;35.88,,
400 Libre,"VARA DIAZ DE GARAYO, Aimar",2011,CN Menditxo,5:12.12,2026-02-01,Cto Álava Invierno Open,M,35.98;40.94;40.43;40.03;40.27;39.60;39.18;35.69,,
400 Libre,"IBARRARAN RAMIREZ DE OCARIZ, Jon",2012,CN Judizmendi,5:13.48,2026-02-01,Cto Álava Invierno Open,M,35.22;38.99;40.72;40.72;40.41;40.30;39.63;37.49,,
400 Libre,"ANTON BELTRAN DE GUEVARA, Alex",2012,CN Judizmendi,5:15.01,2026-02-01,Cto Álava Invierno Open,M,35.29;39.07;40.20;40.95;40.76;40.66;40.25;37.83,,
400 Libre,"UBIRIA APRAIZ, Julen",2012,CN Judizmendi,5:15.11,2026-02-01,Cto Álava Invierno Open,M,36.05;39.41;40.52;40.81;40.45;40.43;40.20;37.24,,
400 Libre,"ETXEBARRIA SAEZ DE UGARTE, Eneko",2011,CN Judizmendi,5:18.84,2026-02-01,Cto Álava Invierno Open,M,36.50;39.53;40.53;41.15;40.07;41.37;39.94;39.75,,
400 Libre,"MARTINEZ YOLDI, Gorka",2012,CN Judizmendi,5:31.13,2026-02-01,Cto Álava Invierno Open,M,36.42;40.28;43.04;42.09;43.66;42.85;43.51;39.28,,
400 Libre,"CARPIO RODRIGUEZ, Urko",2012,CN Judizmendi,5:45.10,2026-02-01,Cto Álava Invierno Open,M,37.57;42.60;44.01;44.40;44.08;45.26;44.68;42.50,,
400 Libre,"PEÑA BARCENA, Alvaro",2009,CN Menditxo,4:39.83,2026-02-01,Cto Álava Invierno Open,M,30.48;34.55;35.42;36.26;35.99;37.04;36.72;33.37,,
400 Libre,"FZ RETANA GZ HEREDIA, Oier",2009,CN Judizmendi,4:49.26,2026-02-01,Cto Álava Invierno Open,M,32.91;35.29;36.95;36.63;37.50;36.81;37.33;35.84,,
400 Libre,"ZUGAZAGA GARAGALZA, Urko",2005,CN Judizmendi,4:20.75,2026-02-01,Cto Álava Invierno Open,M,29.07;31.85;32.72;33.86;33.93;33.80;33.20;32.32,,
100 Braza,"ANGULO SANTAMARIA, Irune",2011,CN Menditxo,1:25.15,2026-02-01,Cto Álava Invierno Open,F,40.86;44.29,,
100 Braza,"PINILLA SOLETO, Naia",2011,CN Menditxo,1:26.51,2026-02-01,Cto Álava Invierno Open,F,39.23;47.28,,
100 Braza,"DURANA ANDA, Martina",2011,CN Judizmendi,1:27.92,2026-02-01,Cto Álava Invierno Open,F,40.98;46.94,,
100 Braza,"ZUFIAUR GOMEZ, Maite",2011,CN Menditxo,1:30.86,2026-02-01,Cto Álava Invierno Open,F,42.91;47.95,,
100 Braza,"RODRÍGUEZ LÓPEZ DE VICUÑA, Nora",2012,CN Judizmendi,1:32.00,2026-02-01,Cto Álava Invierno Open,F,42.62;49.38,,
100 Braza,"MARTINEZ ROJO, Leire",2012,CN Judizmendi,1:33.18,2026-02-01,Cto Álava Invierno Open,F,43.44;49.74,,
100 Braza,"MARTINEZ ESCOLAR, Ainhoa",2012,CN Zadorra,1:33.29,2026-02-01,Cto Álava Invierno Open,F,43.49;49.80,,
100 Braza,"SAINZ MONGE, Idurre",2011,CN Menditxo,1:36.23,2026-02-01,Cto Álava Invierno Open,F,45.11;51.12,,
100 Braza,"MARTINEZ DE MURGUIA ALVAREZ, Izaro",2012,CN Judizmendi,1:39.35,2026-02-01,Cto Álava Invierno Open,F,47.88;51.47,,
100 Braza,"MENDIBE SAN JUAN, Amaia",2011,CN Menditxo,1:42.60,2026-02-01,Cto Álava Invierno Open,F,49.18;53.42,,
100 Braza,"NUÑEZ ASPIAZU, Miren",2011,CN Zadorra,1:44.30,2026-02-01,Cto Álava Invierno Open,F,47.47;56.83,,
100 Braza,"LIZARDUY CASTILLO, Iris",2008,CN Menditxo,1:17.07,2026-02-01,Cto Álava Invierno Open,F,36.52;40.55,,
100 Braza,"CAUBILLA MARTIN, Eider",2008,CN Menditxo,1:21.91,2026-02-01,Cto Álava Invierno Open,F,38.13;43.78,,
100 Braza,"DIAZ DE CERIO ABASOLO, Laida",2009,CN Judizmendi,1:23.53,2026-02-01,Cto Álava Invierno Open,F,39.89;43.64,,
100 Braza,"BIDAURRATZAGA CHASCO, Sara",2010,CN Judizmendi,1:43.84,2026-02-01,Cto Álava Invierno Open,F,48.80;55.04,,
100 Braza,"DELGADO LOPO, Aizane",2006,CN Urgain,1:33.39,2026-02-01,Cto Álava Invierno Open,F,44.60;48.79,,
100 Braza,"SALAZAR ORTIZ DE URBINA, Haizea",2006,CN Urgain,1:36.51,2026-02-01,Cto Álava Invierno Open,F,45.57;50.94,,
100 Braza,"FDZ. DE RETANA GONZALEZ DE HEREDIA, Xabier",2011,CN Judizmendi,1:23.38,2026-02-01,Cto Álava Invierno Open,M,39.20;44.18,,
100 Braza,"ORTEGA ARANGO, Ander",2012,CN Judizmendi,1:25.59,2026-02-01,Cto Álava Invierno Open,M,40.59;45.00,,
100 Braza,"ORTIZ DE BARRON TENA, Jon",2011,CN Judizmendi,1:26.03,2026-02-01,Cto Álava Invierno Open,M,40.94;45.09,,
100 Braza,"FERNANDEZ SAEZ, Martin",2011,CN Judizmendi,1:27.55,2026-02-01,Cto Álava Invierno Open,M,40.15;47.40,,
100 Braza,"BASABEA OLABE, Ekain",2012,CN Judizmendi,1:36.34,2026-02-01,Cto Álava Invierno Open,M,45.32;51.02,,
100 Braza,"HERNANDEZ QUEREJAZU, John",2011,CN Menditxo,1:36.87,2026-02-01,Cto Álava Invierno Open,M,45.83;51.04,,
100 Braza,"ABAITUA PIPAON, Benat",2008,CN Judizmendi,1:12.61,2026-02-01,Cto Álava Invierno Open,M,33.47;39.14,,
100 Braza,"GARCIA LUKE, Unai",2010,CN Judizmendi,1:15.68,2026-02-01,Cto Álava Invierno Open,M,35.62;40.06,,
100 Braza,"DIAZ DE BERRIKANO BUESA, Xabier",2009,CN Judizmendi,1:17.56,2026-02-01,Cto Álava Invierno Open,M,36.10;41.46,,
100 Braza,"HERNANDEZ CAÑO, Gonzalo",2010,CN Judizmendi,1:19.67,2026-02-01,Cto Álava Invierno Open,M,37.52;42.15,,
100 Braza,"MZ DE SAN VICENTE LLANA, Markel",2009,CN Judizmendi,1:19.95,2026-02-01,Cto Álava Invierno Open,M,37.80;42.15,,
100 Braza,"SAINZ MONGE, Iker",2009,CN Menditxo,1:22.06,2026-02-01,Cto Álava Invierno Open,M,37.95;44.11,,
100 Braza,"RITUERTO PEREZ DEL NOTARIO, Iker",2007,CN Menditxo,1:08.94,2026-02-01,Cto Álava Invierno Open,M,32.23;36.71,,
100 Braza,"FERNANDEZ DE RETANA PALMA, Ieltxu",2006,CN Urgain,1:25.10,2026-02-01,Cto Álava Invierno Open,M,40.45;44.65,,
100 Braza,"ESPEJO MARTIN, Pablo",2005,CN Judizmendi,1:05.79,2026-02-01,Cto Álava Invierno Open,M,30.42;35.37,,
100 Braza,"HERVIAS FERNANDEZ, Saul",1999,CN Menditxo,1:12.59,2026-02-01,Cto Álava Invierno Open,M,33.95;38.64,,
100 Braza,"CANTERO RISQUE, Danel",2002,CN Menditxo,1:15.86,2026-02-01,Cto Álava Invierno Open,M,35.58;40.28,,
100 Braza,"MARTÍNEZ DE ANTOÑANA ALZOLA, A.",1983,CN Judizmendi,2:01.13,2026-02-01,Cto Álava Invierno Open,M,55.04;1:06.09,,
50 Mariposa,"AGUIRRE SANCHEZ, Eider",2011,CN Judizmendi,29.25,2026-02-01,Cto Álava Invierno Open,F,,,
50 Mariposa,"GONZALEZ FERNANDEZ, Laia",2012,CN Judizmendi,32.55,2026-02-01,Cto Álava Invierno Open,F,,,
50 Mariposa,"GARAY SAENZ, Ixone",2011,CN Judizmendi,33.17,2026-02-01,Cto Álava Invierno Open,F,,,
50 Mariposa,"ABAITUA PIPAON, Malen",2011,CN Judizmendi,33.40,2026-02-01,Cto Álava Invierno Open,F,,,
50 Mariposa,"HERRANZ FDZ DE LANDA, Haizea",2011,CN Menditxo,33.59,2026-02-01,Cto Álava Invierno Open,F,,,
50 Mariposa,"MUÑOZ FELIPE, Oihane",2011,CN Menditxo,34.11,2026-02-01,Cto Álava Invierno Open,F,,,
50 Mariposa,"ORTIZ DE ZARATE VILLEN, Leizuri",2012,CN Menditxo,35.62,2026-02-01,Cto Álava Invierno Open,F,,,
50 Mariposa,"GOMEZ MORAN, Naroa",2011,CN Urgain,36.61,2026-02-01,Cto Álava Invierno Open,F,,,
50 Mariposa,"FDZ. DE LABASTIDA DIAZ, Ainhize",2011,CN Menditxo,37.02,2026-02-01,Cto Álava Invierno Open,F,,,
50 Mariposa,"GONZALEZ SANCHEZ, Miren",2012,CN Judizmendi,37.04,2026-02-01,Cto Álava Invierno Open,F,,,
50 Mariposa,"FERNANDEZ CABRERA, Mara",2012,CN Menditxo,38.86,2026-02-01,Cto Álava Invierno Open,F,,,
50 Mariposa,"PULIDO CRESPO, Nahia",2011,CN Menditxo,38.86,2026-02-01,Cto Álava Invierno Open,F,,,
50 Mariposa,"CARAZO ARISTIMUÑO, Nerea",2011,CN Zadorra,40.08,2026-02-01,Cto Álava Invierno Open,F,,,
50 Mariposa,"LIZARDUY CASTILLO, Iris",2008,CN Menditxo,29.68,2026-02-01,Cto Álava Invierno Open,F,,,
50 Mariposa,"RUIZ GARITANO, Izaro",2008,CN Menditxo,30.99,2026-02-01,Cto Álava Invierno Open,F,,,
50 Mariposa,"BAZTAN ARANA, Maddi",2008,CN Judizmendi,33.28,2026-02-01,Cto Álava Invierno Open,F,,,
50 Mariposa,"GUZMAN BREDA, Uxue",2010,CN Judizmendi,33.54,2026-02-01,Cto Álava Invierno Open,F,,,
50 Mariposa,"LOPEZ DE JUAN ABAD, Carla",2009,CN Menditxo,33.59,2026-02-01,Cto Álava Invierno Open,F,,,
50 Mariposa,"LZ LUZURIAGA FZ RETANA, Maddi",2010,CN Judizmendi,34.31,2026-02-01,Cto Álava Invierno Open,F,,,
50 Mariposa,"GONZALEZ ANGULO, Olatz",2008,CN Zadorra,34.50,2026-02-01,Cto Álava Invierno Open,F,,,
50 Mariposa,"CIRRE MARTINEZ DE ALBENIZ, Irati",2010,CN Zadorra,35.65,2026-02-01,Cto Álava Invierno Open,F,,,
50 Mariposa,"MONDEJAR MOYA, Ekine",2007,CN Menditxo,28.17,2026-02-01,Cto Álava Invierno Open,F,,,
50 Mariposa,"CASTELLANO LOPEZ, Maialen",2006,CN Menditxo,29.63,2026-02-01,Cto Álava Invierno Open,F,,,
50 Mariposa,"REDONDO CRAF, Lucia",2006,CI Laudio,33.01,2026-02-01,Cto Álava Invierno Open,F,,,
50 Mariposa,"GOTXIKOA TORRECILLA, Ainhoa",2005,CN Menditxo,30.47,2026-02-01,Cto Álava Invierno Open,F,,,
50 Mariposa,"GAISAN PEREZ, Leire",2003,CN Menditxo,34.18,2026-02-01,Cto Álava Invierno Open,F,,,
50 Mariposa,"IZUSKITZA UGARTE, June",2003,CN Judizmendi,57.33,2026-02-01,Cto Álava Invierno Open,F,,,
50 Mariposa,"ETXEBARRIA SAEZ DE UGARTE, Eneko",2011,CN Judizmendi,30.83,2026-02-01,Cto Álava Invierno Open,M,,,
50 Mariposa,"CORTINA FERNANDEZ DE LIGER, Xabier",2012,CN Judizmendi,31.26,2026-02-01,Cto Álava Invierno Open,M,,,
50 Mariposa,"MENDIA GAINZARAIN, Oihan",2011,CN Menditxo,31.53,2026-02-01,Cto Álava Invierno Open,M,,,
50 Mariposa,"ARMIÑO CRUCELEGUI, Alex",2011,CN Judizmendi,34.24,2026-02-01,Cto Álava Invierno Open,M,,,
50 Mariposa,"LOPEZ DE MUNAIN SEDANO, Oier",2011,CN Menditxo,35.26,2026-02-01,Cto Álava Invierno Open,M,,,
50 Mariposa,"RODRIGUEZ BLANCO, Unax",2012,CN Judizmendi,37.96,2026-02-01,Cto Álava Invierno Open,M,,,
50 Mariposa,"RAMIREZ DE OCARIZ VILOR, Markel",2012,CN Judizmendi,39.28,2026-02-01,Cto Álava Invierno Open,M,,,
50 Mariposa,"ROS IRIARTE, Ekhi",2012,CN Urgain,40.31,2026-02-01,Cto Álava Invierno Open,M,,,
50 Mariposa,"CARPIO RODRIGUEZ, Urko",2012,CN Judizmendi,41.06,2026-02-01,Cto Álava Invierno Open,M,,,
50 Mariposa,"LOPEZ DE OCARIZ DE ALAVA, Sergio",2009,CN Judizmendi,26.15,2026-02-01,Cto Álava Invierno Open,M,,,
50 Mariposa,"PEÑA BARCENA, Alvaro",2009,CN Menditxo,27.49,2026-02-01,Cto Álava Invierno Open,M,,,
50 Mariposa,"GARCIA DE LOMANA VESGA, Nacho",2010,CN Menditxo,28.07,2026-02-01,Cto Álava Invierno Open,M,,,
50 Mariposa,"ABAITUA PIPAON, Benat",2008,CN Judizmendi,28.19,2026-02-01,Cto Álava Invierno Open,M,,,
50 Mariposa,"DIAZ DE CERIO ABASOLO, Aitor",2008,CN Judizmendi,28.61,2026-02-01,Cto Álava Invierno Open,M,,,
50 Mariposa,"URIARTE ORTIZ DE MENDIVIL, Galder",2010,CN Judizmendi,29.17,2026-02-01,Cto Álava Invierno Open,M,,,
50 Mariposa,"GONZALEZ BERNARDO, Aimar",2009,CN Menditxo,29.92,2026-02-01,Cto Álava Invierno Open,M,,,
50 Mariposa,"FZ RETANA GZ HEREDIA, Oier",2009,CN Judizmendi,31.31,2026-02-01,Cto Álava Invierno Open,M,,,
50 Mariposa,"RODRIGUEZ LÓPEZ DE VICUÑA, Jokin",2010,CN Judizmendi,31.49,2026-02-01,Cto Álava Invierno Open,M,,,
50 Mariposa,"URIARTE MARQUEZ, Bruno",2010,CN Menditxo,31.69,2026-02-01,Cto Álava Invierno Open,M,,,
50 Mariposa,"DIAZ DE OTAZU ORAA, Urtzi",2009,CN Zadorra,36.03,2026-02-01,Cto Álava Invierno Open,M,,,
50 Mariposa,"BASABEA OLABE, Oinatz",2010,CN Judizmendi,36.89,2026-02-01,Cto Álava Invierno Open,M,,,
50 Mariposa,"GOMEZ ANGULO, Eder",2010,CN Urgain,37.69,2026-02-01,Cto Álava Invierno Open,M,,,
50 Mariposa,"LIZARDUY CASTILLO, Sergio",2006,CN Menditxo,25.73,2026-02-01,Cto Álava Invierno Open,M,,,
50 Mariposa,"GIL ALLAFLOR, Inigo",2006,CN Judizmendi,25.78,2026-02-01,Cto Álava Invierno Open,M,,,
50 Mariposa,"LOPEZ DE SABANDO GONZALEZ, Uztaritz",2006,CN Menditxo,27.32,2026-02-01,Cto Álava Invierno Open,M,,,
50 Mariposa,"ARBERAS URQUIJO, Martin",2006,CI Laudio,28.90,2026-02-01,Cto Álava Invierno Open,M,,,
50 Mariposa,"LOPEZ OCIO, Jon",2006,CN Urgain,30.61,2026-02-01,Cto Álava Invierno Open,M,,,
50 Mariposa,"JAUSORO GONZALEZ, Martin",2006,CN Urgain,33.05,2026-02-01,Cto Álava Invierno Open,M,,,
50 Mariposa,"OZAETA URQUIJO, Jon",2006,CI Laudio,33.17,2026-02-01,Cto Álava Invierno Open,M,,,
50 Mariposa,"AGIRREBALTZATEGI DURANA, Beñat",2002,CN Judizmendi,25.51,2026-02-01,Cto Álava Invierno Open,M,,,
50 Mariposa,"MARIMON ANZOLA, Aritz",2005,CN Judizmendi,25.89,2026-02-01,Cto Álava Invierno Open,M,,,
50 Mariposa,"MENESES ARRIZABALAGA, Xabier",2003,CN Judizmendi,29.32,2026-02-01,Cto Álava Invierno Open,M,,,
50 Mariposa,"VALDERRAMA MARTIN, Oscar",2000,CN Judizmendi,35.05,2026-02-01,Cto Álava Invierno Open,M,,,
100 Estilos,"ROS IRIARTE, Ekhi",2012,CN Urgain,1:29.69,2026-06-21,Cto Álava Verano Inf/Jun/Sub20/Sen,M,41.78;47.91,,
100 Estilos,"LOPEZ DE OCARIZ DE ALAVA, Sergio",2009,CN Judizmendi,56.86,2026-06-21,Cto Álava Verano Inf/Jun/Sub20/Sen,M,26.17;30.69,,
100 Estilos,"CONDE GARCIA, Aingeru",2010,CN Menditxo,1:21.55,2026-06-21,Cto Álava Verano Inf/Jun/Sub20/Sen,M,38.65;42.90,,
100 Estilos,"JAUSORO GONZALEZ, Martin",2006,CN Urgain,1:12.75,2026-06-21,Cto Álava Verano Inf/Jun/Sub20/Sen,M,34.19;38.56,,
100 Estilos,"GIL ALONSO, Jon",1990,CN Urgain,1:09.17,2026-06-21,Cto Álava Verano Inf/Jun/Sub20/Sen,M,31.46;37.71,,
100 Estilos,"VALDERRAMA MARTIN, Oscar",2000,CN Judizmendi,1:29.72,2026-06-21,Cto Álava Verano Inf/Jun/Sub20/Sen,M,39.94;49.78,,
100 Estilos,"GOMEZ MORAN, Naroa",2011,CN Urgain,1:22.08,2026-06-21,Cto Álava Verano Inf/Jun/Sub20/Sen,F,38.50;43.58,,
100 Estilos,"LOPEZ DE JUAN ABAD, Carla",2009,CN Menditxo,1:13.87,2026-06-21,Cto Álava Verano Inf/Jun/Sub20/Sen,F,34.90;38.97,,
100 Estilos,"GONZALEZ ANGULO, Olatz",2008,CN Zadorra,1:18.38,2026-06-21,Cto Álava Verano Inf/Jun/Sub20/Sen,F,34.83;43.55,,
100 Estilos,"CIRRE MARTINEZ DE ALBENIZ, Irati",2010,CN Zadorra,1:21.89,2026-06-21,Cto Álava Verano Inf/Jun/Sub20/Sen,F,38.55;43.34,,
100 Estilos,"SANCHEZ VICENTE, Nagore",2008,CN Zadorra,1:34.14,2026-06-21,Cto Álava Verano Inf/Jun/Sub20/Sen,F,40.88;53.26,,
100 Estilos,"AGUIRREGOMEZCORTA ALIAS, Johana",2007,CN Menditxo,1:14.57,2026-06-21,Cto Álava Verano Inf/Jun/Sub20/Sen,F,34.62;39.95,,
100 Estilos,"SALAZAR ORTIZ DE URBINA, Haizea",2006,CN Urgain,1:21.71,2026-06-21,Cto Álava Verano Inf/Jun/Sub20/Sen,F,37.91;43.80,,
100 Estilos,"DELGADO LOPO, Aizane",2006,CN Urgain,1:24.30,2026-06-21,Cto Álava Verano Inf/Jun/Sub20/Sen,F,40.15;44.15,,
100 Estilos,"GOTXIKOA TORRECILLA, Ainhoa",2005,CN Menditxo,1:06.93,2026-06-21,Cto Álava Verano Inf/Jun/Sub20/Sen,F,31.61;35.32,,
100 Estilos,"GAISAN PEREZ, Leire",2003,CN Menditxo,1:22.60,2026-06-21,Cto Álava Verano Inf/Jun/Sub20/Sen,F,37.07;45.53,,
200 Mariposa,"DIAZ DE OTAZU ORAA, Urtzi",2009,CN Zadorra,3:37.14,2026-06-21,Cto Álava Verano Inf/Jun/Sub20/Sen,M,44.63;54.46;58.29;59.76,,
200 Mariposa,"LOPEZ DE SABANDO GONZALEZ, Uztaritz",2006,CN Menditxo,2:13.98,2026-06-21,Cto Álava Verano Inf/Jun/Sub20/Sen,M,29.57;33.39;35.43;35.59,,
200 Mariposa,"MARIMON ANZOLA, Aritz",2005,CN Judizmendi,2:11.51,2026-06-21,Cto Álava Verano Inf/Jun/Sub20/Sen,M,28.80;32.66;33.99;36.06,,
200 Mariposa,"LIZARDUY CASTILLO, Iris",2008,CN Menditxo,2:17.48,2026-06-21,Cto Álava Verano Inf/Jun/Sub20/Sen,F,31.08;33.85;35.43;37.12,,
50 Espalda,"LOPEZ DE MUNAIN SEDANO, Oier",2011,CN Menditxo,33.27,2026-06-21,Cto Álava Verano Inf/Jun/Sub20/Sen,M,,,
50 Espalda,"GARCIA DE LOMANA VESGA, Nacho",2010,CN Menditxo,27.41,2026-06-21,Cto Álava Verano Inf/Jun/Sub20/Sen,M,,,
50 Espalda,"ESPEJO MARTIN, Markel",2009,CN Judizmendi,28.12,2026-06-21,Cto Álava Verano Inf/Jun/Sub20/Sen,M,,,
50 Espalda,"PUERTAS RIVAS, Urtzi",2010,CN Judizmendi,28.72,2026-06-21,Cto Álava Verano Inf/Jun/Sub20/Sen,M,,,
50 Espalda,"MONTORO RAMIREZ, Angel",2010,CN Menditxo,31.81,2026-06-21,Cto Álava Verano Inf/Jun/Sub20/Sen,M,,,
50 Espalda,"GUTIERREZ ARTOLA, Mikel",2009,CN Zadorra,35.82,2026-06-21,Cto Álava Verano Inf/Jun/Sub20/Sen,M,,,
50 Espalda,"OIARTZABAL GOIA, Beñat",1998,CN Urgain,27.92,2026-06-21,Cto Álava Verano Inf/Jun/Sub20/Sen,M,,,
50 Espalda,"MENESES ARRIZABALAGA, Xabier",2003,CN Judizmendi,29.70,2026-06-21,Cto Álava Verano Inf/Jun/Sub20/Sen,M,,,
50 Espalda,"FERNANDEZ CABRERA, Mara",2012,CN Menditxo,38.74,2026-06-21,Cto Álava Verano Inf/Jun/Sub20/Sen,F,,,
50 Espalda,"IBARRA FERNANDEZ, Iris",2012,CN Menditxo,39.82,2026-06-21,Cto Álava Verano Inf/Jun/Sub20/Sen,F,,,
50 Espalda,"LUCIA LIN, Xuyun",2011,CN Urgain,42.48,2026-06-21,Cto Álava Verano Inf/Jun/Sub20/Sen,F,,,
50 Espalda,"TABARES LERMA, Getari",2012,CN Zadorra,42.93,2026-06-21,Cto Álava Verano Inf/Jun/Sub20/Sen,F,,,
50 Espalda,"GUTIERREZ BERMUDEZ, Lucia",2011,CN Zadorra,43.12,2026-06-21,Cto Álava Verano Inf/Jun/Sub20/Sen,F,,,
50 Espalda,"LZ LUZURIAGA FZ RETANA, Maddi",2010,CN Judizmendi,33.49,2026-06-21,Cto Álava Verano Inf/Jun/Sub20/Sen,F,,,
50 Espalda,"LOPEZ DE JUAN ABAD, Carla",2009,CN Menditxo,34.20,2026-06-21,Cto Álava Verano Inf/Jun/Sub20/Sen,F,,,
50 Espalda,"FERNANDEZ NISO, June",2010,CN Judizmendi,36.14,2026-06-21,Cto Álava Verano Inf/Jun/Sub20/Sen,F,,,
50 Espalda,"MARTINEZ PRADO, Cielo",2010,CN Judizmendi,37.96,2026-06-21,Cto Álava Verano Inf/Jun/Sub20/Sen,F,,,
50 Espalda,"BIDAURRATZAGA CHASCO, Sara",2010,CN Judizmendi,39.99,2026-06-21,Cto Álava Verano Inf/Jun/Sub20/Sen,F,,,
50 Espalda,"URIGOITIA SAN ROMAN, Uxue",2006,CN Menditxo,33.00,2026-06-21,Cto Álava Verano Inf/Jun/Sub20/Sen,F,,,
50 Espalda,"AGUIRREGOMEZCORTA ALIAS, Johana",2007,CN Menditxo,36.87,2026-06-21,Cto Álava Verano Inf/Jun/Sub20/Sen,F,,,
50 Espalda,"PORTILLA GONZALEZ, Maria",1992,CN Urgain,40.55,2026-06-21,Cto Álava Verano Inf/Jun/Sub20/Sen,F,,,
800 Libre,"URIARTE ORTIZ DE MENDIVIL, Galder",2010,CN Judizmendi,9:22.66,2026-06-21,Cto Álava Verano Inf/Jun/Sub20/Sen,M,;1:05.77;;1:12.38;;1:11.55;;1:11.73;;1:11.11;;1:10.89;;1:10.62;;1:08.61,,
800 Libre,"HERNANDEZ CAÑO, Gonzalo",2010,CN Judizmendi,9:39.41,2026-06-21,Cto Álava Verano Inf/Jun/Sub20/Sen,M,;1:07.76;;1:12.23;;1:12.64;;1:12.56;;1:12.73;;1:14.41;;1:14.27;;1:12.81,,
800 Libre,"MZ DE SAN VICENTE LLANA, Markel",2009,CN Judizmendi,9:51.97,2026-06-21,Cto Álava Verano Inf/Jun/Sub20/Sen,M,;1:09.17;;1:13.63;;1:14.61;;1:14.93;;1:14.45;;1:15.64;;1:15.60;;1:13.94,,
800 Libre,"ALBIZU LOPEZ DE GUEREÑU, Ruben",2005,CN Zadorra,10:55.36,2026-06-21,Cto Álava Verano Inf/Jun/Sub20/Sen,M,;1:09.79;;1:16.37;;1:20.87;;1:24.81;;1:26.22;;1:27.51;;1:26.54;;1:23.25,,
800 Libre,"MARTINEZ ESCOLAR, Ainhoa",2012,CN Zadorra,11:35.11,2026-06-21,Cto Álava Verano Inf/Jun/Sub20/Sen,F,;1:17.75;;1:25.75;;1:27.41;;1:29.00;;1:29.81;;1:30.48;;1:29.30;;1:25.61,,
800 Libre,"ALONSO GARCIA, Adriana",2012,CN Zadorra,12:20.75,2026-06-21,Cto Álava Verano Inf/Jun/Sub20/Sen,F,;1:24.81;;1:30.96;;1:34.15;;1:35.04;;1:34.94;;1:33.84;;1:33.68;;1:33.33,,
800 Libre,"CIRRE MARTINEZ DE ALBENIZ, Irati",2010,CN Zadorra,11:15.30,2026-06-21,Cto Álava Verano Inf/Jun/Sub20/Sen,F,;1:19.49;;1:24.22;;1:24.83;;1:26.38;;1:26.77;;1:26.20;;1:25.20;;1:22.21,,
100 Libre,"VARA DIAZ DE GARAYO, Aimar",2011,CN Menditxo,1:04.80,2026-06-21,Cto Álava Verano Inf/Jun/Sub20/Sen,M,30.65;34.15,,
100 Libre,"ROS IRIARTE, Ekhi",2012,CN Urgain,1:12.79,2026-06-21,Cto Álava Verano Inf/Jun/Sub20/Sen,M,33.85;38.94,,
100 Libre,"ESPEJO MARTIN, Markel",2009,CN Judizmendi,55.76,2026-06-21,Cto Álava Verano Inf/Jun/Sub20/Sen,M,26.25;29.51,,
100 Libre,"PEÑA BARCENA, Alvaro",2009,CN Menditxo,57.22,2026-06-21,Cto Álava Verano Inf/Jun/Sub20/Sen,M,27.86;29.36,,
100 Libre,"FZ RETANA GZ HEREDIA, Oier",2009,CN Judizmendi,1:00.30,2026-06-21,Cto Álava Verano Inf/Jun/Sub20/Sen,M,29.71;30.59,,
100 Libre,"MONTORO RAMIREZ, Angel",2010,CN Menditxo,1:01.34,2026-06-21,Cto Álava Verano Inf/Jun/Sub20/Sen,M,29.51;31.83,,
100 Libre,"AGUIRRE ROMERO, Kirmen",2008,CN Urgain,1:02.80,2026-06-21,Cto Álava Verano Inf/Jun/Sub20/Sen,M,29.64;33.16,,
100 Libre,"BASABEA OLABE, Oinatz",2010,CN Judizmendi,1:04.76,2026-06-21,Cto Álava Verano Inf/Jun/Sub20/Sen,M,30.47;34.29,,
100 Libre,"GUTIERREZ ARTOLA, Mikel",2009,CN Zadorra,1:06.93,2026-06-21,Cto Álava Verano Inf/Jun/Sub20/Sen,M,32.18;34.75,,
100 Libre,"SAEZ ONDEVILLA, Alex",2008,CN Menditxo,1:08.04,2026-06-21,Cto Álava Verano Inf/Jun/Sub20/Sen,M,31.74;36.30,,
100 Libre,"DIAZ DE OTAZU ORAA, Urtzi",2009,CN Zadorra,1:15.83,2026-06-21,Cto Álava Verano Inf/Jun/Sub20/Sen,M,35.11;40.72,,
100 Libre,"GIL ALLAFLOR, Inigo",2006,CN Judizmendi,53.80,2026-06-21,Cto Álava Verano Inf/Jun/Sub20/Sen,M,25.14;28.66,,
100 Libre,"LOPEZ DE SABANDO GONZALEZ, Uztaritz",2006,CN Menditxo,54.59,2026-06-21,Cto Álava Verano Inf/Jun/Sub20/Sen,M,25.98;28.61,,
100 Libre,"JAUSORO GONZALEZ, Martin",2006,CN Urgain,1:03.11,2026-06-21,Cto Álava Verano Inf/Jun/Sub20/Sen,M,30.12;32.99,,
100 Libre,"ZUGAZAGA GARAGALZA, Urko",2005,CN Judizmendi,51.97,2026-06-21,Cto Álava Verano Inf/Jun/Sub20/Sen,M,25.10;26.87,,
100 Libre,"MENESES ARRIZABALAGA, Xabier",2003,CN Judizmendi,56.50,2026-06-21,Cto Álava Verano Inf/Jun/Sub20/Sen,M,27.20;29.30,,
100 Libre,"BARREDO LANSAC, Mikel",1996,CN Urgain,57.07,2026-06-21,Cto Álava Verano Inf/Jun/Sub20/Sen,M,27.42;29.65,,
100 Libre,"VALDERRAMA MARTIN, Oscar",2000,CN Judizmendi,1:26.75,2026-06-21,Cto Álava Verano Inf/Jun/Sub20/Sen,M,40.51;46.24,,
100 Libre,"GONZALEZ SANCHEZ, Miren",2012,CN Judizmendi,1:08.25,2026-06-21,Cto Álava Verano Inf/Jun/Sub20/Sen,F,33.05;35.20,,
100 Libre,"TABARES LERMA, Getari",2012,CN Zadorra,1:17.83,2026-06-21,Cto Álava Verano Inf/Jun/Sub20/Sen,F,36.43;41.40,,
100 Libre,"RODRIGUEZ GUINEA, Ane",2011,CN Zadorra,1:26.41,2026-06-21,Cto Álava Verano Inf/Jun/Sub20/Sen,F,40.15;46.26,,
100 Libre,"GUZMAN BREDA, Uxue",2010,CN Judizmendi,1:04.90,2026-06-21,Cto Álava Verano Inf/Jun/Sub20/Sen,F,31.09;33.81,,
100 Libre,"BAZTAN ARANA, Maddi",2008,CN Judizmendi,1:04.95,2026-06-21,Cto Álava Verano Inf/Jun/Sub20/Sen,F,31.56;33.39,,
100 Libre,"ANDRES HERNANDO, Nahia",2010,CN Judizmendi,1:07.16,2026-06-21,Cto Álava Verano Inf/Jun/Sub20/Sen,F,32.40;34.76,,
100 Libre,"LZ LUZURIAGA FZ RETANA, Maddi",2010,CN Judizmendi,1:07.36,2026-06-21,Cto Álava Verano Inf/Jun/Sub20/Sen,F,32.94;34.42,,
100 Libre,"GONZALEZ ANGULO, Olatz",2008,CN Zadorra,1:09.37,2026-06-21,Cto Álava Verano Inf/Jun/Sub20/Sen,F,33.53;35.84,,
100 Libre,"CASTELLANO LOPEZ, Maialen",2006,CN Menditxo,1:01.00,2026-06-21,Cto Álava Verano Inf/Jun/Sub20/Sen,F,29.21;31.79,,
100 Libre,"SALAZAR ORTIZ DE URBINA, Haizea",2006,CN Urgain,1:12.26,2026-06-21,Cto Álava Verano Inf/Jun/Sub20/Sen,F,34.23;38.03,,
100 Libre,"GAISAN PEREZ, Leire",2003,CN Menditxo,1:12.28,2026-06-21,Cto Álava Verano Inf/Jun/Sub20/Sen,F,34.09;38.19,,
50 Braza,"LOPEZ DE OCARIZ DE ALAVA, Sergio",2009,CN Judizmendi,29.15,2026-06-21,Cto Álava Verano Inf/Jun/Sub20/Sen,M,,,
50 Braza,"PUERTAS RIVAS, Urtzi",2010,CN Judizmendi,31.80,2026-06-21,Cto Álava Verano Inf/Jun/Sub20/Sen,M,,,
50 Braza,"GARCIA LUKE, Unai",2010,CN Judizmendi,33.86,2026-06-21,Cto Álava Verano Inf/Jun/Sub20/Sen,M,,,
50 Braza,"DIAZ DE BERRIKANO BUESA, Xabier",2009,CN Judizmendi,34.95,2026-06-21,Cto Álava Verano Inf/Jun/Sub20/Sen,M,,,
50 Braza,"SAINZ MONGE, Iker",2009,CN Menditxo,36.61,2026-06-21,Cto Álava Verano Inf/Jun/Sub20/Sen,M,,,
50 Braza,"CONDE GARCIA, Aingeru",2010,CN Menditxo,40.97,2026-06-21,Cto Álava Verano Inf/Jun/Sub20/Sen,M,,,
50 Braza,"RITUERTO PEREZ DEL NOTARIO, Iker",2007,CN Menditxo,30.42,2026-06-21,Cto Álava Verano Inf/Jun/Sub20/Sen,M,,,
50 Braza,"OIARTZABAL GOIA, Beñat",1998,CN Urgain,30.73,2026-06-21,Cto Álava Verano Inf/Jun/Sub20/Sen,M,,,
50 Braza,"GIL ALONSO, Jon",1990,CN Urgain,35.75,2026-06-21,Cto Álava Verano Inf/Jun/Sub20/Sen,M,,,
50 Braza,"MARTINEZ DE MURGUIA ALVAREZ, Izaro",2012,CN Judizmendi,41.49,2026-06-21,Cto Álava Verano Inf/Jun/Sub20/Sen,F,,,
50 Braza,"MARTINEZ ESCOLAR, Ainhoa",2012,CN Zadorra,42.67,2026-06-21,Cto Álava Verano Inf/Jun/Sub20/Sen,F,,,
50 Braza,"FERNANDEZ CABRERA, Mara",2012,CN Menditxo,43.19,2026-06-21,Cto Álava Verano Inf/Jun/Sub20/Sen,F,,,
50 Braza,"GOMEZ MORAN, Naroa",2011,CN Urgain,43.24,2026-06-21,Cto Álava Verano Inf/Jun/Sub20/Sen,F,,,
50 Braza,"MENDIBE SAN JUAN, Amaia",2011,CN Menditxo,43.87,2026-06-21,Cto Álava Verano Inf/Jun/Sub20/Sen,F,,,
50 Braza,"LUCIA LIN, Xuyun",2011,CN Urgain,44.19,2026-06-21,Cto Álava Verano Inf/Jun/Sub20/Sen,F,,,
50 Braza,"GUTIERREZ BERMUDEZ, Lucia",2011,CN Zadorra,55.14,2026-06-21,Cto Álava Verano Inf/Jun/Sub20/Sen,F,,,
50 Braza,"DIAZ DE CERIO ABASOLO, Laida",2009,CN Judizmendi,35.09,2026-06-21,Cto Álava Verano Inf/Jun/Sub20/Sen,F,,,
50 Braza,"RODRIGUEZ DE YURRE BUESA, Amaia",2010,CN Judizmendi,38.37,2026-06-21,Cto Álava Verano Inf/Jun/Sub20/Sen,F,,,
50 Braza,"MARTINEZ PRADO, Cielo",2010,CN Judizmendi,43.50,2026-06-21,Cto Álava Verano Inf/Jun/Sub20/Sen,F,,,
50 Braza,"BIDAURRATZAGA CHASCO, Sara",2010,CN Judizmendi,46.31,2026-06-21,Cto Álava Verano Inf/Jun/Sub20/Sen,F,,,
50 Braza,"SANCHEZ VICENTE, Nagore",2008,CN Zadorra,50.19,2026-06-21,Cto Álava Verano Inf/Jun/Sub20/Sen,F,,,
50 Braza,"MONDEJAR MOYA, Ekine",2007,CN Menditxo,32.45,2026-06-21,Cto Álava Verano Inf/Jun/Sub20/Sen,F,,,
50 Braza,"ORTIZ DE PINEDO ARRIETA, Uxue",2007,CN Judizmendi,33.53,2026-06-21,Cto Álava Verano Inf/Jun/Sub20/Sen,F,,,
50 Braza,"DELGADO LOPO, Aizane",2006,CN Urgain,43.14,2026-06-21,Cto Álava Verano Inf/Jun/Sub20/Sen,F,,,
50 Braza,"GOTXIKOA TORRECILLA, Ainhoa",2005,CN Menditxo,32.94,2026-06-21,Cto Álava Verano Inf/Jun/Sub20/Sen,F,,,
200 Libre,"ALONSO GARCIA, Adriana",2012,CN Zadorra,2:48.26,2026-06-21,Cto Álava Verano Inf/Jun/Sub20/Sen,F,38.02;42.17;44.18;43.89,,
200 Libre,"TABARES LERMA, Getari",2012,CN Zadorra,2:52.02,2026-06-21,Cto Álava Verano Inf/Jun/Sub20/Sen,F,38.40;43.13;45.33;45.16,,
200 Libre,"GUTIERREZ BERMUDEZ, Lucia",2011,CN Zadorra,2:56.99,2026-06-21,Cto Álava Verano Inf/Jun/Sub20/Sen,F,41.50;44.32;45.63;45.54,,
200 Libre,"RODRIGUEZ DE YURRE BUESA, Amaia",2010,CN Judizmendi,2:16.48,2026-06-21,Cto Álava Verano Inf/Jun/Sub20/Sen,F,32.83;34.52;35.58;33.55,,
200 Libre,"ANDRES HERNANDO, Nahia",2010,CN Judizmendi,2:24.93,2026-06-21,Cto Álava Verano Inf/Jun/Sub20/Sen,F,33.87;35.80;37.09;38.17,,
200 Libre,"GONZALEZ ANGULO, Olatz",2008,CN Zadorra,2:35.05,2026-06-21,Cto Álava Verano Inf/Jun/Sub20/Sen,F,35.96;39.04;40.00;40.05,,
200 Libre,"CASTELLANO LOPEZ, Maialen",2006,CN Menditxo,2:11.20,2026-06-21,Cto Álava Verano Inf/Jun/Sub20/Sen,F,29.84;32.64;34.18;34.54,,
200 Libre,"AGUIRREGOMEZCORTA ALIAS, Johana",2007,CN Menditxo,2:16.75,2026-06-21,Cto Álava Verano Inf/Jun/Sub20/Sen,F,31.79;34.31;35.53;35.12,,
200 Libre,"DELGADO LOPO, Aizane",2006,CN Urgain,2:38.29,2026-06-21,Cto Álava Verano Inf/Jun/Sub20/Sen,F,36.95;40.30;41.09;39.95,,
200 Libre,"RUIZ OLALLA MARQUEZ, Vera",2007,CN Urgain,2:49.53,2026-06-21,Cto Álava Verano Inf/Jun/Sub20/Sen,F,38.66;42.49;44.07;44.31,,
200 Libre,"ORTEGA ENRIQUE, Yeray",2012,CN Menditxo,2:04.76,2026-06-21,Cto Álava Verano Inf/Jun/Sub20/Sen,M,28.41;31.42;32.42;32.51,,
200 Libre,"COLLADO ARRANZ, Hegoi",2011,CN Judizmendi,2:18.87,2026-06-21,Cto Álava Verano Inf/Jun/Sub20/Sen,M,31.41;35.30;36.75;35.41,,
200 Libre,"ROS IRIARTE, Ekhi",2012,CN Urgain,2:46.13,2026-06-21,Cto Álava Verano Inf/Jun/Sub20/Sen,M,39.37;42.93;42.05;41.78,,
200 Libre,"GARCIA DE LOMANA VESGA, Nacho",2010,CN Menditxo,1:56.08,2026-06-21,Cto Álava Verano Inf/Jun/Sub20/Sen,M,26.39;28.79;30.10;30.80,,
200 Libre,"MONTORO RAMIREZ, Angel",2010,CN Menditxo,2:15.27,2026-06-21,Cto Álava Verano Inf/Jun/Sub20/Sen,M,30.59;34.77;36.10;33.81,,
200 Libre,"SAEZ ONDEVILLA, Alex",2008,CN Menditxo,2:29.31,2026-06-21,Cto Álava Verano Inf/Jun/Sub20/Sen,M,34.02;36.80;39.17;39.32,,
200 Libre,"ZUGAZAGA GARAGALZA, Urko",2005,CN Judizmendi,1:53.42,2026-06-21,Cto Álava Verano Inf/Jun/Sub20/Sen,M,26.53;28.22;29.12;29.55,,
100 Mariposa,"MARTINEZ ESCOLAR, Ainhoa",2012,CN Zadorra,1:32.55,2026-06-21,Cto Álava Verano Inf/Jun/Sub20/Sen,F,43.33;49.22,,
100 Mariposa,"DIAZ DE CERIO ABASOLO, Laida",2009,CN Judizmendi,1:09.48,2026-06-21,Cto Álava Verano Inf/Jun/Sub20/Sen,F,32.77;36.71,,
100 Mariposa,"GUZMAN BREDA, Uxue",2010,CN Judizmendi,1:15.83,2026-06-21,Cto Álava Verano Inf/Jun/Sub20/Sen,F,34.51;41.32,,
100 Mariposa,"CIRRE MARTINEZ DE ALBENIZ, Irati",2010,CN Zadorra,1:16.76,2026-06-21,Cto Álava Verano Inf/Jun/Sub20/Sen,F,36.69;40.07,,
100 Mariposa,"MARTINEZ PRADO, Cielo",2010,CN Judizmendi,1:22.92,2026-06-21,Cto Álava Verano Inf/Jun/Sub20/Sen,F,37.59;45.33,,
100 Mariposa,"MENDIA GAINZARAIN, Oihan",2011,CN Menditxo,1:09.89,2026-06-21,Cto Álava Verano Inf/Jun/Sub20/Sen,M,31.73;38.16,,
100 Mariposa,"PEÑA BARCENA, Alvaro",2009,CN Menditxo,1:01.49,2026-06-21,Cto Álava Verano Inf/Jun/Sub20/Sen,M,28.78;32.71,,
100 Mariposa,"URIARTE ORTIZ DE MENDIVIL, Galder",2010,CN Judizmendi,1:02.48,2026-06-21,Cto Álava Verano Inf/Jun/Sub20/Sen,M,28.66;33.82,,
100 Mariposa,"LOPEZ DE SABANDO GONZALEZ, Uztaritz",2006,CN Menditxo,58.12,2026-06-21,Cto Álava Verano Inf/Jun/Sub20/Sen,M,27.26;30.86,,
100 Mariposa,"RITUERTO PEREZ DEL NOTARIO, Iker",2007,CN Menditxo,59.90,2026-06-21,Cto Álava Verano Inf/Jun/Sub20/Sen,M,27.53;32.37,,
100 Mariposa,"FERNANDEZ DE RETANA PALMA, Ieltxu",2006,CN Urgain,1:15.71,2026-06-21,Cto Álava Verano Inf/Jun/Sub20/Sen,M,33.69;42.02,,
100 Mariposa,"MARIMON ANZOLA, Aritz",2005,CN Judizmendi,55.89,2026-06-21,Cto Álava Verano Inf/Jun/Sub20/Sen,M,26.23;29.66,,
100 Mariposa,"OIARTZABAL GOIA, Beñat",1998,CN Urgain,59.97,2026-06-21,Cto Álava Verano Inf/Jun/Sub20/Sen,M,27.56;32.41,,
100 Mariposa,"VALDERRAMA MARTIN, Oscar",2000,CN Judizmendi,1:27.09,2026-06-21,Cto Álava Verano Inf/Jun/Sub20/Sen,M,41.52;45.57,,
1500 Libre,"RODRIGUEZ LÓPEZ DE VICUÑA, Jokin",2010,CN Judizmendi,17:32.42,2026-06-21,Cto Álava Verano Inf/Jun/Sub20/Sen,M,;1:06.05;;1:10.48;;1:10.58;;1:10.76;;1:10.96;;1:10.28;;1:10.26;;1:10.69;;1:10.56;;1:10.42;;1:10.97;;1:10.55;;1:11.04;;1:10.59;;1:08.23,,
1500 Libre,"FZ RETANA GZ HEREDIA, Oier",2009,CN Judizmendi,18:49.30,2026-06-21,Cto Álava Verano Inf/Jun/Sub20/Sen,M,;1:09.06;;1:12.04;;1:12.40;;1:12.75;;1:12.81;;1:13.59;;1:13.85;;1:18.07;;1:19.44;;1:18.99;;1:18.89;;1:18.64;;1:17.31;;1:16.39;;1:15.07,,
1500 Libre,"GUTIERREZ ARTOLA, Mikel",2009,CN Zadorra,22:08.68,2026-06-21,Cto Álava Verano Inf/Jun/Sub20/Sen,M,;1:19.65;;1:28.36;;1:30.08;;1:29.47;;1:28.77;;1:29.07;;1:29.77;;1:30.49;;1:29.79;;1:28.80;;1:29.13;;1:30.06;;1:30.25;;1:29.40;;1:25.59,,
1500 Libre,"DIAZ DE OTAZU ORAA, Urtzi",2009,CN Zadorra,24:18.65,2026-06-21,Cto Álava Verano Inf/Jun/Sub20/Sen,M,;1:24.96;;1:34.26;;1:38.06;;1:39.71;;1:38.56;;1:38.01;;1:38.19;;1:38.30;;1:37.91;;1:38.87;;1:37.95;;1:39.86;;1:39.84;;1:38.66;;1:35.51,,
200 Braza,"GOMEZ MORAN, Naroa",2011,CN Urgain,3:25.21,2026-06-21,Cto Álava Verano Inf/Jun/Sub20/Sen,F,46.35;52.77;53.04;53.05,,
200 Braza,"RODRIGUEZ DE YURRE BUESA, Amaia",2010,CN Judizmendi,2:59.80,2026-06-21,Cto Álava Verano Inf/Jun/Sub20/Sen,F,40.93;46.26;46.45;46.16,,
200 Braza,"MARTINEZ PRADO, Cielo",2010,CN Judizmendi,3:14.95,2026-06-21,Cto Álava Verano Inf/Jun/Sub20/Sen,F,45.48;48.88;50.24;50.35,,
200 Braza,"ORTIZ DE PINEDO ARRIETA, Uxue",2007,CN Judizmendi,2:29.84,2026-06-21,Cto Álava Verano Inf/Jun/Sub20/Sen,F,34.32;37.95;38.50;39.07,,
200 Braza,"LOPEZ DE OCARIZ DE ALAVA, Sergio",2009,CN Judizmendi,2:17.60,2026-06-21,Cto Álava Verano Inf/Jun/Sub20/Sen,M,30.67;35.21;35.60;36.12,,
200 Braza,"GARCIA LUKE, Unai",2010,CN Judizmendi,2:38.63,2026-06-21,Cto Álava Verano Inf/Jun/Sub20/Sen,M,35.27;40.05;41.28;42.03,,
200 Braza,"HERNANDEZ CAÑO, Gonzalo",2010,CN Judizmendi,2:44.45,2026-06-21,Cto Álava Verano Inf/Jun/Sub20/Sen,M,37.34;41.86;42.38;42.87,,
200 Braza,"DIAZ DE BERRIKANO BUESA, Xabier",2009,CN Judizmendi,2:44.78,2026-06-21,Cto Álava Verano Inf/Jun/Sub20/Sen,M,36.88;41.96;42.85;43.09,,
200 Braza,"MZ DE SAN VICENTE LLANA, Markel",2009,CN Judizmendi,2:45.36,2026-06-21,Cto Álava Verano Inf/Jun/Sub20/Sen,M,38.35;41.90;42.90;42.21,,
200 Braza,"SAINZ MONGE, Iker",2009,CN Menditxo,3:00.21,2026-06-21,Cto Álava Verano Inf/Jun/Sub20/Sen,M,38.07;46.15;47.58;48.41,,
200 Braza,"CONDE GARCIA, Aingeru",2010,CN Menditxo,3:14.37,2026-06-21,Cto Álava Verano Inf/Jun/Sub20/Sen,M,43.46;49.05;50.99;50.87,,
200 Braza,"NANCLARES IBARGUTXI, Xabier",2003,CN Judizmendi,2:23.04,2026-06-21,Cto Álava Verano Inf/Jun/Sub20/Sen,M,31.48;35.86;37.28;38.42,,
100 Espalda,"IBARRA FERNANDEZ, Iris",2012,CN Menditxo,1:24.44,2026-06-21,Cto Álava Verano Inf/Jun/Sub20/Sen,F,41.32;43.12,,
100 Espalda,"MARTINEZ ESCOLAR, Ainhoa",2012,CN Zadorra,1:25.79,2026-06-21,Cto Álava Verano Inf/Jun/Sub20/Sen,F,41.89;43.90,,
100 Espalda,"TABARES LERMA, Getari",2012,CN Zadorra,1:31.25,2026-06-21,Cto Álava Verano Inf/Jun/Sub20/Sen,F,44.99;46.26,,
100 Espalda,"ALONSO GARCIA, Adriana",2012,CN Zadorra,1:32.03,2026-06-21,Cto Álava Verano Inf/Jun/Sub20/Sen,F,45.10;46.93,,
100 Espalda,"GUTIERREZ BERMUDEZ, Lucia",2011,CN Zadorra,1:32.73,2026-06-21,Cto Álava Verano Inf/Jun/Sub20/Sen,F,45.45;47.28,,
100 Espalda,"LUCIA LIN, Xuyun",2011,CN Urgain,1:32.88,2026-06-21,Cto Álava Verano Inf/Jun/Sub20/Sen,F,43.17;49.71,,
100 Espalda,"RODRIGUEZ GUINEA, Ane",2011,CN Zadorra,1:49.22,2026-06-21,Cto Álava Verano Inf/Jun/Sub20/Sen,F,52.17;57.05,,
100 Espalda,"LZ LUZURIAGA FZ RETANA, Maddi",2010,CN Judizmendi,1:10.96,2026-06-21,Cto Álava Verano Inf/Jun/Sub20/Sen,F,34.84;36.12,,
100 Espalda,"FERNANDEZ JORGE, Eider",2008,CN Menditxo,1:11.33,2026-06-21,Cto Álava Verano Inf/Jun/Sub20/Sen,F,34.27;37.06,,
100 Espalda,"FERNANDEZ NISO, June",2010,CN Judizmendi,1:17.04,2026-06-21,Cto Álava Verano Inf/Jun/Sub20/Sen,F,37.48;39.56,,
100 Espalda,"GONZALEZ ANGULO, Olatz",2008,CN Zadorra,1:17.24,2026-06-21,Cto Álava Verano Inf/Jun/Sub20/Sen,F,37.71;39.53,,
100 Espalda,"CIRRE MARTINEZ DE ALBENIZ, Irati",2010,CN Zadorra,1:25.26,2026-06-21,Cto Álava Verano Inf/Jun/Sub20/Sen,F,41.41;43.85,,
100 Espalda,"BIDAURRATZAGA CHASCO, Sara",2010,CN Judizmendi,1:25.88,2026-06-21,Cto Álava Verano Inf/Jun/Sub20/Sen,F,41.20;44.68,,
100 Espalda,"SANCHEZ VICENTE, Nagore",2008,CN Zadorra,1:28.29,2026-06-21,Cto Álava Verano Inf/Jun/Sub20/Sen,F,41.93;46.36,,
100 Espalda,"SALAZAR ORTIZ DE URBINA, Haizea",2006,CN Urgain,1:20.77,2026-06-21,Cto Álava Verano Inf/Jun/Sub20/Sen,F,38.83;41.94,,
100 Espalda,"GARCIA DE LOMANA VESGA, Nacho",2010,CN Menditxo,59.28,2026-06-21,Cto Álava Verano Inf/Jun/Sub20/Sen,M,28.60;30.68,,
100 Espalda,"ESPEJO MARTIN, Markel",2009,CN Judizmendi,1:00.81,2026-06-21,Cto Álava Verano Inf/Jun/Sub20/Sen,M,29.36;31.45,,
100 Espalda,"PUERTAS RIVAS, Urtzi",2010,CN Judizmendi,1:00.90,2026-06-21,Cto Álava Verano Inf/Jun/Sub20/Sen,M,29.58;31.32,,
100 Espalda,"JAUSORO GONZALEZ, Martin",2006,CN Urgain,1:12.36,2026-06-21,Cto Álava Verano Inf/Jun/Sub20/Sen,M,35.35;37.01,,
100 Espalda,"FERNANDEZ DE RETANA PALMA, Ieltxu",2006,CN Urgain,1:13.35,2026-06-21,Cto Álava Verano Inf/Jun/Sub20/Sen,M,35.24;38.11,,
100 Espalda,"OIARTZABAL GOIA, Beñat",1998,CN Urgain,1:02.74,2026-06-21,Cto Álava Verano Inf/Jun/Sub20/Sen,M,30.17;32.57,,
100 Espalda,"MENESES ARRIZABALAGA, Xabier",2003,CN Judizmendi,1:05.81,2026-06-21,Cto Álava Verano Inf/Jun/Sub20/Sen,M,31.24;34.57,,
100 Espalda,"GIL ALONSO, Jon",1990,CN Urgain,1:06.41,2026-06-21,Cto Álava Verano Inf/Jun/Sub20/Sen,M,32.15;34.26,,
100 Espalda,"ALBIZU LOPEZ DE GUEREÑU, Ruben",2005,CN Zadorra,1:12.27,2026-06-21,Cto Álava Verano Inf/Jun/Sub20/Sen,M,34.81;37.46,,
400 Estilos,"LIZARDUY CASTILLO, Iris",2008,CN Menditxo,5:05.26,2026-06-21,Cto Álava Verano Inf/Jun/Sub20/Sen,F,32.39;36.45;39.14;39.02;43.83;43.65;35.09;35.69,,
400 Estilos,"ETXEBARRIA SAEZ DE UGARTE, Eneko",2011,CN Judizmendi,5:15.35,2026-06-21,Cto Álava Verano Inf/Jun/Sub20/Sen,M,33.59;38.57;40.43;39.43;45.95;46.25;36.09;35.04,,
50 Libre,"PULIDO CRESPO, Nahia",2011,CN Menditxo,31.25,2026-06-21,Cto Álava Verano Inf/Jun/Sub20/Sen,F,,,
50 Libre,"FDZ. DE LABASTIDA DIAZ, Ainhize",2011,CN Menditxo,31.50,2026-06-21,Cto Álava Verano Inf/Jun/Sub20/Sen,F,,,
50 Libre,"GOMEZ MORAN, Naroa",2011,CN Urgain,31.77,2026-06-21,Cto Álava Verano Inf/Jun/Sub20/Sen,F,,,
50 Libre,"MENDIBE SAN JUAN, Amaia",2011,CN Menditxo,34.76,2026-06-21,Cto Álava Verano Inf/Jun/Sub20/Sen,F,,,
50 Libre,"TABARES LERMA, Getari",2012,CN Zadorra,35.32,2026-06-21,Cto Álava Verano Inf/Jun/Sub20/Sen,F,,,
50 Libre,"DIAZ DE CERIO ABASOLO, Laida",2009,CN Judizmendi,28.57,2026-06-21,Cto Álava Verano Inf/Jun/Sub20/Sen,F,,,
50 Libre,"LOPEZ DE JUAN ABAD, Carla",2009,CN Menditxo,29.46,2026-06-21,Cto Álava Verano Inf/Jun/Sub20/Sen,F,,,
50 Libre,"FERNANDEZ JORGE, Eider",2008,CN Menditxo,30.28,2026-06-21,Cto Álava Verano Inf/Jun/Sub20/Sen,F,,,
50 Libre,"BAZTAN ARANA, Maddi",2008,CN Judizmendi,30.53,2026-06-21,Cto Álava Verano Inf/Jun/Sub20/Sen,F,,,
50 Libre,"FERNANDEZ NISO, June",2010,CN Judizmendi,31.12,2026-06-21,Cto Álava Verano Inf/Jun/Sub20/Sen,F,,,
50 Libre,"CIRRE MARTINEZ DE ALBENIZ, Irati",2010,CN Zadorra,31.50,2026-06-21,Cto Álava Verano Inf/Jun/Sub20/Sen,F,,,
50 Libre,"MARTINEZ PRADO, Cielo",2010,CN Judizmendi,33.30,2026-06-21,Cto Álava Verano Inf/Jun/Sub20/Sen,F,,,
50 Libre,"SANCHEZ VICENTE, Nagore",2008,CN Zadorra,35.29,2026-06-21,Cto Álava Verano Inf/Jun/Sub20/Sen,F,,,
50 Libre,"MONDEJAR MOYA, Ekine",2007,CN Menditxo,26.28,2026-06-21,Cto Álava Verano Inf/Jun/Sub20/Sen,F,,,
50 Libre,"URIGOITIA SAN ROMAN, Uxue",2006,CN Menditxo,30.93,2026-06-21,Cto Álava Verano Inf/Jun/Sub20/Sen,F,,,
50 Libre,"DELGADO LOPO, Aizane",2006,CN Urgain,34.26,2026-06-21,Cto Álava Verano Inf/Jun/Sub20/Sen,F,,,
50 Libre,"GOTXIKOA TORRECILLA, Ainhoa",2005,CN Menditxo,27.28,2026-06-21,Cto Álava Verano Inf/Jun/Sub20/Sen,F,,,
50 Libre,"PORTILLA GONZALEZ, Maria",1992,CN Urgain,33.97,2026-06-21,Cto Álava Verano Inf/Jun/Sub20/Sen,F,,,
50 Libre,"ROS IRIARTE, Ekhi",2012,CN Urgain,32.72,2026-06-21,Cto Álava Verano Inf/Jun/Sub20/Sen,M,,,
50 Libre,"URIARTE ORTIZ DE MENDIVIL, Galder",2010,CN Judizmendi,26.69,2026-06-21,Cto Álava Verano Inf/Jun/Sub20/Sen,M,,,
50 Libre,"HERNANDEZ CAÑO, Gonzalo",2010,CN Judizmendi,27.47,2026-06-21,Cto Álava Verano Inf/Jun/Sub20/Sen,M,,,
50 Libre,"MONTORO RAMIREZ, Angel",2010,CN Menditxo,27.57,2026-06-21,Cto Álava Verano Inf/Jun/Sub20/Sen,M,,,
50 Libre,"AGUIRRE ROMERO, Kirmen",2008,CN Urgain,27.78,2026-06-21,Cto Álava Verano Inf/Jun/Sub20/Sen,M,,,
50 Libre,"SAINZ MONGE, Iker",2009,CN Menditxo,27.91,2026-06-21,Cto Álava Verano Inf/Jun/Sub20/Sen,M,,,
50 Libre,"BASABEA OLABE, Oinatz",2010,CN Judizmendi,28.32,2026-06-21,Cto Álava Verano Inf/Jun/Sub20/Sen,M,,,
50 Libre,"GUTIERREZ ARTOLA, Mikel",2009,CN Zadorra,30.18,2026-06-21,Cto Álava Verano Inf/Jun/Sub20/Sen,M,,,
50 Libre,"SAEZ ONDEVILLA, Alex",2008,CN Menditxo,30.39,2026-06-21,Cto Álava Verano Inf/Jun/Sub20/Sen,M,,,
50 Libre,"CONDE GARCIA, Aingeru",2010,CN Menditxo,32.49,2026-06-21,Cto Álava Verano Inf/Jun/Sub20/Sen,M,,,
50 Libre,"DIAZ DE OTAZU ORAA, Urtzi",2009,CN Zadorra,32.78,2026-06-21,Cto Álava Verano Inf/Jun/Sub20/Sen,M,,,
50 Libre,"LOPEZ DE SABANDO GONZALEZ, Uztaritz",2006,CN Menditxo,25.50,2026-06-21,Cto Álava Verano Inf/Jun/Sub20/Sen,M,,,
50 Libre,"LOPEZ OCIO, Jon",2006,CN Urgain,27.04,2026-06-21,Cto Álava Verano Inf/Jun/Sub20/Sen,M,,,
50 Libre,"JAUSORO GONZALEZ, Martin",2006,CN Urgain,27.31,2026-06-21,Cto Álava Verano Inf/Jun/Sub20/Sen,M,,,
50 Libre,"ZUGAZAGA GARAGALZA, Urko",2005,CN Judizmendi,24.18,2026-06-21,Cto Álava Verano Inf/Jun/Sub20/Sen,M,,,
50 Libre,"MARIMON ANZOLA, Aritz",2005,CN Judizmendi,24.36,2026-06-21,Cto Álava Verano Inf/Jun/Sub20/Sen,M,,,
50 Libre,"BARREDO LANSAC, Mikel",1996,CN Urgain,25.12,2026-06-21,Cto Álava Verano Inf/Jun/Sub20/Sen,M,,,
50 Libre,"OIARTZABAL GOIA, Beñat",1998,CN Urgain,25.47,2026-06-21,Cto Álava Verano Inf/Jun/Sub20/Sen,M,,,
50 Libre,"ALBIZU LOPEZ DE GUEREÑU, Ruben",2005,CN Zadorra,27.68,2026-06-21,Cto Álava Verano Inf/Jun/Sub20/Sen,M,,,
200 Estilos,"MARTINEZ ESCOLAR, Ainhoa",2012,CN Zadorra,3:04.51,2026-06-21,Cto Álava Verano Inf/Jun/Sub20/Sen,F,,,
200 Estilos,"LIZARDUY CASTILLO, Iris",2008,CN Menditxo,2:22.56,2026-06-21,Cto Álava Verano Inf/Jun/Sub20/Sen,F,,,
200 Estilos,"GONZALEZ ANGULO, Olatz",2008,CN Zadorra,2:52.45,2026-06-21,Cto Álava Verano Inf/Jun/Sub20/Sen,F,20.05;59.50;50.14;42.76,,
200 Estilos,"PEÑA BARCENA, Alvaro",2009,CN Menditxo,2:18.57,2026-06-21,Cto Álava Verano Inf/Jun/Sub20/Sen,M,28.91;34.35;42.02;33.29,,
200 Estilos,"GIL ALONSO, Jon",1990,CN Urgain,2:24.50,2026-06-21,Cto Álava Verano Inf/Jun/Sub20/Sen,M,32.18;36.74;40.95;34.63,,
200 Estilos,"VALDERRAMA MARTIN, Oscar",2000,CN Judizmendi,3:21.30,2026-06-21,Cto Álava Verano Inf/Jun/Sub20/Sen,M,36.52;58.49;59.43;46.86,,
200 Espalda,"HERRERO ALONSO, Izaro",2012,CN Judizmendi,2:55.16,2026-06-21,Cto Álava Verano Inf/Jun/Sub20/Sen,F,40.94;44.45;45.89;43.88,,
200 Espalda,"LZ LUZURIAGA FZ RETANA, Maddi",2010,CN Judizmendi,2:32.85,2026-06-21,Cto Álava Verano Inf/Jun/Sub20/Sen,F,35.92;38.79;38.72;39.42,,
200 Espalda,"BIDAURRATZAGA CHASCO, Sara",2010,CN Judizmendi,3:09.53,2026-06-21,Cto Álava Verano Inf/Jun/Sub20/Sen,F,43.36;47.58;49.30;49.29,,
200 Espalda,"ESPEJO MARTIN, Markel",2009,CN Judizmendi,2:12.64,2026-06-21,Cto Álava Verano Inf/Jun/Sub20/Sen,M,30.62;33.51;34.13;34.38,,
400 Libre,"MARTINEZ ESCOLAR, Ainhoa",2012,CN Zadorra,5:39.72,2026-06-21,Cto Álava Verano Inf/Jun/Sub20/Sen,F,38.92;42.01;43.29;43.87;43.63;44.15;43.00;40.85,,
400 Libre,"RODRIGUEZ DE YURRE BUESA, Amaia",2010,CN Judizmendi,4:45.49,2026-06-21,Cto Álava Verano Inf/Jun/Sub20/Sen,F,33.71;35.25;36.27;35.94;35.73;36.23;37.02;35.34,,
400 Libre,"ANDRES HERNANDO, Nahia",2010,CN Judizmendi,5:05.50,2026-06-21,Cto Álava Verano Inf/Jun/Sub20/Sen,F,35.16;38.03;38.42;38.59;38.91;39.19;38.80;38.40,,
400 Libre,"CASTELLANO LOPEZ, Maialen",2006,CN Menditxo,4:39.14,2026-06-21,Cto Álava Verano Inf/Jun/Sub20/Sen,F,31.87;34.49;35.12;35.55;35.56;36.01;35.83;34.71,,
400 Libre,"GARCIA DE LOMANA VESGA, Nacho",2010,CN Menditxo,4:15.98,2026-06-21,Cto Álava Verano Inf/Jun/Sub20/Sen,M,28.74;31.49;31.95;32.37;32.90;33.49;33.70;31.34,,
400 Libre,"RODRIGUEZ LÓPEZ DE VICUÑA, Jokin",2010,CN Judizmendi,4:27.95,2026-06-21,Cto Álava Verano Inf/Jun/Sub20/Sen,M,30.14;33.45;33.79;34.47;34.09;34.28;34.44;33.29,,
400 Libre,"FZ RETANA GZ HEREDIA, Oier",2009,CN Judizmendi,4:41.01,2026-06-21,Cto Álava Verano Inf/Jun/Sub20/Sen,M,31.22;34.20;34.94;35.35;35.60;36.14;36.97;36.59,,
400 Libre,"MZ DE SAN VICENTE LLANA, Markel",2009,CN Judizmendi,4:48.18,2026-06-21,Cto Álava Verano Inf/Jun/Sub20/Sen,M,32.74;35.21;36.49;37.05;36.79;36.78;36.94;36.18,,
100 Braza,"MENDIBE SAN JUAN, Amaia",2011,CN Menditxo,1:35.78,2026-06-21,Cto Álava Verano Inf/Jun/Sub20/Sen,F,45.59;50.19,,
100 Braza,"RODRIGUEZ GUINEA, Ane",2011,CN Zadorra,1:50.58,2026-06-21,Cto Álava Verano Inf/Jun/Sub20/Sen,F,49.13;1:01.45,,
100 Braza,"LIZARDUY CASTILLO, Iris",2008,CN Menditxo,1:14.05,2026-06-21,Cto Álava Verano Inf/Jun/Sub20/Sen,F,35.26;38.79,,
100 Braza,"MARTINEZ PRADO, Cielo",2010,CN Judizmendi,1:34.36,2026-06-21,Cto Álava Verano Inf/Jun/Sub20/Sen,F,44.62;49.74,,
100 Braza,"BIDAURRATZAGA CHASCO, Sara",2010,CN Judizmendi,1:41.07,2026-06-21,Cto Álava Verano Inf/Jun/Sub20/Sen,F,48.01;53.06,,
100 Braza,"DELGADO LOPO, Aizane",2006,CN Urgain,1:32.95,2026-06-21,Cto Álava Verano Inf/Jun/Sub20/Sen,F,44.67;48.28,,
100 Braza,"LOPEZ DE OCARIZ DE ALAVA, Sergio",2009,CN Judizmendi,1:02.84,2026-06-21,Cto Álava Verano Inf/Jun/Sub20/Sen,M,29.62;33.22,,
100 Braza,"PUERTAS RIVAS, Urtzi",2010,CN Judizmendi,1:08.62,2026-06-21,Cto Álava Verano Inf/Jun/Sub20/Sen,M,32.42;36.20,,
100 Braza,"GARCIA LUKE, Unai",2010,CN Judizmendi,1:13.36,2026-06-21,Cto Álava Verano Inf/Jun/Sub20/Sen,M,34.32;39.04,,
100 Braza,"DIAZ DE BERRIKANO BUESA, Xabier",2009,CN Judizmendi,1:15.35,2026-06-21,Cto Álava Verano Inf/Jun/Sub20/Sen,M,35.66;39.69,,
100 Braza,"HERNANDEZ CAÑO, Gonzalo",2010,CN Judizmendi,1:16.55,2026-06-21,Cto Álava Verano Inf/Jun/Sub20/Sen,M,36.04;40.51,,
100 Braza,"SAINZ MONGE, Iker",2009,CN Menditxo,1:21.16,2026-06-21,Cto Álava Verano Inf/Jun/Sub20/Sen,M,37.61;43.55,,
100 Braza,"SAEZ ONDEVILLA, Alex",2008,CN Menditxo,1:28.62,2026-06-21,Cto Álava Verano Inf/Jun/Sub20/Sen,M,40.63;47.99,,
100 Braza,"CONDE GARCIA, Aingeru",2010,CN Menditxo,1:29.48,2026-06-21,Cto Álava Verano Inf/Jun/Sub20/Sen,M,42.18;47.30,,
100 Braza,"RITUERTO PEREZ DEL NOTARIO, Iker",2007,CN Menditxo,1:07.09,2026-06-21,Cto Álava Verano Inf/Jun/Sub20/Sen,M,31.42;35.67,,
50 Mariposa,"FDZ. DE LABASTIDA DIAZ, Ainhize",2011,CN Menditxo,35.48,2026-06-21,Cto Álava Verano Inf/Jun/Sub20/Sen,F,,,
50 Mariposa,"GOMEZ MORAN, Naroa",2011,CN Urgain,35.65,2026-06-21,Cto Álava Verano Inf/Jun/Sub20/Sen,F,,,
50 Mariposa,"PULIDO CRESPO, Nahia",2011,CN Menditxo,35.76,2026-06-21,Cto Álava Verano Inf/Jun/Sub20/Sen,F,,,
50 Mariposa,"TABARES LERMA, Getari",2012,CN Zadorra,38.91,2026-06-21,Cto Álava Verano Inf/Jun/Sub20/Sen,F,,,
50 Mariposa,"ALONSO GARCIA, Adriana",2012,CN Zadorra,40.59,2026-06-21,Cto Álava Verano Inf/Jun/Sub20/Sen,F,,,
50 Mariposa,"DIAZ DE CERIO ABASOLO, Laida",2009,CN Judizmendi,30.23,2026-06-21,Cto Álava Verano Inf/Jun/Sub20/Sen,F,,,
50 Mariposa,"FERNANDEZ JORGE, Eider",2008,CN Menditxo,32.25,2026-06-21,Cto Álava Verano Inf/Jun/Sub20/Sen,F,,,
50 Mariposa,"GUZMAN BREDA, Uxue",2010,CN Judizmendi,32.94,2026-06-21,Cto Álava Verano Inf/Jun/Sub20/Sen,F,,,
50 Mariposa,"LOPEZ DE JUAN ABAD, Carla",2009,CN Menditxo,33.00,2026-06-21,Cto Álava Verano Inf/Jun/Sub20/Sen,F,,,
50 Mariposa,"BAZTAN ARANA, Maddi",2008,CN Judizmendi,33.30,2026-06-21,Cto Álava Verano Inf/Jun/Sub20/Sen,F,,,
50 Mariposa,"CIRRE MARTINEZ DE ALBENIZ, Irati",2010,CN Zadorra,34.03,2026-06-21,Cto Álava Verano Inf/Jun/Sub20/Sen,F,,,
50 Mariposa,"GONZALEZ ANGULO, Olatz",2008,CN Zadorra,34.34,2026-06-21,Cto Álava Verano Inf/Jun/Sub20/Sen,F,,,
50 Mariposa,"ANDRES HERNANDO, Nahia",2010,CN Judizmendi,34.65,2026-06-21,Cto Álava Verano Inf/Jun/Sub20/Sen,F,,,
50 Mariposa,"FERNANDEZ NISO, June",2010,CN Judizmendi,34.99,2026-06-21,Cto Álava Verano Inf/Jun/Sub20/Sen,F,,,
50 Mariposa,"SANCHEZ VICENTE, Nagore",2008,CN Zadorra,41.77,2026-06-21,Cto Álava Verano Inf/Jun/Sub20/Sen,F,,,
50 Mariposa,"MONDEJAR MOYA, Ekine",2007,CN Menditxo,27.25,2026-06-21,Cto Álava Verano Inf/Jun/Sub20/Sen,F,,,
50 Mariposa,"CASTELLANO LOPEZ, Maialen",2006,CN Menditxo,30.23,2026-06-21,Cto Álava Verano Inf/Jun/Sub20/Sen,F,,,
50 Mariposa,"URIGOITIA SAN ROMAN, Uxue",2006,CN Menditxo,32.75,2026-06-21,Cto Álava Verano Inf/Jun/Sub20/Sen,F,,,
50 Mariposa,"GOTXIKOA TORRECILLA, Ainhoa",2005,CN Menditxo,28.85,2026-06-21,Cto Álava Verano Inf/Jun/Sub20/Sen,F,,,
50 Mariposa,"PORTILLA GONZALEZ, Maria",1992,CN Urgain,39.96,2026-06-21,Cto Álava Verano Inf/Jun/Sub20/Sen,F,,,
50 Mariposa,"HERNANDEZ QUEREJAZU, John",2011,CN Menditxo,33.00,2026-06-21,Cto Álava Verano Inf/Jun/Sub20/Sen,M,,,
50 Mariposa,"ROS IRIARTE, Ekhi",2012,CN Urgain,41.51,2026-06-21,Cto Álava Verano Inf/Jun/Sub20/Sen,M,,,
50 Mariposa,"PEÑA BARCENA, Alvaro",2009,CN Menditxo,27.63,2026-06-21,Cto Álava Verano Inf/Jun/Sub20/Sen,M,,,
50 Mariposa,"URIARTE ORTIZ DE MENDIVIL, Galder",2010,CN Judizmendi,28.05,2026-06-21,Cto Álava Verano Inf/Jun/Sub20/Sen,M,,,
50 Mariposa,"GARCIA LUKE, Unai",2010,CN Judizmendi,29.58,2026-06-21,Cto Álava Verano Inf/Jun/Sub20/Sen,M,,,
50 Mariposa,"FZ RETANA GZ HEREDIA, Oier",2009,CN Judizmendi,30.19,2026-06-21,Cto Álava Verano Inf/Jun/Sub20/Sen,M,,,
50 Mariposa,"MONTORO RAMIREZ, Angel",2010,CN Menditxo,31.24,2026-06-21,Cto Álava Verano Inf/Jun/Sub20/Sen,M,,,
50 Mariposa,"RODRIGUEZ LÓPEZ DE VICUÑA, Jokin",2010,CN Judizmendi,31.47,2026-06-21,Cto Álava Verano Inf/Jun/Sub20/Sen,M,,,
50 Mariposa,"AGUIRRE ROMERO, Kirmen",2008,CN Urgain,32.21,2026-06-21,Cto Álava Verano Inf/Jun/Sub20/Sen,M,,,
50 Mariposa,"BASABEA OLABE, Oinatz",2010,CN Judizmendi,34.26,2026-06-21,Cto Álava Verano Inf/Jun/Sub20/Sen,M,,,
50 Mariposa,"DIAZ DE OTAZU ORAA, Urtzi",2009,CN Zadorra,35.99,2026-06-21,Cto Álava Verano Inf/Jun/Sub20/Sen,M,,,
50 Mariposa,"GUTIERREZ ARTOLA, Mikel",2009,CN Zadorra,36.64,2026-06-21,Cto Álava Verano Inf/Jun/Sub20/Sen,M,,,
50 Mariposa,"LOPEZ DE SABANDO GONZALEZ, Uztaritz",2006,CN Menditxo,26.75,2026-06-21,Cto Álava Verano Inf/Jun/Sub20/Sen,M,,,
50 Mariposa,"LOPEZ OCIO, Jon",2006,CN Urgain,31.21,2026-06-21,Cto Álava Verano Inf/Jun/Sub20/Sen,M,,,
50 Mariposa,"JAUSORO GONZALEZ, Martin",2006,CN Urgain,32.50,2026-06-21,Cto Álava Verano Inf/Jun/Sub20/Sen,M,,,
50 Mariposa,"MARIMON ANZOLA, Aritz",2005,CN Judizmendi,25.34,2026-06-21,Cto Álava Verano Inf/Jun/Sub20/Sen,M,,,
50 Mariposa,"OIARTZABAL GOIA, Beñat",1998,CN Urgain,26.20,2026-06-21,Cto Álava Verano Inf/Jun/Sub20/Sen,M,,,
50 Mariposa,"BARREDO LANSAC, Mikel",1996,CN Urgain,27.85,2026-06-21,Cto Álava Verano Inf/Jun/Sub20/Sen,M,,,
50 Mariposa,"ALBIZU LOPEZ DE GUEREÑU, Ruben",2005,CN Zadorra,32.20,2026-06-21,Cto Álava Verano Inf/Jun/Sub20/Sen,M,,,
50 Mariposa,"VALDERRAMA MARTIN, Oscar",2000,CN Judizmendi,35.06,2026-06-21,Cto Álava Verano Inf/Jun/Sub20/Sen,M,,,
50 Espalda,"HERRERO ALONSO, Izaro",2012,CN Judizmendi,,2026-02-01,Cto Álava Invierno Open,F,,DSQ,Llegada Irregular
50 Espalda,"CASTELLANO LOPEZ, Maialen",2006,CN Menditxo,,2026-02-01,Cto Álava Invierno Open,F,,DSQ,
50 Braza,"RAMIREZ DE OCARIZ VILOR, Markel",2012,CN Judizmendi,,2026-02-01,Cto Álava Invierno Open,M,,DSQ,Nado Irregular
200 Braza,"MZ DE SAN VICENTE LLANA, Markel",2009,CN Judizmendi,,2026-02-01,Cto Álava Invierno Open,M,,DSQ,Nado Irregular
100 Espalda,"GOYARROLA ARTOLA, Ayala",2012,CN Judizmendi,,2026-02-01,Cto Álava Invierno Open,F,,DSQ,
400 Estilos,"FDZ. DE LABASTIDA DIAZ, Ainhize",2011,CN Menditxo,,2026-02-01,Cto Álava Invierno Open,F,,DSQ,Viraje Irregular
400 Estilos,"MENDIA GAINZARAIN, Oihan",2011,CN Menditxo,,2026-02-01,Cto Álava Invierno Open,M,,DSQ,Nado Irregular
50 Libre,"MARTINEZ PRADO, Cielo",2010,CN Judizmendi,,2026-02-01,Cto Álava Invierno Open,F,,DSQ,Salida Anticipada
200 Estilos,"HERRANZ FDZ DE LANDA, Haizea",2011,CN Menditxo,,2026-02-01,Cto Álava Invierno Open,F,,DSQ,
200 Estilos,"MENDIA GAINZARAIN, Oihan",2011,CN Menditxo,,2026-02-01,Cto Álava Invierno Open,M,,DSQ,Nado Irregular
200 Estilos,"MARTINEZ MUZAS, Unax",2012,CN Judizmendi,,2026-02-01,Cto Álava Invierno Open,M,,DSQ,
100 Braza,"RODRIGUEZ GUINEA, Ane",2011,CN Zadorra,,2026-02-01,Cto Álava Invierno Open,F,,DSQ,
50 Mariposa,"DELGADO LOPO, Aizane",2006,CN Urgain,,2026-02-01,Cto Álava Invierno Open,F,,DSQ,Salida Anticipada
50 Libre,"GUZMAN BREDA, Uxue",2010,CN Judizmendi,,2026-06-21,Cto Álava Verano Inf/Jun/Sub20/Sen,F,,DSQ,Salida Anticipada
200 Estilos,"ALONSO GARCIA, Adriana",2012,CN Zadorra,,2026-06-21,Cto Álava Verano Inf/Jun/Sub20/Sen,F,,DSQ,
400 Libre,"ABAITUA PIPAON, Benat",2008,CN Judizmendi,4:38.98,2025-10-26,Getxo Saria,M,30.61;34.71;35.60;35.77;35.23;34.00;32.58;40.48,,
100 Libre,"ABAITUA PIPAON, Malen",2011,CN Judizmendi,1:04.91,2025-10-26,Getxo Saria,F,30.82;34.09,,
400 Libre,"ABAITUA PIPAON, Malen",2011,CN Judizmendi,4:54.23,2025-10-26,Getxo Saria,F,33.93;37.09;37.86;37.90;36.84;37.25;36.68;36.68,,
200 Libre,"AGIRREBALTZATEGI DURANA, Beñat",2002,CN Judizmendi,2:00.70,2025-10-26,Getxo Saria,M,28.07;31.31;31.07;30.25,,
50 Libre,"AGIRREBALTZATEGI DURANA, Beñat",2002,CN Judizmendi,24.06,2025-10-26,Getxo Saria,M,,,
50 Mariposa,"AGIRREBALTZATEGI DURANA, Beñat",2002,CN Judizmendi,25.55,2025-10-26,Getxo Saria,M,,,
100 Libre,"AGUIRRE SANCHEZ, Eider",2011,CN Judizmendi,1:01.18,2025-10-26,Getxo Saria,F,30.12;31.06,,
400 Libre,"AGUIRRE SANCHEZ, Eider",2011,CN Judizmendi,4:44.85,2025-10-26,Getxo Saria,F,32.61;35.64;36.61;36.67;36.94;36.44;36.05;33.89,,
400 Estilos,"BAZTAN ARANA, Maddi",2008,CN Judizmendi,5:37.62,2025-10-26,Getxo Saria,F,36.91;41.47;44.46;43.67;45.98;47.90;40.02;37.21,,
400 Libre,"BAZTAN ARANA, Maddi",2008,CN Judizmendi,5:00.88,2025-10-26,Getxo Saria,F,33.42;36.62;36.70;36.95;38.37;38.06;37.54;43.22,,
400 Libre,"DIAZ DE CERIO ABASOLO, Aitor",2008,CN Judizmendi,4:32.61,2025-10-26,Getxo Saria,M,30.73;34.26;34.57;34.72;34.58;34.77;34.68;34.30,,
200 Estilos,"ESPEJO MARTIN, Markel",2009,CN Judizmendi,2:18.60,2025-10-26,Getxo Saria,M,30.38;35.24;41.21;31.77,,
200 Libre,"ESPEJO MARTIN, Markel",2009,CN Judizmendi,2:03.38,2025-10-26,Getxo Saria,M,29.18;31.00;31.82;31.38,,
100 Libre,"GARAY SAENZ, Ixone",2011,CN Judizmendi,1:03.61,2025-10-26,Getxo Saria,F,30.68;32.93,,
400 Libre,"GARAY SAENZ, Ixone",2011,CN Judizmendi,4:57.40,2025-10-26,Getxo Saria,F,34.24;36.66;37.81;38.14;37.56;37.67;38.33;36.99,,
400 Libre,"GARCIA LUKE, Unai",2010,CN Judizmendi,4:34.98,2025-10-26,Getxo Saria,M,31.91;35.45;35.74;35.86;35.02;34.52;34.23;32.25,,
400 Libre,"HERNANDEZ CAÑO, Gonzalo",2010,CN Judizmendi,4:42.23,2025-10-26,Getxo Saria,M,32.42;35.12;36.06;35.81;35.28;35.46;36.40;35.68,,
400 Estilos,"LZ LUZURIAGA FZ RETANA, Maddi",2010,CN Judizmendi,5:34.30,2025-10-26,Getxo Saria,F,35.96;42.47;40.79;38.58;48.00;49.32;40.61;38.57,,
400 Libre,"LZ LUZURIAGA FZ RETANA, Maddi",2010,CN Judizmendi,5:05.06,2025-10-26,Getxo Saria,F,33.75;37.08;38.56;38.00;38.72;39.41;39.58;39.96,,
200 Estilos,"PUERTAS RIVAS, Urtzi",2010,CN Judizmendi,2:22.91,2025-10-26,Getxo Saria,M,31.84;34.82;42.20;34.05,,
200 Libre,"PUERTAS RIVAS, Urtzi",2010,CN Judizmendi,2:08.69,2025-10-26,Getxo Saria,M,30.31;32.93;33.35;32.10,,
1500 Libre,"RODRIGUEZ LÓPEZ DE VICUÑA, Jokin",2010,CN Judizmendi,18:18.54,2025-10-26,Getxo Saria,M,;1:08.27;;1:12.96;;1:13.77;;1:13.85;;1:13.65;;1:13.89;;1:14.28;;1:14.15;;1:14.30;;1:14.56;;1:13.69;;1:13.04;;1:13.33;;1:13.33;;1:11.47,,
400 Libre,"RODRIGUEZ LÓPEZ DE VICUÑA, Jokin",2010,CN Judizmendi,4:42.39,2025-10-26,Getxo Saria,M,31.93;35.30;36.30;36.61;36.38;36.39;35.63;33.85,,
1500 Libre,"URIARTE ORTIZ DE MENDIVIL, Galder",2010,CN Judizmendi,18:24.39,2025-10-26,Getxo Saria,M,;1:06.58;;1:12.72;;1:13.99;;1:13.87;;1:13.95;;1:14.21;;1:14.02;;1:14.10;;1:14.67;;1:14.30;;1:14.95;;1:14.88;;1:15.58;;1:14.53;;1:12.04,,
400 Libre,"URIARTE ORTIZ DE MENDIVIL, Galder",2010,CN Judizmendi,4:42.49,2025-10-26,Getxo Saria,M,32.43;34.46;35.60;36.46;36.85;36.58;36.23;33.88,,
100 Mariposa,"AGIRREBALTZATEGI DURANA, Beñat",2002,CN Judizmendi,57.80,2025-12-29,Trofeo Navidad Ordizia,M,26.96;30.84,,
50 Mariposa,"AGIRREBALTZATEGI DURANA, Beñat",2002,CN Judizmendi,25.19,2025-12-29,Trofeo Navidad Ordizia,M,,,
50 Libre,"BARREDO LANSAC, Mikel",1996,CN Urgain,25.46,2025-12-29,Trofeo Navidad Ordizia,M,,,
50 Mariposa,"BARREDO LANSAC, Mikel",1996,CN Urgain,28.38,2025-12-29,Trofeo Navidad Ordizia,M,,,
50 Braza,"ESPEJO MARTIN, Pablo",2005,CN Judizmendi,29.58,2025-12-29,Trofeo Navidad Ordizia,M,,,
50 Espalda,"ESPEJO MARTIN, Pablo",2005,CN Judizmendi,27.36,2025-12-29,Trofeo Navidad Ordizia,M,,,
100 Espalda,"LIZARDUY CASTILLO, Iris",2008,CN Menditxo,1:07.48,2025-12-29,Trofeo Navidad Ordizia,F,32.54;34.94,,
100 Mariposa,"LIZARDUY CASTILLO, Iris",2008,CN Menditxo,1:05.92,2025-12-29,Trofeo Navidad Ordizia,F,30.46;35.46,,
100 Mariposa,"LIZARDUY CASTILLO, Sergio",2006,CN Menditxo,58.18,2025-12-29,Trofeo Navidad Ordizia,M,27.32;30.86,,
50 Braza,"LIZARDUY CASTILLO, Sergio",2006,CN Menditxo,31.49,2025-12-29,Trofeo Navidad Ordizia,M,,,
100 Braza,"LOPEZ DE OCARIZ DE ALAVA, Sergio",2009,CN Judizmendi,1:04.46,2025-12-29,Trofeo Navidad Ordizia,M,30.70;33.76,,
200 Estilos,"LOPEZ DE OCARIZ DE ALAVA, Sergio",2009,CN Judizmendi,2:08.70,2025-12-29,Trofeo Navidad Ordizia,M,28.27;33.55;36.00;30.88,,
100 Braza,"MONDEJAR MOYA, Ekine",2007,CN Menditxo,1:11.86,2025-12-29,Trofeo Navidad Ordizia,F,34.02;37.84,,
50 Mariposa,"MONDEJAR MOYA, Ekine",2007,CN Menditxo,28.11,2025-12-29,Trofeo Navidad Ordizia,F,,,
100 Libre,"ORTEGA ENRIQUE, Nayra",2008,CN Menditxo,1:03.91,2025-12-29,Trofeo Navidad Ordizia,F,30.50;33.41,,
50 Libre,"ORTEGA ENRIQUE, Nayra",2008,CN Menditxo,28.06,2025-12-29,Trofeo Navidad Ordizia,F,,,
100 Espalda,"ORTEGA ENRIQUE, Yeray",2012,CN Menditxo,1:07.49,2025-12-29,Trofeo Navidad Ordizia,M,31.44;36.05,,
100 Braza,"ORTIZ DE PINEDO ARRIETA, Uxue",2007,CN Judizmendi,1:12.36,2025-12-29,Trofeo Navidad Ordizia,F,34.63;37.73,,
50 Braza,"ORTIZ DE PINEDO ARRIETA, Uxue",2007,CN Judizmendi,34.00,2025-12-29,Trofeo Navidad Ordizia,F,,,
200 Estilos,"ABAITUA PIPAON, Malen",2011,CN Judizmendi,2:39.15,2026-06-07,Gipuzkoa Open (50 m),F,33.67;41.34;47.88;36.26,,
400 Libre,"ABAITUA PIPAON, Malen",2011,CN Judizmendi,4:59.49,2026-06-07,Gipuzkoa Open (50 m),F,34.52;37.55;38.76;38.85;38.41;38.37;37.18;35.85,,
100 Libre,"AGIRREBALTZATEGI DURANA, Beñat",2002,CN Judizmendi,54.63,2026-06-07,Gipuzkoa Open (50 m),M,26.02;28.61,,
50 Mariposa,"AGIRREBALTZATEGI DURANA, Beñat",2002,CN Judizmendi,25.80,2026-06-07,Gipuzkoa Open (50 m),M,,,
200 Estilos,"AGUIRRE SANCHEZ, Eider",2011,CN Judizmendi,2:37.10,2026-06-07,Gipuzkoa Open (50 m),F,31.86;40.00;49.89;35.35,,
50 Libre,"AGUIRRE SANCHEZ, Eider",2011,CN Judizmendi,28.58,2026-06-07,Gipuzkoa Open (50 m),F,,,
100 Braza,"ANDRES HERNANDO, Nahia",2010,CN Judizmendi,1:32.34,2026-06-07,Gipuzkoa Open (50 m),F,43.37;48.97,,
400 Libre,"ANDRES HERNANDO, Nahia",2010,CN Judizmendi,5:21.49,2026-06-07,Gipuzkoa Open (50 m),F,36.40;39.67;40.44;41.42;40.75;41.56;40.52;40.73,,
50 Braza,"ANDRES HERNANDO, Nahia",2010,CN Judizmendi,42.53,2026-06-07,Gipuzkoa Open (50 m),F,,,
50 Mariposa,"ANDRES HERNANDO, Nahia",2010,CN Judizmendi,35.10,2026-06-07,Gipuzkoa Open (50 m),F,,,
200 Espalda,"ARMIÑO CRUCELEGUI, Alex",2011,CN Judizmendi,2:48.33,2026-06-07,Gipuzkoa Open (50 m),M,39.03;43.60;43.30;42.40,,
50 Espalda,"ARMIÑO CRUCELEGUI, Alex",2011,CN Judizmendi,35.74,2026-06-07,Gipuzkoa Open (50 m),M,,,
100 Braza,"BIDAURRATZAGA CHASCO, Sara",2010,CN Judizmendi,1:45.05,2026-06-07,Gipuzkoa Open (50 m),F,48.75;56.30,,
100 Braza,"CAUBILLA MARTIN, Eider",2008,CN Menditxo,1:24.96,2026-06-07,Gipuzkoa Open (50 m),F,39.70;45.26,,
50 Braza,"CAUBILLA MARTIN, Eider",2008,CN Menditxo,35.67,2026-06-07,Gipuzkoa Open (50 m),F,,,
50 Libre,"CAUBILLA MARTIN, Eider",2008,CN Menditxo,30.52,2026-06-07,Gipuzkoa Open (50 m),F,,,
50 Espalda,"COLLADO ARRANZ, Hegoi",2011,CN Judizmendi,35.41,2026-06-07,Gipuzkoa Open (50 m),M,,,
100 Braza,"DIAZ DE BERRIKANO BUESA, Xabier",2009,CN Judizmendi,1:18.85,2026-06-07,Gipuzkoa Open (50 m),M,37.22;41.63,,
200 Braza,"DIAZ DE BERRIKANO BUESA, Xabier",2009,CN Judizmendi,2:51.40,2026-06-07,Gipuzkoa Open (50 m),M,39.22;43.51;44.36;44.31,,
50 Braza,"DIAZ DE BERRIKANO BUESA, Xabier",2009,CN Judizmendi,35.76,2026-06-07,Gipuzkoa Open (50 m),M,,,
50 Braza,"DIAZ DE CERIO ABASOLO, Laida",2009,CN Judizmendi,37.30,2026-06-07,Gipuzkoa Open (50 m),F,,,
50 Libre,"DIAZ DE CERIO ABASOLO, Laida",2009,CN Judizmendi,30.23,2026-06-07,Gipuzkoa Open (50 m),F,,,
100 Espalda,"DURANA ANDA, Martina",2011,CN Judizmendi,1:17.66,2026-06-07,Gipuzkoa Open (50 m),F,38.20;39.46,,
50 Braza,"DURANA ANDA, Martina",2011,CN Judizmendi,40.34,2026-06-07,Gipuzkoa Open (50 m),F,,,
100 Espalda,"ESPEJO MARTIN, Markel",2009,CN Judizmendi,1:02.32,2026-06-07,Gipuzkoa Open (50 m),M,30.00;32.32,,
100 Libre,"ESPEJO MARTIN, Markel",2009,CN Judizmendi,57.61,2026-06-07,Gipuzkoa Open (50 m),M,27.77;29.84,,
400 Estilos,"ESPEJO MARTIN, Markel",2009,CN Judizmendi,5:14.94,2026-06-07,Gipuzkoa Open (50 m),M,33.24;37.90;43.16;41.23;43.19;43.52;37.76;34.94,,
50 Espalda,"ESPEJO MARTIN, Markel",2009,CN Judizmendi,29.05,2026-06-07,Gipuzkoa Open (50 m),M,,,
100 Braza,"ESPEJO MARTIN, Pablo",2005,CN Judizmendi,1:05.60,2026-06-07,Gipuzkoa Open (50 m),M,30.30;35.30,,
50 Braza,"ESPEJO MARTIN, Pablo",2005,CN Judizmendi,29.30,2026-06-07,Gipuzkoa Open (50 m),M,,,
100 Braza,"ETXEBARRIA SAEZ DE UGARTE, Eneko",2011,CN Judizmendi,1:21.91,2026-06-07,Gipuzkoa Open (50 m),M,38.94;42.97,,
50 Espalda,"ETXEBARRIA SAEZ DE UGARTE, Eneko",2011,CN Judizmendi,34.65,2026-06-07,Gipuzkoa Open (50 m),M,,,
200 Espalda,"FDZ. DE RETANA GONZALEZ DE HEREDIA, Xabier",2011,CN Judizmendi,2:30.06,2026-06-07,Gipuzkoa Open (50 m),M,35.04;37.63;39.25;38.14,,
200 Estilos,"FDZ. DE RETANA GONZALEZ DE HEREDIA, Xabier",2011,CN Judizmendi,2:33.79,2026-06-07,Gipuzkoa Open (50 m),M,33.25;40.00;45.20;35.34,,
100 Mariposa,"FERNANDEZ SAEZ, Martin",2011,CN Judizmendi,1:10.83,2026-06-07,Gipuzkoa Open (50 m),M,32.82;38.01,,
200 Braza,"FERNANDEZ SAEZ, Martin",2011,CN Judizmendi,2:56.90,2026-06-07,Gipuzkoa Open (50 m),M,40.98;44.32;46.71;44.89,,
100 Mariposa,"FZ RETANA GZ HEREDIA, Oier",2009,CN Judizmendi,1:11.53,2026-06-07,Gipuzkoa Open (50 m),M,33.21;38.32,,
100 Espalda,"GARAY SAENZ, Ixone",2011,CN Judizmendi,1:15.72,2026-06-07,Gipuzkoa Open (50 m),F,36.70;39.02,,
200 Libre,"GARAY SAENZ, Ixone",2011,CN Judizmendi,2:23.65,2026-06-07,Gipuzkoa Open (50 m),F,33.37;36.09;37.18;37.01,,
50 Espalda,"GARCIA DE LOMANA VESGA, Nacho",2010,CN Menditxo,28.16,2026-06-07,Gipuzkoa Open (50 m),M,,,
200 Libre,"GARCIA LUKE, Unai",2010,CN Judizmendi,2:11.15,2026-06-07,Gipuzkoa Open (50 m),M,29.98;32.86;34.43;33.88,,
400 Libre,"GARCIA LUKE, Unai",2010,CN Judizmendi,4:40.36,2026-06-07,Gipuzkoa Open (50 m),M,30.60;35.06;35.66;36.12;35.90;35.98;35.87;35.17,,
50 Braza,"GARCIA LUKE, Unai",2010,CN Judizmendi,34.95,2026-06-07,Gipuzkoa Open (50 m),M,,,
50 Mariposa,"GARCIA LUKE, Unai",2010,CN Judizmendi,30.10,2026-06-07,Gipuzkoa Open (50 m),M,,,
100 Libre,"GIL ALLAFLOR, Inigo",2006,CN Judizmendi,55.33,2026-06-07,Gipuzkoa Open (50 m),M,26.75;28.58,,
100 Mariposa,"GIL ALLAFLOR, Inigo",2006,CN Judizmendi,58.77,2026-06-07,Gipuzkoa Open (50 m),M,27.22;31.55,,
50 Libre,"GIL ALLAFLOR, Inigo",2006,CN Judizmendi,24.53,2026-06-07,Gipuzkoa Open (50 m),M,,,
50 Mariposa,"GIL ALLAFLOR, Inigo",2006,CN Judizmendi,25.66,2026-06-07,Gipuzkoa Open (50 m),M,,,
100 Espalda,"GUZMAN BREDA, Uxue",2010,CN Judizmendi,1:15.38,2026-06-07,Gipuzkoa Open (50 m),F,36.73;38.65,,
100 Libre,"GUZMAN BREDA, Uxue",2010,CN Judizmendi,1:05.96,2026-06-07,Gipuzkoa Open (50 m),F,31.60;34.36,,
50 Espalda,"GUZMAN BREDA, Uxue",2010,CN Judizmendi,34.46,2026-06-07,Gipuzkoa Open (50 m),F,,,
50 Libre,"GUZMAN BREDA, Uxue",2010,CN Judizmendi,30.41,2026-06-07,Gipuzkoa Open (50 m),F,,,
200 Mariposa,"LIZARDUY CASTILLO, Iris",2008,CN Menditxo,2:26.88,2026-06-07,Gipuzkoa Open (50 m),F,33.27;36.85;39.50;37.26,,
400 Estilos,"LIZARDUY CASTILLO, Iris",2008,CN Menditxo,5:14.36,2026-06-07,Gipuzkoa Open (50 m),F,33.35;37.27;40.63;40.34;44.40;45.18;35.83;37.36,,
400 Libre,"LIZARDUY CASTILLO, Iris",2008,CN Menditxo,4:51.62,2026-06-07,Gipuzkoa Open (50 m),F,33.52;36.40;36.71;38.33;36.07;37.82;37.72;35.05,,
50 Braza,"LIZARDUY CASTILLO, Iris",2008,CN Menditxo,34.50,2026-06-07,Gipuzkoa Open (50 m),F,,,
100 Mariposa,"LOPEZ DE OCARIZ DE ALAVA, Sergio",2009,CN Judizmendi,59.84,2026-06-07,Gipuzkoa Open (50 m),M,27.64;32.20,,
400 Libre,"LOPEZ DE OCARIZ DE ALAVA, Sergio",2009,CN Judizmendi,4:25.82,2026-06-07,Gipuzkoa Open (50 m),M,30.31;33.40;35.20;34.68;34.45;34.14;32.36;31.28,,
50 Libre,"LOPEZ DE OCARIZ DE ALAVA, Sergio",2009,CN Judizmendi,25.33,2026-06-07,Gipuzkoa Open (50 m),M,,,
50 Mariposa,"LOPEZ DE OCARIZ DE ALAVA, Sergio",2009,CN Judizmendi,26.06,2026-06-07,Gipuzkoa Open (50 m),M,,,
100 Mariposa,"LOPEZ DE SABANDO GONZALEZ, Uztaritz",2006,CN Menditxo,1:00.60,2026-06-07,Gipuzkoa Open (50 m),M,28.14;32.46,,
50 Mariposa,"LOPEZ DE SABANDO GONZALEZ, Uztaritz",2006,CN Menditxo,26.21,2026-06-07,Gipuzkoa Open (50 m),M,,,
200 Estilos,"LZ LUZURIAGA FZ RETANA, Maddi",2010,CN Judizmendi,2:44.45,2026-06-07,Gipuzkoa Open (50 m),F,35.15;41.39;49.11;38.80,,
200 Libre,"LZ LUZURIAGA FZ RETANA, Maddi",2010,CN Judizmendi,2:33.57,2026-06-07,Gipuzkoa Open (50 m),F,35.85;38.86;40.08;38.78,,
50 Espalda,"LZ LUZURIAGA FZ RETANA, Maddi",2010,CN Judizmendi,34.40,2026-06-07,Gipuzkoa Open (50 m),F,,,
100 Libre,"MARIMON ANZOLA, Aritz",2005,CN Judizmendi,56.10,2026-06-07,Gipuzkoa Open (50 m),M,27.34;28.76,,
100 Mariposa,"MARIMON ANZOLA, Aritz",2005,CN Judizmendi,57.54,2026-06-07,Gipuzkoa Open (50 m),M,26.27;31.27,,
50 Mariposa,"MARIMON ANZOLA, Aritz",2005,CN Judizmendi,25.44,2026-06-07,Gipuzkoa Open (50 m),M,,,
100 Espalda,"MARTINEZ PRADO, Cielo",2010,CN Judizmendi,1:26.60,2026-06-07,Gipuzkoa Open (50 m),F,42.25;44.35,,
100 Mariposa,"MARTINEZ PRADO, Cielo",2010,CN Judizmendi,1:25.31,2026-06-07,Gipuzkoa Open (50 m),F,37.57;47.74,,
200 Braza,"NANCLARES IBARGUTXI, Xabier",2003,CN Judizmendi,2:30.49,2026-06-07,Gipuzkoa Open (50 m),M,34.08;38.02;38.60;39.79,,
100 Espalda,"ORTEGA ENRIQUE, Yeray",2012,CN Menditxo,1:05.27,2026-06-07,Gipuzkoa Open (50 m),M,31.22;34.05,,
200 Espalda,"ORTEGA ENRIQUE, Yeray",2012,CN Menditxo,2:22.09,2026-06-07,Gipuzkoa Open (50 m),M,32.78;35.86;36.69;36.76,,
50 Espalda,"ORTEGA ENRIQUE, Yeray",2012,CN Menditxo,30.41,2026-06-07,Gipuzkoa Open (50 m),M,,,
50 Libre,"ORTEGA ENRIQUE, Yeray",2012,CN Menditxo,26.63,2026-06-07,Gipuzkoa Open (50 m),M,,,
100 Braza,"ORTIZ DE PINEDO ARRIETA, Uxue",2007,CN Judizmendi,1:14.94,2026-06-07,Gipuzkoa Open (50 m),F,36.13;38.81,,
200 Estilos,"ORTIZ DE PINEDO ARRIETA, Uxue",2007,CN Judizmendi,2:34.92,2026-06-07,Gipuzkoa Open (50 m),F,34.18;43.21;40.84;36.69,,
50 Braza,"ORTIZ DE PINEDO ARRIETA, Uxue",2007,CN Judizmendi,35.07,2026-06-07,Gipuzkoa Open (50 m),F,,,
100 Mariposa,"PEÑA BARCENA, Alvaro",2009,CN Menditxo,1:01.66,2026-06-07,Gipuzkoa Open (50 m),M,28.55;33.11,,
200 Estilos,"PEÑA BARCENA, Alvaro",2009,CN Menditxo,2:24.39,2026-06-07,Gipuzkoa Open (50 m),M,29.75;36.85;43.96;33.83,,
50 Mariposa,"PEÑA BARCENA, Alvaro",2009,CN Menditxo,27.67,2026-06-07,Gipuzkoa Open (50 m),M,,,
100 Braza,"PINILLA SOLETO, Naia",2011,CN Menditxo,1:27.17,2026-06-07,Gipuzkoa Open (50 m),F,40.73;46.44,,
50 Braza,"PINILLA SOLETO, Naia",2011,CN Menditxo,39.14,2026-06-07,Gipuzkoa Open (50 m),F,,,
200 Espalda,"PUERTAS RIVAS, Aratz",2011,CN Judizmendi,2:29.98,2026-06-07,Gipuzkoa Open (50 m),M,35.22;37.33;38.68;38.75,,
50 Espalda,"PUERTAS RIVAS, Aratz",2011,CN Judizmendi,33.54,2026-06-07,Gipuzkoa Open (50 m),M,,,
100 Braza,"PUERTAS RIVAS, Urtzi",2010,CN Judizmendi,1:12.60,2026-06-07,Gipuzkoa Open (50 m),M,34.63;37.97,,
200 Braza,"PUERTAS RIVAS, Urtzi",2010,CN Judizmendi,2:31.80,2026-06-07,Gipuzkoa Open (50 m),M,34.17;38.08;39.33;40.22,,
50 Braza,"PUERTAS RIVAS, Urtzi",2010,CN Judizmendi,32.96,2026-06-07,Gipuzkoa Open (50 m),M,,,
50 Espalda,"PUERTAS RIVAS, Urtzi",2010,CN Judizmendi,30.10,2026-06-07,Gipuzkoa Open (50 m),M,,,
50 Braza,"RITUERTO PEREZ DEL NOTARIO, Iker",2007,CN Menditxo,31.62,2026-06-07,Gipuzkoa Open (50 m),M,,,
100 Braza,"RODRIGUEZ DE YURRE BUESA, Amaia",2010,CN Judizmendi,1:24.07,2026-06-07,Gipuzkoa Open (50 m),F,39.50;44.57,,
100 Libre,"RODRIGUEZ DE YURRE BUESA, Amaia",2010,CN Judizmendi,1:05.88,2026-06-07,Gipuzkoa Open (50 m),F,31.98;33.90,,
200 Libre,"RODRIGUEZ DE YURRE BUESA, Amaia",2010,CN Judizmendi,2:21.20,2026-06-07,Gipuzkoa Open (50 m),F,33.34;36.00;36.78;35.08,,
50 Braza,"RODRIGUEZ DE YURRE BUESA, Amaia",2010,CN Judizmendi,39.46,2026-06-07,Gipuzkoa Open (50 m),F,,,
100 Mariposa,"RODRIGUEZ LÓPEZ DE VICUÑA, Jokin",2010,CN Judizmendi,1:12.00,2026-06-07,Gipuzkoa Open (50 m),M,32.97;39.03,,
200 Estilos,"RODRIGUEZ LÓPEZ DE VICUÑA, Jokin",2010,CN Judizmendi,2:31.94,2026-06-07,Gipuzkoa Open (50 m),M,32.27;40.92;46.35;32.40,,
200 Libre,"RODRIGUEZ LÓPEZ DE VICUÑA, Jokin",2010,CN Judizmendi,2:12.65,2026-06-07,Gipuzkoa Open (50 m),M,30.87;33.53;34.36;33.89,,
100 Mariposa,"URIARTE ORTIZ DE MENDIVIL, Galder",2010,CN Judizmendi,1:04.12,2026-06-07,Gipuzkoa Open (50 m),M,29.58;34.54,,
1500 Libre,"URIARTE ORTIZ DE MENDIVIL, Galder",2010,CN Judizmendi,18:35.67,2026-06-07,Gipuzkoa Open (50 m),M,33.05;36.39;36.47;37.41;37.14;38.01;37.13;37.94;38.02;38.16;37.72;37.89;38.02;38.07;37.36;38.25;37.61;37.80;38.40;37.72;36.93;37.08;37.38;36.93;37.17;38.11;36.95;36.83;36.02;33.71,,
50 Mariposa,"URIARTE ORTIZ DE MENDIVIL, Galder",2010,CN Judizmendi,28.40,2026-06-07,Gipuzkoa Open (50 m),M,,,
100 Libre,"ZUGAZAGA GARAGALZA, Urko",2005,CN Judizmendi,53.76,2026-06-07,Gipuzkoa Open (50 m),M,26.03;27.73,,
